-- ============================================================
-- seed.sql
-- Dados enxutos, realistas e consistentes
-- ============================================================

USE competicao_esportiva;

DELETE FROM Arbitro_Partida WHERE id_arbitro_partida > 0;
DELETE FROM Pontuacoes_Atletas WHERE id_pontuacao > 0;
DELETE FROM Evento_Partida WHERE id_evento > 0;
DELETE FROM Resultado_Partida WHERE id_resultado > 0;
DELETE FROM Partida WHERE id_partida > 0;
DELETE FROM Atleta_Equipe WHERE id_atleta_equipe > 0;
DELETE FROM Equipe_Campeonato WHERE id_equipe_campeonato > 0;
DELETE FROM Atleta WHERE id_atleta > 0;
DELETE FROM Arbitro WHERE id_arbitro > 0;
DELETE FROM Estadio WHERE id_estadio > 0;
DELETE FROM Equipe WHERE id_equipe > 0;
DELETE FROM Campeonato WHERE id_campeonato > 0;
DELETE FROM Temporada WHERE id_temporada > 0;
DELETE FROM Genero WHERE id_genero > 0;
DELETE FROM Categoria WHERE id_categoria > 0;
DELETE FROM Modalidade WHERE id_modalidade > 0;

-- Modalidade
INSERT INTO Modalidade (id_modalidade, nome, tipo_resultado, descricao, ativo) VALUES (1, 'Futebol', 'gols', 'Futebol de campo', TRUE);
INSERT INTO Modalidade (id_modalidade, nome, tipo_resultado, descricao, ativo) VALUES (2, 'Futsal', 'gols', 'Futebol de salao', TRUE);
INSERT INTO Modalidade (id_modalidade, nome, tipo_resultado, descricao, ativo) VALUES (3, 'Basquete', 'pontos', 'Basquete em quadra', TRUE);
INSERT INTO Modalidade (id_modalidade, nome, tipo_resultado, descricao, ativo) VALUES (4, 'Rugby', 'pontos', 'Rugby de campo', TRUE);
INSERT INTO Modalidade (id_modalidade, nome, tipo_resultado, descricao, ativo) VALUES (5, 'Voleibol', 'sets', 'Voleibol de quadra', TRUE);
INSERT INTO Modalidade (id_modalidade, nome, tipo_resultado, descricao, ativo) VALUES (6, 'Handebol', 'gols', 'Handebol de quadra', TRUE);
INSERT INTO Modalidade (id_modalidade, nome, tipo_resultado, descricao, ativo) VALUES (7, 'Tenis', 'games', 'Tenis de quadra', TRUE);
INSERT INTO Modalidade (id_modalidade, nome, tipo_resultado, descricao, ativo) VALUES (8, 'Natacao', 'tempo', 'Provas de natacao', TRUE);

-- Categoria
INSERT INTO Categoria (id_categoria, nome, idade_minima, idade_maxima, descricao, ativo) VALUES (1, 'Sub-11', 9, 11, 'Categoria ate 11 anos', TRUE);
INSERT INTO Categoria (id_categoria, nome, idade_minima, idade_maxima, descricao, ativo) VALUES (2, 'Sub-13', 11, 13, 'Categoria ate 13 anos', TRUE);
INSERT INTO Categoria (id_categoria, nome, idade_minima, idade_maxima, descricao, ativo) VALUES (3, 'Sub-15', 13, 15, 'Categoria ate 15 anos', TRUE);
INSERT INTO Categoria (id_categoria, nome, idade_minima, idade_maxima, descricao, ativo) VALUES (4, 'Sub-17', 15, 17, 'Categoria ate 17 anos', TRUE);
INSERT INTO Categoria (id_categoria, nome, idade_minima, idade_maxima, descricao, ativo) VALUES (5, 'Adulto', 18, NULL, 'Categoria adulta', TRUE);
INSERT INTO Categoria (id_categoria, nome, idade_minima, idade_maxima, descricao, ativo) VALUES (6, 'Sub-20', 17, 20, 'Categoria ate 20 anos', TRUE);
INSERT INTO Categoria (id_categoria, nome, idade_minima, idade_maxima, descricao, ativo) VALUES (7, 'Universitario', 18, 25, 'Categoria universitaria', TRUE);
INSERT INTO Categoria (id_categoria, nome, idade_minima, idade_maxima, descricao, ativo) VALUES (8, 'Master', 35, NULL, 'Categoria master', TRUE);

-- Genero
INSERT INTO Genero (id_genero, sigla, nome, ativo) VALUES (1, 'M', 'Masculino', TRUE);
INSERT INTO Genero (id_genero, sigla, nome, ativo) VALUES (2, 'F', 'Feminino', TRUE);

-- Temporada
INSERT INTO Temporada (id_temporada, ano, nome, data_inicio, data_fim, situacao) VALUES (1, 2006, 'Temporada 2006', '2006-03-01', '2006-11-30', 'finalizada');
INSERT INTO Temporada (id_temporada, ano, nome, data_inicio, data_fim, situacao) VALUES (2, 2007, 'Temporada 2007', '2007-03-01', '2007-11-30', 'finalizada');
INSERT INTO Temporada (id_temporada, ano, nome, data_inicio, data_fim, situacao) VALUES (3, 2008, 'Temporada 2008', '2008-03-01', '2008-11-30', 'finalizada');
INSERT INTO Temporada (id_temporada, ano, nome, data_inicio, data_fim, situacao) VALUES (4, 2009, 'Temporada 2009', '2009-03-01', '2009-11-30', 'finalizada');
INSERT INTO Temporada (id_temporada, ano, nome, data_inicio, data_fim, situacao) VALUES (5, 2010, 'Temporada 2010', '2010-03-01', '2010-11-30', 'finalizada');
INSERT INTO Temporada (id_temporada, ano, nome, data_inicio, data_fim, situacao) VALUES (6, 2011, 'Temporada 2011', '2011-03-01', '2011-11-30', 'finalizada');
INSERT INTO Temporada (id_temporada, ano, nome, data_inicio, data_fim, situacao) VALUES (7, 2012, 'Temporada 2012', '2012-03-01', '2012-11-30', 'finalizada');
INSERT INTO Temporada (id_temporada, ano, nome, data_inicio, data_fim, situacao) VALUES (8, 2013, 'Temporada 2013', '2013-03-01', '2013-11-30', 'finalizada');
INSERT INTO Temporada (id_temporada, ano, nome, data_inicio, data_fim, situacao) VALUES (9, 2014, 'Temporada 2014', '2014-03-01', '2014-11-30', 'finalizada');
INSERT INTO Temporada (id_temporada, ano, nome, data_inicio, data_fim, situacao) VALUES (10, 2015, 'Temporada 2015', '2015-03-01', '2015-11-30', 'finalizada');
INSERT INTO Temporada (id_temporada, ano, nome, data_inicio, data_fim, situacao) VALUES (11, 2016, 'Temporada 2016', '2016-03-01', '2016-11-30', 'finalizada');
INSERT INTO Temporada (id_temporada, ano, nome, data_inicio, data_fim, situacao) VALUES (12, 2017, 'Temporada 2017', '2017-03-01', '2017-11-30', 'finalizada');
INSERT INTO Temporada (id_temporada, ano, nome, data_inicio, data_fim, situacao) VALUES (13, 2018, 'Temporada 2018', '2018-03-01', '2018-11-30', 'finalizada');
INSERT INTO Temporada (id_temporada, ano, nome, data_inicio, data_fim, situacao) VALUES (14, 2019, 'Temporada 2019', '2019-03-01', '2019-11-30', 'finalizada');
INSERT INTO Temporada (id_temporada, ano, nome, data_inicio, data_fim, situacao) VALUES (15, 2020, 'Temporada 2020', '2020-03-01', '2020-11-30', 'finalizada');
INSERT INTO Temporada (id_temporada, ano, nome, data_inicio, data_fim, situacao) VALUES (16, 2021, 'Temporada 2021', '2021-03-01', '2021-11-30', 'finalizada');
INSERT INTO Temporada (id_temporada, ano, nome, data_inicio, data_fim, situacao) VALUES (17, 2022, 'Temporada 2022', '2022-03-01', '2022-11-30', 'finalizada');
INSERT INTO Temporada (id_temporada, ano, nome, data_inicio, data_fim, situacao) VALUES (18, 2023, 'Temporada 2023', '2023-03-01', '2023-11-30', 'finalizada');
INSERT INTO Temporada (id_temporada, ano, nome, data_inicio, data_fim, situacao) VALUES (19, 2024, 'Temporada 2024', '2024-03-01', '2024-11-30', 'finalizada');
INSERT INTO Temporada (id_temporada, ano, nome, data_inicio, data_fim, situacao) VALUES (20, 2025, 'Temporada 2025', '2025-03-01', '2025-11-30', 'em andamento');

-- Campeonato
INSERT INTO Campeonato (id_campeonato, id_modalidade, id_categoria, id_genero, id_temporada, nome, formato, situacao, data_inicio, data_fim, descricao) VALUES (1, 1, 5, 1, 11, 'Campeonato de Futebol Amador da Cidade 2016', 'pontos corridos', 'finalizado', '2016-03-10', '2016-10-20', 'campeonato oficial');
INSERT INTO Campeonato (id_campeonato, id_modalidade, id_categoria, id_genero, id_temporada, nome, formato, situacao, data_inicio, data_fim, descricao) VALUES (2, 1, 5, 1, 12, 'Campeonato de Futebol Amador da Cidade 2017', 'pontos corridos', 'finalizado', '2017-03-10', '2017-10-20', 'campeonato oficial');
INSERT INTO Campeonato (id_campeonato, id_modalidade, id_categoria, id_genero, id_temporada, nome, formato, situacao, data_inicio, data_fim, descricao) VALUES (3, 1, 5, 1, 13, 'Campeonato de Futebol Amador da Cidade 2018', 'pontos corridos', 'finalizado', '2018-03-10', '2018-10-20', 'campeonato oficial');
INSERT INTO Campeonato (id_campeonato, id_modalidade, id_categoria, id_genero, id_temporada, nome, formato, situacao, data_inicio, data_fim, descricao) VALUES (4, 1, 5, 1, 14, 'Campeonato de Futebol Amador da Cidade 2019', 'pontos corridos', 'finalizado', '2019-03-10', '2019-10-20', 'campeonato oficial');
INSERT INTO Campeonato (id_campeonato, id_modalidade, id_categoria, id_genero, id_temporada, nome, formato, situacao, data_inicio, data_fim, descricao) VALUES (5, 1, 5, 1, 15, 'Campeonato de Futebol Amador da Cidade 2020', 'pontos corridos', 'finalizado', '2020-03-10', '2020-10-20', 'campeonato oficial');
INSERT INTO Campeonato (id_campeonato, id_modalidade, id_categoria, id_genero, id_temporada, nome, formato, situacao, data_inicio, data_fim, descricao) VALUES (6, 1, 5, 1, 16, 'Campeonato de Futebol Amador da Cidade 2021', 'pontos corridos', 'finalizado', '2021-03-10', '2021-10-20', 'campeonato oficial');
INSERT INTO Campeonato (id_campeonato, id_modalidade, id_categoria, id_genero, id_temporada, nome, formato, situacao, data_inicio, data_fim, descricao) VALUES (7, 1, 5, 1, 17, 'Campeonato de Futebol Amador da Cidade 2022', 'pontos corridos', 'finalizado', '2022-03-10', '2022-10-20', 'campeonato oficial');
INSERT INTO Campeonato (id_campeonato, id_modalidade, id_categoria, id_genero, id_temporada, nome, formato, situacao, data_inicio, data_fim, descricao) VALUES (8, 1, 5, 1, 18, 'Campeonato de Futebol Amador da Cidade 2023', 'pontos corridos', 'finalizado', '2023-03-10', '2023-10-20', 'campeonato oficial');
INSERT INTO Campeonato (id_campeonato, id_modalidade, id_categoria, id_genero, id_temporada, nome, formato, situacao, data_inicio, data_fim, descricao) VALUES (9, 1, 5, 1, 19, 'Campeonato de Futebol Amador da Cidade 2024', 'pontos corridos', 'finalizado', '2024-03-10', '2024-10-20', 'campeonato oficial');
INSERT INTO Campeonato (id_campeonato, id_modalidade, id_categoria, id_genero, id_temporada, nome, formato, situacao, data_inicio, data_fim, descricao) VALUES (10, 1, 5, 1, 20, 'Campeonato de Futebol Amador da Cidade 2025', 'pontos corridos', 'em andamento', '2025-03-10', '2025-10-20', 'campeonato oficial');
INSERT INTO Campeonato (id_campeonato, id_modalidade, id_categoria, id_genero, id_temporada, nome, formato, situacao, data_inicio, data_fim, descricao) VALUES (11, 1, 1, 1, 19, 'Copa Municipal de Futebol Sub-11 Masculino 2024', 'pontos corridos', 'finalizado', '2024-03-10', '2024-10-20', 'campeonato oficial');
INSERT INTO Campeonato (id_campeonato, id_modalidade, id_categoria, id_genero, id_temporada, nome, formato, situacao, data_inicio, data_fim, descricao) VALUES (12, 1, 2, 1, 19, 'Copa Municipal de Futebol Sub-13 Masculino 2024', 'pontos corridos', 'finalizado', '2024-03-10', '2024-10-20', 'campeonato oficial');
INSERT INTO Campeonato (id_campeonato, id_modalidade, id_categoria, id_genero, id_temporada, nome, formato, situacao, data_inicio, data_fim, descricao) VALUES (13, 1, 3, 1, 19, 'Copa Municipal de Futebol Sub-15 Masculino 2024', 'pontos corridos', 'finalizado', '2024-03-10', '2024-10-20', 'campeonato oficial');
INSERT INTO Campeonato (id_campeonato, id_modalidade, id_categoria, id_genero, id_temporada, nome, formato, situacao, data_inicio, data_fim, descricao) VALUES (14, 1, 4, 1, 19, 'Copa Municipal de Futebol Sub-17 Masculino 2024', 'pontos corridos', 'finalizado', '2024-03-10', '2024-10-20', 'campeonato oficial');
INSERT INTO Campeonato (id_campeonato, id_modalidade, id_categoria, id_genero, id_temporada, nome, formato, situacao, data_inicio, data_fim, descricao) VALUES (15, 5, 5, 2, 16, 'Liga Brasileira de Voleibol Adulto Feminino 2021', 'pontos corridos', 'finalizado', '2021-03-10', '2021-10-20', 'campeonato oficial');
INSERT INTO Campeonato (id_campeonato, id_modalidade, id_categoria, id_genero, id_temporada, nome, formato, situacao, data_inicio, data_fim, descricao) VALUES (16, 5, 5, 2, 17, 'Liga Brasileira de Voleibol Adulto Feminino 2022', 'pontos corridos', 'finalizado', '2022-03-10', '2022-10-20', 'campeonato oficial');
INSERT INTO Campeonato (id_campeonato, id_modalidade, id_categoria, id_genero, id_temporada, nome, formato, situacao, data_inicio, data_fim, descricao) VALUES (17, 5, 5, 2, 18, 'Liga Brasileira de Voleibol Adulto Feminino 2023', 'pontos corridos', 'finalizado', '2023-03-10', '2023-10-20', 'campeonato oficial');
INSERT INTO Campeonato (id_campeonato, id_modalidade, id_categoria, id_genero, id_temporada, nome, formato, situacao, data_inicio, data_fim, descricao) VALUES (18, 5, 5, 2, 19, 'Liga Brasileira de Voleibol Adulto Feminino 2024', 'pontos corridos', 'finalizado', '2024-03-10', '2024-10-20', 'campeonato oficial');
INSERT INTO Campeonato (id_campeonato, id_modalidade, id_categoria, id_genero, id_temporada, nome, formato, situacao, data_inicio, data_fim, descricao) VALUES (19, 5, 5, 2, 20, 'Liga Brasileira de Voleibol Adulto Feminino 2025', 'pontos corridos', 'em andamento', '2025-03-10', '2025-10-20', 'campeonato oficial');
INSERT INTO Campeonato (id_campeonato, id_modalidade, id_categoria, id_genero, id_temporada, nome, formato, situacao, data_inicio, data_fim, descricao) VALUES (20, 3, 1, 1, 20, 'Liga Brasileira de Basquete Sub-11 Masculino 2025', 'pontos corridos', 'em andamento', '2025-03-10', '2025-10-20', 'campeonato oficial');
INSERT INTO Campeonato (id_campeonato, id_modalidade, id_categoria, id_genero, id_temporada, nome, formato, situacao, data_inicio, data_fim, descricao) VALUES (21, 3, 2, 1, 20, 'Liga Brasileira de Basquete Sub-13 Masculino 2025', 'pontos corridos', 'em andamento', '2025-03-10', '2025-10-20', 'campeonato oficial');
INSERT INTO Campeonato (id_campeonato, id_modalidade, id_categoria, id_genero, id_temporada, nome, formato, situacao, data_inicio, data_fim, descricao) VALUES (22, 3, 3, 1, 20, 'Liga Brasileira de Basquete Sub-15 Masculino 2025', 'pontos corridos', 'em andamento', '2025-03-10', '2025-10-20', 'campeonato oficial');
INSERT INTO Campeonato (id_campeonato, id_modalidade, id_categoria, id_genero, id_temporada, nome, formato, situacao, data_inicio, data_fim, descricao) VALUES (23, 3, 4, 1, 20, 'Liga Brasileira de Basquete Sub-17 Masculino 2025', 'pontos corridos', 'em andamento', '2025-03-10', '2025-10-20', 'campeonato oficial');
INSERT INTO Campeonato (id_campeonato, id_modalidade, id_categoria, id_genero, id_temporada, nome, formato, situacao, data_inicio, data_fim, descricao) VALUES (24, 3, 5, 1, 20, 'Liga Brasileira de Basquete Adulto Masculino 2025', 'pontos corridos', 'em andamento', '2025-03-10', '2025-10-20', 'campeonato oficial');
INSERT INTO Campeonato (id_campeonato, id_modalidade, id_categoria, id_genero, id_temporada, nome, formato, situacao, data_inicio, data_fim, descricao) VALUES (25, 4, 5, 1, 20, 'Circuito Nacional de Rugby Adulto Masculino 2025', 'pontos corridos', 'em andamento', '2025-03-10', '2025-10-20', 'campeonato oficial');
INSERT INTO Campeonato (id_campeonato, id_modalidade, id_categoria, id_genero, id_temporada, nome, formato, situacao, data_inicio, data_fim, descricao) VALUES (26, 4, 5, 2, 20, 'Circuito Nacional de Rugby Adulto Feminino 2025', 'pontos corridos', 'em andamento', '2025-03-10', '2025-10-20', 'campeonato oficial');
INSERT INTO Campeonato (id_campeonato, id_modalidade, id_categoria, id_genero, id_temporada, nome, formato, situacao, data_inicio, data_fim, descricao) VALUES (27, 2, 5, 1, 20, 'Copa Nacional de Futsal Adulto Masculino 2025', 'pontos corridos', 'em andamento', '2025-03-10', '2025-10-20', 'campeonato oficial');
INSERT INTO Campeonato (id_campeonato, id_modalidade, id_categoria, id_genero, id_temporada, nome, formato, situacao, data_inicio, data_fim, descricao) VALUES (28, 2, 5, 2, 20, 'Copa Nacional de Futsal Adulto Feminino 2025', 'pontos corridos', 'em andamento', '2025-03-10', '2025-10-20', 'campeonato oficial');

-- Equipe
INSERT INTO Equipe (id_equipe, nome, cidade, estado, pais, data_fundacao, ativo) VALUES (1, 'Atletico Paulistano', 'Sao Paulo', 'SP', 'Brasil', '1981-02-02', TRUE);
INSERT INTO Equipe (id_equipe, nome, cidade, estado, pais, data_fundacao, ativo) VALUES (2, 'Uniao Campinas', 'Campinas', 'SP', 'Brasil', '1982-03-03', TRUE);
INSERT INTO Equipe (id_equipe, nome, cidade, estado, pais, data_fundacao, ativo) VALUES (3, 'Santos Praiano', 'Santos', 'SP', 'Brasil', '1983-04-04', TRUE);
INSERT INTO Equipe (id_equipe, nome, cidade, estado, pais, data_fundacao, ativo) VALUES (4, 'Ribeirao Preto FC', 'Ribeirao Preto', 'SP', 'Brasil', '1984-05-05', TRUE);
INSERT INTO Equipe (id_equipe, nome, cidade, estado, pais, data_fundacao, ativo) VALUES (5, 'Guarulhos Base', 'Guarulhos', 'SP', 'Brasil', '1985-06-06', TRUE);
INSERT INTO Equipe (id_equipe, nome, cidade, estado, pais, data_fundacao, ativo) VALUES (6, 'Osasco Jovem', 'Osasco', 'SP', 'Brasil', '1986-07-07', TRUE);
INSERT INTO Equipe (id_equipe, nome, cidade, estado, pais, data_fundacao, ativo) VALUES (7, 'Santo Andre Azul', 'Santo Andre', 'SP', 'Brasil', '1987-08-08', TRUE);
INSERT INTO Equipe (id_equipe, nome, cidade, estado, pais, data_fundacao, ativo) VALUES (8, 'Sao Caetano Clube', 'Sao Caetano do Sul', 'SP', 'Brasil', '1988-09-09', TRUE);
INSERT INTO Equipe (id_equipe, nome, cidade, estado, pais, data_fundacao, ativo) VALUES (9, 'Osasco Volei Clube', 'Osasco', 'SP', 'Brasil', '1989-10-10', TRUE);
INSERT INTO Equipe (id_equipe, nome, cidade, estado, pais, data_fundacao, ativo) VALUES (10, 'Praia Grande Volei', 'Praia Grande', 'SP', 'Brasil', '1990-11-11', TRUE);
INSERT INTO Equipe (id_equipe, nome, cidade, estado, pais, data_fundacao, ativo) VALUES (11, 'Curitiba Volei', 'Curitiba', 'PR', 'Brasil', '1991-12-12', TRUE);
INSERT INTO Equipe (id_equipe, nome, cidade, estado, pais, data_fundacao, ativo) VALUES (12, 'Belo Horizonte Volei', 'Belo Horizonte', 'MG', 'Brasil', '1992-01-13', TRUE);
INSERT INTO Equipe (id_equipe, nome, cidade, estado, pais, data_fundacao, ativo) VALUES (13, 'Franca Basquete', 'Franca', 'SP', 'Brasil', '1993-02-14', TRUE);
INSERT INTO Equipe (id_equipe, nome, cidade, estado, pais, data_fundacao, ativo) VALUES (14, 'Bauru Basquete', 'Bauru', 'SP', 'Brasil', '1994-03-15', TRUE);
INSERT INTO Equipe (id_equipe, nome, cidade, estado, pais, data_fundacao, ativo) VALUES (15, 'Minas Basquete', 'Belo Horizonte', 'MG', 'Brasil', '1995-04-16', TRUE);
INSERT INTO Equipe (id_equipe, nome, cidade, estado, pais, data_fundacao, ativo) VALUES (16, 'Flamengo Basquete', 'Rio de Janeiro', 'RJ', 'Brasil', '1996-05-17', TRUE);
INSERT INTO Equipe (id_equipe, nome, cidade, estado, pais, data_fundacao, ativo) VALUES (17, 'Ribeirao Rugby', 'Ribeirao Preto', 'SP', 'Brasil', '1997-06-18', TRUE);
INSERT INTO Equipe (id_equipe, nome, cidade, estado, pais, data_fundacao, ativo) VALUES (18, 'Curitiba Rugby', 'Curitiba', 'PR', 'Brasil', '1998-07-19', TRUE);
INSERT INTO Equipe (id_equipe, nome, cidade, estado, pais, data_fundacao, ativo) VALUES (19, 'Niteroi Rugby', 'Niteroi', 'RJ', 'Brasil', '1999-08-20', TRUE);
INSERT INTO Equipe (id_equipe, nome, cidade, estado, pais, data_fundacao, ativo) VALUES (20, 'Porto Alegre Rugby', 'Porto Alegre', 'RS', 'Brasil', '2000-09-01', TRUE);
INSERT INTO Equipe (id_equipe, nome, cidade, estado, pais, data_fundacao, ativo) VALUES (21, 'Sorocaba Futsal', 'Sorocaba', 'SP', 'Brasil', '2001-10-02', TRUE);
INSERT INTO Equipe (id_equipe, nome, cidade, estado, pais, data_fundacao, ativo) VALUES (22, 'Joinville Futsal', 'Joinville', 'SC', 'Brasil', '2002-11-03', TRUE);
INSERT INTO Equipe (id_equipe, nome, cidade, estado, pais, data_fundacao, ativo) VALUES (23, 'Magnus Futsal', 'Sao Paulo', 'SP', 'Brasil', '2003-12-04', TRUE);
INSERT INTO Equipe (id_equipe, nome, cidade, estado, pais, data_fundacao, ativo) VALUES (24, 'Londrina Futsal', 'Londrina', 'PR', 'Brasil', '2004-01-05', TRUE);
INSERT INTO Equipe (id_equipe, nome, cidade, estado, pais, data_fundacao, ativo) VALUES (25, 'Clube Rio Branco 25', 'Rio Branco', 'AC', 'Brasil', '2005-02-06', TRUE);
INSERT INTO Equipe (id_equipe, nome, cidade, estado, pais, data_fundacao, ativo) VALUES (26, 'Clube Maceio 26', 'Maceio', 'AL', 'Brasil', '2006-03-07', TRUE);
INSERT INTO Equipe (id_equipe, nome, cidade, estado, pais, data_fundacao, ativo) VALUES (27, 'Clube Macapa 27', 'Macapa', 'AP', 'Brasil', '2007-04-08', TRUE);
INSERT INTO Equipe (id_equipe, nome, cidade, estado, pais, data_fundacao, ativo) VALUES (28, 'Clube Manaus 28', 'Manaus', 'AM', 'Brasil', '2008-05-09', TRUE);
INSERT INTO Equipe (id_equipe, nome, cidade, estado, pais, data_fundacao, ativo) VALUES (29, 'Clube Salvador 29', 'Salvador', 'BA', 'Brasil', '2009-06-10', TRUE);
INSERT INTO Equipe (id_equipe, nome, cidade, estado, pais, data_fundacao, ativo) VALUES (30, 'Clube Feira de Santana 30', 'Feira de Santana', 'BA', 'Brasil', '1980-07-11', TRUE);
INSERT INTO Equipe (id_equipe, nome, cidade, estado, pais, data_fundacao, ativo) VALUES (31, 'Clube Fortaleza 31', 'Fortaleza', 'CE', 'Brasil', '1981-08-12', TRUE);
INSERT INTO Equipe (id_equipe, nome, cidade, estado, pais, data_fundacao, ativo) VALUES (32, 'Clube Juazeiro do Norte 32', 'Juazeiro do Norte', 'CE', 'Brasil', '1982-09-13', TRUE);
INSERT INTO Equipe (id_equipe, nome, cidade, estado, pais, data_fundacao, ativo) VALUES (33, 'Clube Brasilia 33', 'Brasilia', 'DF', 'Brasil', '1983-10-14', TRUE);
INSERT INTO Equipe (id_equipe, nome, cidade, estado, pais, data_fundacao, ativo) VALUES (34, 'Clube Vitoria 34', 'Vitoria', 'ES', 'Brasil', '1984-11-15', TRUE);
INSERT INTO Equipe (id_equipe, nome, cidade, estado, pais, data_fundacao, ativo) VALUES (35, 'Clube Vila Velha 35', 'Vila Velha', 'ES', 'Brasil', '1985-12-16', TRUE);
INSERT INTO Equipe (id_equipe, nome, cidade, estado, pais, data_fundacao, ativo) VALUES (36, 'Clube Goiania 36', 'Goiania', 'GO', 'Brasil', '1986-01-17', TRUE);
INSERT INTO Equipe (id_equipe, nome, cidade, estado, pais, data_fundacao, ativo) VALUES (37, 'Clube Anapolis 37', 'Anapolis', 'GO', 'Brasil', '1987-02-18', TRUE);
INSERT INTO Equipe (id_equipe, nome, cidade, estado, pais, data_fundacao, ativo) VALUES (38, 'Clube Sao Luis 38', 'Sao Luis', 'MA', 'Brasil', '1988-03-19', TRUE);
INSERT INTO Equipe (id_equipe, nome, cidade, estado, pais, data_fundacao, ativo) VALUES (39, 'Clube Imperatriz 39', 'Imperatriz', 'MA', 'Brasil', '1989-04-20', TRUE);
INSERT INTO Equipe (id_equipe, nome, cidade, estado, pais, data_fundacao, ativo) VALUES (40, 'Clube Cuiaba 40', 'Cuiaba', 'MT', 'Brasil', '1990-05-01', TRUE);
INSERT INTO Equipe (id_equipe, nome, cidade, estado, pais, data_fundacao, ativo) VALUES (41, 'Clube Rondonopolis 41', 'Rondonopolis', 'MT', 'Brasil', '1991-06-02', TRUE);
INSERT INTO Equipe (id_equipe, nome, cidade, estado, pais, data_fundacao, ativo) VALUES (42, 'Clube Campo Grande 42', 'Campo Grande', 'MS', 'Brasil', '1992-07-03', TRUE);
INSERT INTO Equipe (id_equipe, nome, cidade, estado, pais, data_fundacao, ativo) VALUES (43, 'Clube Dourados 43', 'Dourados', 'MS', 'Brasil', '1993-08-04', TRUE);
INSERT INTO Equipe (id_equipe, nome, cidade, estado, pais, data_fundacao, ativo) VALUES (44, 'Clube Belo Horizonte 44', 'Belo Horizonte', 'MG', 'Brasil', '1994-09-05', TRUE);
INSERT INTO Equipe (id_equipe, nome, cidade, estado, pais, data_fundacao, ativo) VALUES (45, 'Clube Uberlandia 45', 'Uberlandia', 'MG', 'Brasil', '1995-10-06', TRUE);
INSERT INTO Equipe (id_equipe, nome, cidade, estado, pais, data_fundacao, ativo) VALUES (46, 'Clube Juiz de Fora 46', 'Juiz de Fora', 'MG', 'Brasil', '1996-11-07', TRUE);
INSERT INTO Equipe (id_equipe, nome, cidade, estado, pais, data_fundacao, ativo) VALUES (47, 'Clube Belem 47', 'Belem', 'PA', 'Brasil', '1997-12-08', TRUE);
INSERT INTO Equipe (id_equipe, nome, cidade, estado, pais, data_fundacao, ativo) VALUES (48, 'Clube Santarem 48', 'Santarem', 'PA', 'Brasil', '1998-01-09', TRUE);
INSERT INTO Equipe (id_equipe, nome, cidade, estado, pais, data_fundacao, ativo) VALUES (49, 'Clube Joao Pessoa 49', 'Joao Pessoa', 'PB', 'Brasil', '1999-02-10', TRUE);
INSERT INTO Equipe (id_equipe, nome, cidade, estado, pais, data_fundacao, ativo) VALUES (50, 'Clube Campina Grande 50', 'Campina Grande', 'PB', 'Brasil', '2000-03-11', TRUE);
INSERT INTO Equipe (id_equipe, nome, cidade, estado, pais, data_fundacao, ativo) VALUES (51, 'Clube Curitiba 51', 'Curitiba', 'PR', 'Brasil', '2001-04-12', TRUE);
INSERT INTO Equipe (id_equipe, nome, cidade, estado, pais, data_fundacao, ativo) VALUES (52, 'Clube Maringa 52', 'Maringa', 'PR', 'Brasil', '2002-05-13', TRUE);
INSERT INTO Equipe (id_equipe, nome, cidade, estado, pais, data_fundacao, ativo) VALUES (53, 'Clube Londrina 53', 'Londrina', 'PR', 'Brasil', '2003-06-14', TRUE);
INSERT INTO Equipe (id_equipe, nome, cidade, estado, pais, data_fundacao, ativo) VALUES (54, 'Clube Recife 54', 'Recife', 'PE', 'Brasil', '2004-07-15', TRUE);
INSERT INTO Equipe (id_equipe, nome, cidade, estado, pais, data_fundacao, ativo) VALUES (55, 'Clube Caruaru 55', 'Caruaru', 'PE', 'Brasil', '2005-08-16', TRUE);
INSERT INTO Equipe (id_equipe, nome, cidade, estado, pais, data_fundacao, ativo) VALUES (56, 'Clube Teresina 56', 'Teresina', 'PI', 'Brasil', '2006-09-17', TRUE);
INSERT INTO Equipe (id_equipe, nome, cidade, estado, pais, data_fundacao, ativo) VALUES (57, 'Clube Parnaiba 57', 'Parnaiba', 'PI', 'Brasil', '2007-10-18', TRUE);
INSERT INTO Equipe (id_equipe, nome, cidade, estado, pais, data_fundacao, ativo) VALUES (58, 'Clube Rio de Janeiro 58', 'Rio de Janeiro', 'RJ', 'Brasil', '2008-11-19', TRUE);
INSERT INTO Equipe (id_equipe, nome, cidade, estado, pais, data_fundacao, ativo) VALUES (59, 'Clube Niteroi 59', 'Niteroi', 'RJ', 'Brasil', '2009-12-20', TRUE);
INSERT INTO Equipe (id_equipe, nome, cidade, estado, pais, data_fundacao, ativo) VALUES (60, 'Clube Nova Iguacu 60', 'Nova Iguacu', 'RJ', 'Brasil', '1980-01-01', TRUE);
INSERT INTO Equipe (id_equipe, nome, cidade, estado, pais, data_fundacao, ativo) VALUES (61, 'Clube Natal 61', 'Natal', 'RN', 'Brasil', '1981-02-02', TRUE);
INSERT INTO Equipe (id_equipe, nome, cidade, estado, pais, data_fundacao, ativo) VALUES (62, 'Clube Mossoro 62', 'Mossoro', 'RN', 'Brasil', '1982-03-03', TRUE);
INSERT INTO Equipe (id_equipe, nome, cidade, estado, pais, data_fundacao, ativo) VALUES (63, 'Clube Porto Alegre 63', 'Porto Alegre', 'RS', 'Brasil', '1983-04-04', TRUE);
INSERT INTO Equipe (id_equipe, nome, cidade, estado, pais, data_fundacao, ativo) VALUES (64, 'Clube Caxias do Sul 64', 'Caxias do Sul', 'RS', 'Brasil', '1984-05-05', TRUE);
INSERT INTO Equipe (id_equipe, nome, cidade, estado, pais, data_fundacao, ativo) VALUES (65, 'Clube Pelotas 65', 'Pelotas', 'RS', 'Brasil', '1985-06-06', TRUE);
INSERT INTO Equipe (id_equipe, nome, cidade, estado, pais, data_fundacao, ativo) VALUES (66, 'Clube Porto Velho 66', 'Porto Velho', 'RO', 'Brasil', '1986-07-07', TRUE);
INSERT INTO Equipe (id_equipe, nome, cidade, estado, pais, data_fundacao, ativo) VALUES (67, 'Clube Ji-Parana 67', 'Ji-Parana', 'RO', 'Brasil', '1987-08-08', TRUE);
INSERT INTO Equipe (id_equipe, nome, cidade, estado, pais, data_fundacao, ativo) VALUES (68, 'Clube Boa Vista 68', 'Boa Vista', 'RR', 'Brasil', '1988-09-09', TRUE);
INSERT INTO Equipe (id_equipe, nome, cidade, estado, pais, data_fundacao, ativo) VALUES (69, 'Clube Florianopolis 69', 'Florianopolis', 'SC', 'Brasil', '1989-10-10', TRUE);
INSERT INTO Equipe (id_equipe, nome, cidade, estado, pais, data_fundacao, ativo) VALUES (70, 'Clube Joinville 70', 'Joinville', 'SC', 'Brasil', '1990-11-11', TRUE);
INSERT INTO Equipe (id_equipe, nome, cidade, estado, pais, data_fundacao, ativo) VALUES (71, 'Clube Blumenau 71', 'Blumenau', 'SC', 'Brasil', '1991-12-12', TRUE);
INSERT INTO Equipe (id_equipe, nome, cidade, estado, pais, data_fundacao, ativo) VALUES (72, 'Clube Aracaju 72', 'Aracaju', 'SE', 'Brasil', '1992-01-13', TRUE);
INSERT INTO Equipe (id_equipe, nome, cidade, estado, pais, data_fundacao, ativo) VALUES (73, 'Clube Palmas 73', 'Palmas', 'TO', 'Brasil', '1993-02-14', TRUE);
INSERT INTO Equipe (id_equipe, nome, cidade, estado, pais, data_fundacao, ativo) VALUES (74, 'Clube Araguaina 74', 'Araguaina', 'TO', 'Brasil', '1994-03-15', TRUE);
INSERT INTO Equipe (id_equipe, nome, cidade, estado, pais, data_fundacao, ativo) VALUES (75, 'Clube Sao Paulo 75', 'Sao Paulo', 'SP', 'Brasil', '1995-04-16', TRUE);
INSERT INTO Equipe (id_equipe, nome, cidade, estado, pais, data_fundacao, ativo) VALUES (76, 'Clube Campinas 76', 'Campinas', 'SP', 'Brasil', '1996-05-17', TRUE);
INSERT INTO Equipe (id_equipe, nome, cidade, estado, pais, data_fundacao, ativo) VALUES (77, 'Clube Santos 77', 'Santos', 'SP', 'Brasil', '1997-06-18', TRUE);
INSERT INTO Equipe (id_equipe, nome, cidade, estado, pais, data_fundacao, ativo) VALUES (78, 'Clube Sorocaba 78', 'Sorocaba', 'SP', 'Brasil', '1998-07-19', TRUE);
INSERT INTO Equipe (id_equipe, nome, cidade, estado, pais, data_fundacao, ativo) VALUES (79, 'Clube Bauru 79', 'Bauru', 'SP', 'Brasil', '1999-08-20', TRUE);
INSERT INTO Equipe (id_equipe, nome, cidade, estado, pais, data_fundacao, ativo) VALUES (80, 'Clube Franca 80', 'Franca', 'SP', 'Brasil', '2000-09-01', TRUE);
INSERT INTO Equipe (id_equipe, nome, cidade, estado, pais, data_fundacao, ativo) VALUES (81, 'Clube Ribeirao Preto 81', 'Ribeirao Preto', 'SP', 'Brasil', '2001-10-02', TRUE);
INSERT INTO Equipe (id_equipe, nome, cidade, estado, pais, data_fundacao, ativo) VALUES (82, 'Clube Sao Jose dos Campos 82', 'Sao Jose dos Campos', 'SP', 'Brasil', '2002-11-03', TRUE);
INSERT INTO Equipe (id_equipe, nome, cidade, estado, pais, data_fundacao, ativo) VALUES (83, 'Clube Osasco 83', 'Osasco', 'SP', 'Brasil', '2003-12-04', TRUE);
INSERT INTO Equipe (id_equipe, nome, cidade, estado, pais, data_fundacao, ativo) VALUES (84, 'Clube Guarulhos 84', 'Guarulhos', 'SP', 'Brasil', '2004-01-05', TRUE);
INSERT INTO Equipe (id_equipe, nome, cidade, estado, pais, data_fundacao, ativo) VALUES (85, 'Clube Santo Andre 85', 'Santo Andre', 'SP', 'Brasil', '2005-02-06', TRUE);
INSERT INTO Equipe (id_equipe, nome, cidade, estado, pais, data_fundacao, ativo) VALUES (86, 'Clube Sao Bernardo do Campo 86', 'Sao Bernardo do Campo', 'SP', 'Brasil', '2006-03-07', TRUE);
INSERT INTO Equipe (id_equipe, nome, cidade, estado, pais, data_fundacao, ativo) VALUES (87, 'Clube Jundiai 87', 'Jundiai', 'SP', 'Brasil', '2007-04-08', TRUE);
INSERT INTO Equipe (id_equipe, nome, cidade, estado, pais, data_fundacao, ativo) VALUES (88, 'Clube Piracicaba 88', 'Piracicaba', 'SP', 'Brasil', '2008-05-09', TRUE);
INSERT INTO Equipe (id_equipe, nome, cidade, estado, pais, data_fundacao, ativo) VALUES (89, 'Clube Limeira 89', 'Limeira', 'SP', 'Brasil', '2009-06-10', TRUE);
INSERT INTO Equipe (id_equipe, nome, cidade, estado, pais, data_fundacao, ativo) VALUES (90, 'Clube Marilia 90', 'Marilia', 'SP', 'Brasil', '1980-07-11', TRUE);
INSERT INTO Equipe (id_equipe, nome, cidade, estado, pais, data_fundacao, ativo) VALUES (91, 'Clube Presidente Prudente 91', 'Presidente Prudente', 'SP', 'Brasil', '1981-08-12', TRUE);
INSERT INTO Equipe (id_equipe, nome, cidade, estado, pais, data_fundacao, ativo) VALUES (92, 'Clube Aracatuba 92', 'Aracatuba', 'SP', 'Brasil', '1982-09-13', TRUE);
INSERT INTO Equipe (id_equipe, nome, cidade, estado, pais, data_fundacao, ativo) VALUES (93, 'Clube Taubate 93', 'Taubate', 'SP', 'Brasil', '1983-10-14', TRUE);
INSERT INTO Equipe (id_equipe, nome, cidade, estado, pais, data_fundacao, ativo) VALUES (94, 'Clube Barueri 94', 'Barueri', 'SP', 'Brasil', '1984-11-15', TRUE);
INSERT INTO Equipe (id_equipe, nome, cidade, estado, pais, data_fundacao, ativo) VALUES (95, 'Clube Itu 95', 'Itu', 'SP', 'Brasil', '1985-12-16', TRUE);
INSERT INTO Equipe (id_equipe, nome, cidade, estado, pais, data_fundacao, ativo) VALUES (96, 'Clube Mogi das Cruzes 96', 'Mogi das Cruzes', 'SP', 'Brasil', '1986-01-17', TRUE);
INSERT INTO Equipe (id_equipe, nome, cidade, estado, pais, data_fundacao, ativo) VALUES (97, 'Clube Diadema 97', 'Diadema', 'SP', 'Brasil', '1987-02-18', TRUE);
INSERT INTO Equipe (id_equipe, nome, cidade, estado, pais, data_fundacao, ativo) VALUES (98, 'Clube Carapicuiba 98', 'Carapicuiba', 'SP', 'Brasil', '1988-03-19', TRUE);
INSERT INTO Equipe (id_equipe, nome, cidade, estado, pais, data_fundacao, ativo) VALUES (99, 'Clube Suzano 99', 'Suzano', 'SP', 'Brasil', '1989-04-20', TRUE);
INSERT INTO Equipe (id_equipe, nome, cidade, estado, pais, data_fundacao, ativo) VALUES (100, 'Clube Praia Grande 100', 'Praia Grande', 'SP', 'Brasil', '1990-05-01', TRUE);

-- Estadio
INSERT INTO Estadio (id_estadio, nome, cidade, estado, capacidade, tipo, ativo) VALUES (1, 'Estadio Municipal da Cidade', 'Sao Paulo', 'SP', 18000, 'estadio', TRUE);
INSERT INTO Estadio (id_estadio, nome, cidade, estado, capacidade, tipo, ativo) VALUES (2, 'Arena Parque Central', 'Campinas', 'SP', 12000, 'estadio', TRUE);
INSERT INTO Estadio (id_estadio, nome, cidade, estado, capacidade, tipo, ativo) VALUES (3, 'Campo do Jardim Esportivo', 'Santos', 'SP', 8000, 'estadio', TRUE);
INSERT INTO Estadio (id_estadio, nome, cidade, estado, capacidade, tipo, ativo) VALUES (4, 'Ginasio Jose Liberatti', 'Osasco', 'SP', 5000, 'ginasio', TRUE);
INSERT INTO Estadio (id_estadio, nome, cidade, estado, capacidade, tipo, ativo) VALUES (5, 'Arena Volei Brasil', 'Curitiba', 'PR', 4200, 'ginasio', TRUE);
INSERT INTO Estadio (id_estadio, nome, cidade, estado, capacidade, tipo, ativo) VALUES (6, 'Ginasio Pedrocao', 'Franca', 'SP', 6500, 'ginasio', TRUE);
INSERT INTO Estadio (id_estadio, nome, cidade, estado, capacidade, tipo, ativo) VALUES (7, 'Arena Basquete Brasil', 'Bauru', 'SP', 5200, 'ginasio', TRUE);
INSERT INTO Estadio (id_estadio, nome, cidade, estado, capacidade, tipo, ativo) VALUES (8, 'Campo Nacional de Rugby', 'Ribeirao Preto', 'SP', 9000, 'campo', TRUE);
INSERT INTO Estadio (id_estadio, nome, cidade, estado, capacidade, tipo, ativo) VALUES (9, 'Estadio do Parque Rugby', 'Curitiba', 'PR', 7000, 'campo', TRUE);
INSERT INTO Estadio (id_estadio, nome, cidade, estado, capacidade, tipo, ativo) VALUES (10, 'Ginasio Municipal de Futsal', 'Sorocaba', 'SP', 4500, 'ginasio', TRUE);
INSERT INTO Estadio (id_estadio, nome, cidade, estado, capacidade, tipo, ativo) VALUES (11, 'Arena Futsal Brasil', 'Joinville', 'SC', 5500, 'ginasio', TRUE);
INSERT INTO Estadio (id_estadio, nome, cidade, estado, capacidade, tipo, ativo) VALUES (12, 'Ginasio Poliesportivo Central', 'Belo Horizonte', 'MG', 4800, 'ginasio', TRUE);

-- Equipe_Campeonato
INSERT INTO Equipe_Campeonato (id_equipe_campeonato, id_equipe, id_campeonato, grupo, numero_inscricao, quantidade_atletas, data_inscricao, situacao) VALUES (1, 1, 1, 'A', 1, 23, '2016-02-28', 'ativa');
INSERT INTO Equipe_Campeonato (id_equipe_campeonato, id_equipe, id_campeonato, grupo, numero_inscricao, quantidade_atletas, data_inscricao, situacao) VALUES (2, 2, 1, 'A', 2, 23, '2016-02-27', 'ativa');
INSERT INTO Equipe_Campeonato (id_equipe_campeonato, id_equipe, id_campeonato, grupo, numero_inscricao, quantidade_atletas, data_inscricao, situacao) VALUES (3, 1, 2, 'A', 1, 23, '2017-02-27', 'ativa');
INSERT INTO Equipe_Campeonato (id_equipe_campeonato, id_equipe, id_campeonato, grupo, numero_inscricao, quantidade_atletas, data_inscricao, situacao) VALUES (4, 2, 2, 'A', 2, 23, '2017-02-26', 'ativa');
INSERT INTO Equipe_Campeonato (id_equipe_campeonato, id_equipe, id_campeonato, grupo, numero_inscricao, quantidade_atletas, data_inscricao, situacao) VALUES (5, 1, 3, 'A', 1, 23, '2018-02-27', 'ativa');
INSERT INTO Equipe_Campeonato (id_equipe_campeonato, id_equipe, id_campeonato, grupo, numero_inscricao, quantidade_atletas, data_inscricao, situacao) VALUES (6, 2, 3, 'A', 2, 23, '2018-02-26', 'ativa');
INSERT INTO Equipe_Campeonato (id_equipe_campeonato, id_equipe, id_campeonato, grupo, numero_inscricao, quantidade_atletas, data_inscricao, situacao) VALUES (7, 1, 4, 'A', 1, 23, '2019-02-27', 'ativa');
INSERT INTO Equipe_Campeonato (id_equipe_campeonato, id_equipe, id_campeonato, grupo, numero_inscricao, quantidade_atletas, data_inscricao, situacao) VALUES (8, 2, 4, 'A', 2, 23, '2019-02-26', 'ativa');
INSERT INTO Equipe_Campeonato (id_equipe_campeonato, id_equipe, id_campeonato, grupo, numero_inscricao, quantidade_atletas, data_inscricao, situacao) VALUES (9, 1, 5, 'A', 1, 23, '2020-02-28', 'ativa');
INSERT INTO Equipe_Campeonato (id_equipe_campeonato, id_equipe, id_campeonato, grupo, numero_inscricao, quantidade_atletas, data_inscricao, situacao) VALUES (10, 2, 5, 'A', 2, 23, '2020-02-27', 'ativa');
INSERT INTO Equipe_Campeonato (id_equipe_campeonato, id_equipe, id_campeonato, grupo, numero_inscricao, quantidade_atletas, data_inscricao, situacao) VALUES (11, 1, 6, 'A', 1, 23, '2021-02-27', 'ativa');
INSERT INTO Equipe_Campeonato (id_equipe_campeonato, id_equipe, id_campeonato, grupo, numero_inscricao, quantidade_atletas, data_inscricao, situacao) VALUES (12, 2, 6, 'A', 2, 23, '2021-02-26', 'ativa');
INSERT INTO Equipe_Campeonato (id_equipe_campeonato, id_equipe, id_campeonato, grupo, numero_inscricao, quantidade_atletas, data_inscricao, situacao) VALUES (13, 1, 7, 'A', 1, 23, '2022-02-27', 'ativa');
INSERT INTO Equipe_Campeonato (id_equipe_campeonato, id_equipe, id_campeonato, grupo, numero_inscricao, quantidade_atletas, data_inscricao, situacao) VALUES (14, 2, 7, 'A', 2, 23, '2022-02-26', 'ativa');
INSERT INTO Equipe_Campeonato (id_equipe_campeonato, id_equipe, id_campeonato, grupo, numero_inscricao, quantidade_atletas, data_inscricao, situacao) VALUES (15, 1, 8, 'A', 1, 23, '2023-02-27', 'ativa');
INSERT INTO Equipe_Campeonato (id_equipe_campeonato, id_equipe, id_campeonato, grupo, numero_inscricao, quantidade_atletas, data_inscricao, situacao) VALUES (16, 2, 8, 'A', 2, 23, '2023-02-26', 'ativa');
INSERT INTO Equipe_Campeonato (id_equipe_campeonato, id_equipe, id_campeonato, grupo, numero_inscricao, quantidade_atletas, data_inscricao, situacao) VALUES (17, 1, 9, 'A', 1, 23, '2024-02-28', 'ativa');
INSERT INTO Equipe_Campeonato (id_equipe_campeonato, id_equipe, id_campeonato, grupo, numero_inscricao, quantidade_atletas, data_inscricao, situacao) VALUES (18, 2, 9, 'A', 2, 23, '2024-02-27', 'ativa');
INSERT INTO Equipe_Campeonato (id_equipe_campeonato, id_equipe, id_campeonato, grupo, numero_inscricao, quantidade_atletas, data_inscricao, situacao) VALUES (19, 3, 9, 'B', 3, 23, '2024-02-26', 'ativa');
INSERT INTO Equipe_Campeonato (id_equipe_campeonato, id_equipe, id_campeonato, grupo, numero_inscricao, quantidade_atletas, data_inscricao, situacao) VALUES (20, 4, 9, 'B', 4, 23, '2024-02-25', 'ativa');
INSERT INTO Equipe_Campeonato (id_equipe_campeonato, id_equipe, id_campeonato, grupo, numero_inscricao, quantidade_atletas, data_inscricao, situacao) VALUES (21, 1, 10, 'A', 1, 23, '2025-02-27', 'ativa');
INSERT INTO Equipe_Campeonato (id_equipe_campeonato, id_equipe, id_campeonato, grupo, numero_inscricao, quantidade_atletas, data_inscricao, situacao) VALUES (22, 2, 10, 'A', 2, 23, '2025-02-26', 'ativa');
INSERT INTO Equipe_Campeonato (id_equipe_campeonato, id_equipe, id_campeonato, grupo, numero_inscricao, quantidade_atletas, data_inscricao, situacao) VALUES (23, 3, 10, 'B', 3, 23, '2025-02-25', 'ativa');
INSERT INTO Equipe_Campeonato (id_equipe_campeonato, id_equipe, id_campeonato, grupo, numero_inscricao, quantidade_atletas, data_inscricao, situacao) VALUES (24, 4, 10, 'B', 4, 23, '2025-02-24', 'ativa');
INSERT INTO Equipe_Campeonato (id_equipe_campeonato, id_equipe, id_campeonato, grupo, numero_inscricao, quantidade_atletas, data_inscricao, situacao) VALUES (25, 5, 11, 'A', 1, 23, '2024-02-28', 'ativa');
INSERT INTO Equipe_Campeonato (id_equipe_campeonato, id_equipe, id_campeonato, grupo, numero_inscricao, quantidade_atletas, data_inscricao, situacao) VALUES (26, 6, 11, 'A', 2, 23, '2024-02-27', 'ativa');
INSERT INTO Equipe_Campeonato (id_equipe_campeonato, id_equipe, id_campeonato, grupo, numero_inscricao, quantidade_atletas, data_inscricao, situacao) VALUES (27, 7, 11, 'B', 3, 23, '2024-02-26', 'ativa');
INSERT INTO Equipe_Campeonato (id_equipe_campeonato, id_equipe, id_campeonato, grupo, numero_inscricao, quantidade_atletas, data_inscricao, situacao) VALUES (28, 8, 11, 'B', 4, 23, '2024-02-25', 'ativa');
INSERT INTO Equipe_Campeonato (id_equipe_campeonato, id_equipe, id_campeonato, grupo, numero_inscricao, quantidade_atletas, data_inscricao, situacao) VALUES (29, 5, 12, 'A', 1, 23, '2024-02-28', 'ativa');
INSERT INTO Equipe_Campeonato (id_equipe_campeonato, id_equipe, id_campeonato, grupo, numero_inscricao, quantidade_atletas, data_inscricao, situacao) VALUES (30, 6, 12, 'A', 2, 23, '2024-02-27', 'ativa');
INSERT INTO Equipe_Campeonato (id_equipe_campeonato, id_equipe, id_campeonato, grupo, numero_inscricao, quantidade_atletas, data_inscricao, situacao) VALUES (31, 7, 12, 'B', 3, 23, '2024-02-26', 'ativa');
INSERT INTO Equipe_Campeonato (id_equipe_campeonato, id_equipe, id_campeonato, grupo, numero_inscricao, quantidade_atletas, data_inscricao, situacao) VALUES (32, 8, 12, 'B', 4, 23, '2024-02-25', 'ativa');
INSERT INTO Equipe_Campeonato (id_equipe_campeonato, id_equipe, id_campeonato, grupo, numero_inscricao, quantidade_atletas, data_inscricao, situacao) VALUES (33, 5, 13, 'A', 1, 23, '2024-02-28', 'ativa');
INSERT INTO Equipe_Campeonato (id_equipe_campeonato, id_equipe, id_campeonato, grupo, numero_inscricao, quantidade_atletas, data_inscricao, situacao) VALUES (34, 6, 13, 'A', 2, 23, '2024-02-27', 'ativa');
INSERT INTO Equipe_Campeonato (id_equipe_campeonato, id_equipe, id_campeonato, grupo, numero_inscricao, quantidade_atletas, data_inscricao, situacao) VALUES (35, 7, 13, 'B', 3, 23, '2024-02-26', 'ativa');
INSERT INTO Equipe_Campeonato (id_equipe_campeonato, id_equipe, id_campeonato, grupo, numero_inscricao, quantidade_atletas, data_inscricao, situacao) VALUES (36, 8, 13, 'B', 4, 23, '2024-02-25', 'ativa');
INSERT INTO Equipe_Campeonato (id_equipe_campeonato, id_equipe, id_campeonato, grupo, numero_inscricao, quantidade_atletas, data_inscricao, situacao) VALUES (37, 5, 14, 'A', 1, 23, '2024-02-28', 'ativa');
INSERT INTO Equipe_Campeonato (id_equipe_campeonato, id_equipe, id_campeonato, grupo, numero_inscricao, quantidade_atletas, data_inscricao, situacao) VALUES (38, 6, 14, 'A', 2, 23, '2024-02-27', 'ativa');
INSERT INTO Equipe_Campeonato (id_equipe_campeonato, id_equipe, id_campeonato, grupo, numero_inscricao, quantidade_atletas, data_inscricao, situacao) VALUES (39, 7, 14, 'B', 3, 23, '2024-02-26', 'ativa');
INSERT INTO Equipe_Campeonato (id_equipe_campeonato, id_equipe, id_campeonato, grupo, numero_inscricao, quantidade_atletas, data_inscricao, situacao) VALUES (40, 8, 14, 'B', 4, 23, '2024-02-25', 'ativa');
INSERT INTO Equipe_Campeonato (id_equipe_campeonato, id_equipe, id_campeonato, grupo, numero_inscricao, quantidade_atletas, data_inscricao, situacao) VALUES (41, 9, 15, 'A', 1, 12, '2021-02-27', 'ativa');
INSERT INTO Equipe_Campeonato (id_equipe_campeonato, id_equipe, id_campeonato, grupo, numero_inscricao, quantidade_atletas, data_inscricao, situacao) VALUES (42, 10, 15, 'A', 2, 12, '2021-02-26', 'ativa');
INSERT INTO Equipe_Campeonato (id_equipe_campeonato, id_equipe, id_campeonato, grupo, numero_inscricao, quantidade_atletas, data_inscricao, situacao) VALUES (43, 11, 15, 'B', 3, 12, '2021-02-25', 'ativa');
INSERT INTO Equipe_Campeonato (id_equipe_campeonato, id_equipe, id_campeonato, grupo, numero_inscricao, quantidade_atletas, data_inscricao, situacao) VALUES (44, 12, 15, 'B', 4, 12, '2021-02-24', 'ativa');
INSERT INTO Equipe_Campeonato (id_equipe_campeonato, id_equipe, id_campeonato, grupo, numero_inscricao, quantidade_atletas, data_inscricao, situacao) VALUES (45, 9, 16, 'A', 1, 12, '2022-02-27', 'ativa');
INSERT INTO Equipe_Campeonato (id_equipe_campeonato, id_equipe, id_campeonato, grupo, numero_inscricao, quantidade_atletas, data_inscricao, situacao) VALUES (46, 10, 16, 'A', 2, 12, '2022-02-26', 'ativa');
INSERT INTO Equipe_Campeonato (id_equipe_campeonato, id_equipe, id_campeonato, grupo, numero_inscricao, quantidade_atletas, data_inscricao, situacao) VALUES (47, 11, 16, 'B', 3, 12, '2022-02-25', 'ativa');
INSERT INTO Equipe_Campeonato (id_equipe_campeonato, id_equipe, id_campeonato, grupo, numero_inscricao, quantidade_atletas, data_inscricao, situacao) VALUES (48, 12, 16, 'B', 4, 12, '2022-02-24', 'ativa');
INSERT INTO Equipe_Campeonato (id_equipe_campeonato, id_equipe, id_campeonato, grupo, numero_inscricao, quantidade_atletas, data_inscricao, situacao) VALUES (49, 9, 17, 'A', 1, 12, '2023-02-27', 'ativa');
INSERT INTO Equipe_Campeonato (id_equipe_campeonato, id_equipe, id_campeonato, grupo, numero_inscricao, quantidade_atletas, data_inscricao, situacao) VALUES (50, 10, 17, 'A', 2, 12, '2023-02-26', 'ativa');
INSERT INTO Equipe_Campeonato (id_equipe_campeonato, id_equipe, id_campeonato, grupo, numero_inscricao, quantidade_atletas, data_inscricao, situacao) VALUES (51, 11, 17, 'B', 3, 12, '2023-02-25', 'ativa');
INSERT INTO Equipe_Campeonato (id_equipe_campeonato, id_equipe, id_campeonato, grupo, numero_inscricao, quantidade_atletas, data_inscricao, situacao) VALUES (52, 12, 17, 'B', 4, 12, '2023-02-24', 'ativa');
INSERT INTO Equipe_Campeonato (id_equipe_campeonato, id_equipe, id_campeonato, grupo, numero_inscricao, quantidade_atletas, data_inscricao, situacao) VALUES (53, 9, 18, 'A', 1, 12, '2024-02-28', 'ativa');
INSERT INTO Equipe_Campeonato (id_equipe_campeonato, id_equipe, id_campeonato, grupo, numero_inscricao, quantidade_atletas, data_inscricao, situacao) VALUES (54, 10, 18, 'A', 2, 12, '2024-02-27', 'ativa');
INSERT INTO Equipe_Campeonato (id_equipe_campeonato, id_equipe, id_campeonato, grupo, numero_inscricao, quantidade_atletas, data_inscricao, situacao) VALUES (55, 11, 18, 'B', 3, 12, '2024-02-26', 'ativa');
INSERT INTO Equipe_Campeonato (id_equipe_campeonato, id_equipe, id_campeonato, grupo, numero_inscricao, quantidade_atletas, data_inscricao, situacao) VALUES (56, 12, 18, 'B', 4, 12, '2024-02-25', 'ativa');
INSERT INTO Equipe_Campeonato (id_equipe_campeonato, id_equipe, id_campeonato, grupo, numero_inscricao, quantidade_atletas, data_inscricao, situacao) VALUES (57, 9, 19, 'A', 1, 12, '2025-02-27', 'ativa');
INSERT INTO Equipe_Campeonato (id_equipe_campeonato, id_equipe, id_campeonato, grupo, numero_inscricao, quantidade_atletas, data_inscricao, situacao) VALUES (58, 10, 19, 'A', 2, 12, '2025-02-26', 'ativa');
INSERT INTO Equipe_Campeonato (id_equipe_campeonato, id_equipe, id_campeonato, grupo, numero_inscricao, quantidade_atletas, data_inscricao, situacao) VALUES (59, 11, 19, 'B', 3, 12, '2025-02-25', 'ativa');
INSERT INTO Equipe_Campeonato (id_equipe_campeonato, id_equipe, id_campeonato, grupo, numero_inscricao, quantidade_atletas, data_inscricao, situacao) VALUES (60, 12, 19, 'B', 4, 12, '2025-02-24', 'ativa');
INSERT INTO Equipe_Campeonato (id_equipe_campeonato, id_equipe, id_campeonato, grupo, numero_inscricao, quantidade_atletas, data_inscricao, situacao) VALUES (61, 13, 20, 'A', 1, 12, '2025-02-27', 'ativa');
INSERT INTO Equipe_Campeonato (id_equipe_campeonato, id_equipe, id_campeonato, grupo, numero_inscricao, quantidade_atletas, data_inscricao, situacao) VALUES (62, 14, 20, 'A', 2, 12, '2025-02-26', 'ativa');
INSERT INTO Equipe_Campeonato (id_equipe_campeonato, id_equipe, id_campeonato, grupo, numero_inscricao, quantidade_atletas, data_inscricao, situacao) VALUES (63, 15, 20, 'B', 3, 12, '2025-02-25', 'ativa');
INSERT INTO Equipe_Campeonato (id_equipe_campeonato, id_equipe, id_campeonato, grupo, numero_inscricao, quantidade_atletas, data_inscricao, situacao) VALUES (64, 16, 20, 'B', 4, 12, '2025-02-24', 'ativa');
INSERT INTO Equipe_Campeonato (id_equipe_campeonato, id_equipe, id_campeonato, grupo, numero_inscricao, quantidade_atletas, data_inscricao, situacao) VALUES (65, 13, 21, 'A', 1, 12, '2025-02-27', 'ativa');
INSERT INTO Equipe_Campeonato (id_equipe_campeonato, id_equipe, id_campeonato, grupo, numero_inscricao, quantidade_atletas, data_inscricao, situacao) VALUES (66, 14, 21, 'A', 2, 12, '2025-02-26', 'ativa');
INSERT INTO Equipe_Campeonato (id_equipe_campeonato, id_equipe, id_campeonato, grupo, numero_inscricao, quantidade_atletas, data_inscricao, situacao) VALUES (67, 15, 21, 'B', 3, 12, '2025-02-25', 'ativa');
INSERT INTO Equipe_Campeonato (id_equipe_campeonato, id_equipe, id_campeonato, grupo, numero_inscricao, quantidade_atletas, data_inscricao, situacao) VALUES (68, 16, 21, 'B', 4, 12, '2025-02-24', 'ativa');
INSERT INTO Equipe_Campeonato (id_equipe_campeonato, id_equipe, id_campeonato, grupo, numero_inscricao, quantidade_atletas, data_inscricao, situacao) VALUES (69, 13, 22, 'A', 1, 12, '2025-02-27', 'ativa');
INSERT INTO Equipe_Campeonato (id_equipe_campeonato, id_equipe, id_campeonato, grupo, numero_inscricao, quantidade_atletas, data_inscricao, situacao) VALUES (70, 14, 22, 'A', 2, 12, '2025-02-26', 'ativa');
INSERT INTO Equipe_Campeonato (id_equipe_campeonato, id_equipe, id_campeonato, grupo, numero_inscricao, quantidade_atletas, data_inscricao, situacao) VALUES (71, 15, 22, 'B', 3, 12, '2025-02-25', 'ativa');
INSERT INTO Equipe_Campeonato (id_equipe_campeonato, id_equipe, id_campeonato, grupo, numero_inscricao, quantidade_atletas, data_inscricao, situacao) VALUES (72, 16, 22, 'B', 4, 12, '2025-02-24', 'ativa');
INSERT INTO Equipe_Campeonato (id_equipe_campeonato, id_equipe, id_campeonato, grupo, numero_inscricao, quantidade_atletas, data_inscricao, situacao) VALUES (73, 13, 23, 'A', 1, 12, '2025-02-27', 'ativa');
INSERT INTO Equipe_Campeonato (id_equipe_campeonato, id_equipe, id_campeonato, grupo, numero_inscricao, quantidade_atletas, data_inscricao, situacao) VALUES (74, 14, 23, 'A', 2, 12, '2025-02-26', 'ativa');
INSERT INTO Equipe_Campeonato (id_equipe_campeonato, id_equipe, id_campeonato, grupo, numero_inscricao, quantidade_atletas, data_inscricao, situacao) VALUES (75, 15, 23, 'B', 3, 12, '2025-02-25', 'ativa');
INSERT INTO Equipe_Campeonato (id_equipe_campeonato, id_equipe, id_campeonato, grupo, numero_inscricao, quantidade_atletas, data_inscricao, situacao) VALUES (76, 16, 23, 'B', 4, 12, '2025-02-24', 'ativa');
INSERT INTO Equipe_Campeonato (id_equipe_campeonato, id_equipe, id_campeonato, grupo, numero_inscricao, quantidade_atletas, data_inscricao, situacao) VALUES (77, 13, 24, 'A', 1, 12, '2025-02-27', 'ativa');
INSERT INTO Equipe_Campeonato (id_equipe_campeonato, id_equipe, id_campeonato, grupo, numero_inscricao, quantidade_atletas, data_inscricao, situacao) VALUES (78, 14, 24, 'A', 2, 12, '2025-02-26', 'ativa');
INSERT INTO Equipe_Campeonato (id_equipe_campeonato, id_equipe, id_campeonato, grupo, numero_inscricao, quantidade_atletas, data_inscricao, situacao) VALUES (79, 15, 24, 'B', 3, 12, '2025-02-25', 'ativa');
INSERT INTO Equipe_Campeonato (id_equipe_campeonato, id_equipe, id_campeonato, grupo, numero_inscricao, quantidade_atletas, data_inscricao, situacao) VALUES (80, 16, 24, 'B', 4, 12, '2025-02-24', 'ativa');
INSERT INTO Equipe_Campeonato (id_equipe_campeonato, id_equipe, id_campeonato, grupo, numero_inscricao, quantidade_atletas, data_inscricao, situacao) VALUES (81, 17, 25, 'A', 1, 23, '2025-02-27', 'ativa');
INSERT INTO Equipe_Campeonato (id_equipe_campeonato, id_equipe, id_campeonato, grupo, numero_inscricao, quantidade_atletas, data_inscricao, situacao) VALUES (82, 18, 25, 'A', 2, 23, '2025-02-26', 'ativa');
INSERT INTO Equipe_Campeonato (id_equipe_campeonato, id_equipe, id_campeonato, grupo, numero_inscricao, quantidade_atletas, data_inscricao, situacao) VALUES (83, 19, 25, 'B', 3, 23, '2025-02-25', 'ativa');
INSERT INTO Equipe_Campeonato (id_equipe_campeonato, id_equipe, id_campeonato, grupo, numero_inscricao, quantidade_atletas, data_inscricao, situacao) VALUES (84, 20, 25, 'B', 4, 23, '2025-02-24', 'ativa');
INSERT INTO Equipe_Campeonato (id_equipe_campeonato, id_equipe, id_campeonato, grupo, numero_inscricao, quantidade_atletas, data_inscricao, situacao) VALUES (85, 17, 26, 'A', 1, 23, '2025-02-27', 'ativa');
INSERT INTO Equipe_Campeonato (id_equipe_campeonato, id_equipe, id_campeonato, grupo, numero_inscricao, quantidade_atletas, data_inscricao, situacao) VALUES (86, 18, 26, 'A', 2, 23, '2025-02-26', 'ativa');
INSERT INTO Equipe_Campeonato (id_equipe_campeonato, id_equipe, id_campeonato, grupo, numero_inscricao, quantidade_atletas, data_inscricao, situacao) VALUES (87, 19, 26, 'B', 3, 23, '2025-02-25', 'ativa');
INSERT INTO Equipe_Campeonato (id_equipe_campeonato, id_equipe, id_campeonato, grupo, numero_inscricao, quantidade_atletas, data_inscricao, situacao) VALUES (88, 20, 26, 'B', 4, 23, '2025-02-24', 'ativa');
INSERT INTO Equipe_Campeonato (id_equipe_campeonato, id_equipe, id_campeonato, grupo, numero_inscricao, quantidade_atletas, data_inscricao, situacao) VALUES (89, 21, 27, 'A', 1, 14, '2025-02-27', 'ativa');
INSERT INTO Equipe_Campeonato (id_equipe_campeonato, id_equipe, id_campeonato, grupo, numero_inscricao, quantidade_atletas, data_inscricao, situacao) VALUES (90, 22, 27, 'A', 2, 14, '2025-02-26', 'ativa');
INSERT INTO Equipe_Campeonato (id_equipe_campeonato, id_equipe, id_campeonato, grupo, numero_inscricao, quantidade_atletas, data_inscricao, situacao) VALUES (91, 23, 27, 'B', 3, 14, '2025-02-25', 'ativa');
INSERT INTO Equipe_Campeonato (id_equipe_campeonato, id_equipe, id_campeonato, grupo, numero_inscricao, quantidade_atletas, data_inscricao, situacao) VALUES (92, 24, 27, 'B', 4, 14, '2025-02-24', 'ativa');
INSERT INTO Equipe_Campeonato (id_equipe_campeonato, id_equipe, id_campeonato, grupo, numero_inscricao, quantidade_atletas, data_inscricao, situacao) VALUES (93, 21, 28, 'A', 1, 14, '2025-02-27', 'ativa');
INSERT INTO Equipe_Campeonato (id_equipe_campeonato, id_equipe, id_campeonato, grupo, numero_inscricao, quantidade_atletas, data_inscricao, situacao) VALUES (94, 22, 28, 'A', 2, 14, '2025-02-26', 'ativa');
INSERT INTO Equipe_Campeonato (id_equipe_campeonato, id_equipe, id_campeonato, grupo, numero_inscricao, quantidade_atletas, data_inscricao, situacao) VALUES (95, 23, 28, 'B', 3, 14, '2025-02-25', 'ativa');
INSERT INTO Equipe_Campeonato (id_equipe_campeonato, id_equipe, id_campeonato, grupo, numero_inscricao, quantidade_atletas, data_inscricao, situacao) VALUES (96, 24, 28, 'B', 4, 14, '2025-02-24', 'ativa');

-- Atleta
INSERT INTO Atleta (id_atleta, id_genero, nome, data_nascimento, nacionalidade, documento, ativo) VALUES (1, 1, 'Joao Silva 1', '2014-02-02', 'Brasil', 'ATL001', TRUE);
INSERT INTO Atleta (id_atleta, id_genero, nome, data_nascimento, nacionalidade, documento, ativo) VALUES (2, 1, 'Pedro Santos 2', '2014-03-03', 'Brasil', 'ATL002', TRUE);
INSERT INTO Atleta (id_atleta, id_genero, nome, data_nascimento, nacionalidade, documento, ativo) VALUES (3, 1, 'Lucas Oliveira 3', '2014-04-04', 'Brasil', 'ATL003', TRUE);
INSERT INTO Atleta (id_atleta, id_genero, nome, data_nascimento, nacionalidade, documento, ativo) VALUES (4, 1, 'Gabriel Souza 4', '2014-05-05', 'Brasil', 'ATL004', TRUE);
INSERT INTO Atleta (id_atleta, id_genero, nome, data_nascimento, nacionalidade, documento, ativo) VALUES (5, 1, 'Matheus Pereira 5', '2014-06-06', 'Brasil', 'ATL005', TRUE);
INSERT INTO Atleta (id_atleta, id_genero, nome, data_nascimento, nacionalidade, documento, ativo) VALUES (6, 1, 'Rafael Costa 6', '2014-07-07', 'Brasil', 'ATL006', TRUE);
INSERT INTO Atleta (id_atleta, id_genero, nome, data_nascimento, nacionalidade, documento, ativo) VALUES (7, 1, 'Bruno Lima 7', '2014-08-08', 'Brasil', 'ATL007', TRUE);
INSERT INTO Atleta (id_atleta, id_genero, nome, data_nascimento, nacionalidade, documento, ativo) VALUES (8, 1, 'Felipe Gomes 8', '2014-09-09', 'Brasil', 'ATL008', TRUE);
INSERT INTO Atleta (id_atleta, id_genero, nome, data_nascimento, nacionalidade, documento, ativo) VALUES (9, 1, 'Gustavo Ribeiro 9', '2014-10-10', 'Brasil', 'ATL009', TRUE);
INSERT INTO Atleta (id_atleta, id_genero, nome, data_nascimento, nacionalidade, documento, ativo) VALUES (10, 1, 'Caio Martins 10', '2014-11-11', 'Brasil', 'ATL010', TRUE);
INSERT INTO Atleta (id_atleta, id_genero, nome, data_nascimento, nacionalidade, documento, ativo) VALUES (11, 1, 'Thiago Rocha 11', '2012-12-12', 'Brasil', 'ATL011', TRUE);
INSERT INTO Atleta (id_atleta, id_genero, nome, data_nascimento, nacionalidade, documento, ativo) VALUES (12, 1, 'Andre Carvalho 12', '2012-01-13', 'Brasil', 'ATL012', TRUE);
INSERT INTO Atleta (id_atleta, id_genero, nome, data_nascimento, nacionalidade, documento, ativo) VALUES (13, 1, 'Rodrigo Alves 13', '2012-02-14', 'Brasil', 'ATL013', TRUE);
INSERT INTO Atleta (id_atleta, id_genero, nome, data_nascimento, nacionalidade, documento, ativo) VALUES (14, 1, 'Marcos Dias 14', '2012-03-15', 'Brasil', 'ATL014', TRUE);
INSERT INTO Atleta (id_atleta, id_genero, nome, data_nascimento, nacionalidade, documento, ativo) VALUES (15, 1, 'Vinicius Barbosa 15', '2012-04-16', 'Brasil', 'ATL015', TRUE);
INSERT INTO Atleta (id_atleta, id_genero, nome, data_nascimento, nacionalidade, documento, ativo) VALUES (16, 1, 'Leonardo Ramos 16', '2012-05-17', 'Brasil', 'ATL016', TRUE);
INSERT INTO Atleta (id_atleta, id_genero, nome, data_nascimento, nacionalidade, documento, ativo) VALUES (17, 1, 'Eduardo Melo 17', '2012-06-18', 'Brasil', 'ATL017', TRUE);
INSERT INTO Atleta (id_atleta, id_genero, nome, data_nascimento, nacionalidade, documento, ativo) VALUES (18, 1, 'Henrique Araujo 18', '2012-07-19', 'Brasil', 'ATL018', TRUE);
INSERT INTO Atleta (id_atleta, id_genero, nome, data_nascimento, nacionalidade, documento, ativo) VALUES (19, 1, 'Diego Castro 19', '2012-08-20', 'Brasil', 'ATL019', TRUE);
INSERT INTO Atleta (id_atleta, id_genero, nome, data_nascimento, nacionalidade, documento, ativo) VALUES (20, 1, 'Samuel Fernandes 20', '2012-09-01', 'Brasil', 'ATL020', TRUE);
INSERT INTO Atleta (id_atleta, id_genero, nome, data_nascimento, nacionalidade, documento, ativo) VALUES (21, 1, 'Joao Silva 21', '2010-10-02', 'Brasil', 'ATL021', TRUE);
INSERT INTO Atleta (id_atleta, id_genero, nome, data_nascimento, nacionalidade, documento, ativo) VALUES (22, 1, 'Pedro Santos 22', '2010-11-03', 'Brasil', 'ATL022', TRUE);
INSERT INTO Atleta (id_atleta, id_genero, nome, data_nascimento, nacionalidade, documento, ativo) VALUES (23, 1, 'Lucas Oliveira 23', '2010-12-04', 'Brasil', 'ATL023', TRUE);
INSERT INTO Atleta (id_atleta, id_genero, nome, data_nascimento, nacionalidade, documento, ativo) VALUES (24, 1, 'Gabriel Souza 24', '2010-01-05', 'Brasil', 'ATL024', TRUE);
INSERT INTO Atleta (id_atleta, id_genero, nome, data_nascimento, nacionalidade, documento, ativo) VALUES (25, 1, 'Matheus Pereira 25', '2010-02-06', 'Brasil', 'ATL025', TRUE);
INSERT INTO Atleta (id_atleta, id_genero, nome, data_nascimento, nacionalidade, documento, ativo) VALUES (26, 1, 'Rafael Costa 26', '2010-03-07', 'Brasil', 'ATL026', TRUE);
INSERT INTO Atleta (id_atleta, id_genero, nome, data_nascimento, nacionalidade, documento, ativo) VALUES (27, 1, 'Bruno Lima 27', '2010-04-08', 'Brasil', 'ATL027', TRUE);
INSERT INTO Atleta (id_atleta, id_genero, nome, data_nascimento, nacionalidade, documento, ativo) VALUES (28, 1, 'Felipe Gomes 28', '2010-05-09', 'Brasil', 'ATL028', TRUE);
INSERT INTO Atleta (id_atleta, id_genero, nome, data_nascimento, nacionalidade, documento, ativo) VALUES (29, 1, 'Gustavo Ribeiro 29', '2010-06-10', 'Brasil', 'ATL029', TRUE);
INSERT INTO Atleta (id_atleta, id_genero, nome, data_nascimento, nacionalidade, documento, ativo) VALUES (30, 1, 'Caio Martins 30', '2010-07-11', 'Brasil', 'ATL030', TRUE);
INSERT INTO Atleta (id_atleta, id_genero, nome, data_nascimento, nacionalidade, documento, ativo) VALUES (31, 1, 'Thiago Rocha 31', '2008-08-12', 'Brasil', 'ATL031', TRUE);
INSERT INTO Atleta (id_atleta, id_genero, nome, data_nascimento, nacionalidade, documento, ativo) VALUES (32, 1, 'Andre Carvalho 32', '2008-09-13', 'Brasil', 'ATL032', TRUE);
INSERT INTO Atleta (id_atleta, id_genero, nome, data_nascimento, nacionalidade, documento, ativo) VALUES (33, 1, 'Rodrigo Alves 33', '2008-10-14', 'Brasil', 'ATL033', TRUE);
INSERT INTO Atleta (id_atleta, id_genero, nome, data_nascimento, nacionalidade, documento, ativo) VALUES (34, 1, 'Marcos Dias 34', '2008-11-15', 'Brasil', 'ATL034', TRUE);
INSERT INTO Atleta (id_atleta, id_genero, nome, data_nascimento, nacionalidade, documento, ativo) VALUES (35, 1, 'Vinicius Barbosa 35', '2008-12-16', 'Brasil', 'ATL035', TRUE);
INSERT INTO Atleta (id_atleta, id_genero, nome, data_nascimento, nacionalidade, documento, ativo) VALUES (36, 1, 'Leonardo Ramos 36', '2008-01-17', 'Brasil', 'ATL036', TRUE);
INSERT INTO Atleta (id_atleta, id_genero, nome, data_nascimento, nacionalidade, documento, ativo) VALUES (37, 1, 'Eduardo Melo 37', '2008-02-18', 'Brasil', 'ATL037', TRUE);
INSERT INTO Atleta (id_atleta, id_genero, nome, data_nascimento, nacionalidade, documento, ativo) VALUES (38, 1, 'Henrique Araujo 38', '2008-03-19', 'Brasil', 'ATL038', TRUE);
INSERT INTO Atleta (id_atleta, id_genero, nome, data_nascimento, nacionalidade, documento, ativo) VALUES (39, 1, 'Diego Castro 39', '2008-04-20', 'Brasil', 'ATL039', TRUE);
INSERT INTO Atleta (id_atleta, id_genero, nome, data_nascimento, nacionalidade, documento, ativo) VALUES (40, 1, 'Samuel Fernandes 40', '2008-05-01', 'Brasil', 'ATL040', TRUE);
INSERT INTO Atleta (id_atleta, id_genero, nome, data_nascimento, nacionalidade, documento, ativo) VALUES (41, 1, 'Joao Silva 41', '1993-06-02', 'Brasil', 'ATL041', TRUE);
INSERT INTO Atleta (id_atleta, id_genero, nome, data_nascimento, nacionalidade, documento, ativo) VALUES (42, 1, 'Pedro Santos 42', '1994-07-03', 'Brasil', 'ATL042', TRUE);
INSERT INTO Atleta (id_atleta, id_genero, nome, data_nascimento, nacionalidade, documento, ativo) VALUES (43, 1, 'Lucas Oliveira 43', '1995-08-04', 'Brasil', 'ATL043', TRUE);
INSERT INTO Atleta (id_atleta, id_genero, nome, data_nascimento, nacionalidade, documento, ativo) VALUES (44, 1, 'Gabriel Souza 44', '1996-09-05', 'Brasil', 'ATL044', TRUE);
INSERT INTO Atleta (id_atleta, id_genero, nome, data_nascimento, nacionalidade, documento, ativo) VALUES (45, 1, 'Matheus Pereira 45', '1997-10-06', 'Brasil', 'ATL045', TRUE);
INSERT INTO Atleta (id_atleta, id_genero, nome, data_nascimento, nacionalidade, documento, ativo) VALUES (46, 1, 'Rafael Costa 46', '1998-11-07', 'Brasil', 'ATL046', TRUE);
INSERT INTO Atleta (id_atleta, id_genero, nome, data_nascimento, nacionalidade, documento, ativo) VALUES (47, 1, 'Bruno Lima 47', '1999-12-08', 'Brasil', 'ATL047', TRUE);
INSERT INTO Atleta (id_atleta, id_genero, nome, data_nascimento, nacionalidade, documento, ativo) VALUES (48, 1, 'Felipe Gomes 48', '2000-01-09', 'Brasil', 'ATL048', TRUE);
INSERT INTO Atleta (id_atleta, id_genero, nome, data_nascimento, nacionalidade, documento, ativo) VALUES (49, 1, 'Gustavo Ribeiro 49', '2001-02-10', 'Brasil', 'ATL049', TRUE);
INSERT INTO Atleta (id_atleta, id_genero, nome, data_nascimento, nacionalidade, documento, ativo) VALUES (50, 1, 'Caio Martins 50', '1992-03-11', 'Brasil', 'ATL050', TRUE);
INSERT INTO Atleta (id_atleta, id_genero, nome, data_nascimento, nacionalidade, documento, ativo) VALUES (51, 1, 'Thiago Rocha 51', '1993-04-12', 'Brasil', 'ATL051', TRUE);
INSERT INTO Atleta (id_atleta, id_genero, nome, data_nascimento, nacionalidade, documento, ativo) VALUES (52, 1, 'Andre Carvalho 52', '1994-05-13', 'Brasil', 'ATL052', TRUE);
INSERT INTO Atleta (id_atleta, id_genero, nome, data_nascimento, nacionalidade, documento, ativo) VALUES (53, 1, 'Rodrigo Alves 53', '1995-06-14', 'Brasil', 'ATL053', TRUE);
INSERT INTO Atleta (id_atleta, id_genero, nome, data_nascimento, nacionalidade, documento, ativo) VALUES (54, 1, 'Marcos Dias 54', '1996-07-15', 'Brasil', 'ATL054', TRUE);
INSERT INTO Atleta (id_atleta, id_genero, nome, data_nascimento, nacionalidade, documento, ativo) VALUES (55, 1, 'Vinicius Barbosa 55', '1997-08-16', 'Brasil', 'ATL055', TRUE);
INSERT INTO Atleta (id_atleta, id_genero, nome, data_nascimento, nacionalidade, documento, ativo) VALUES (56, 1, 'Leonardo Ramos 56', '1998-09-17', 'Brasil', 'ATL056', TRUE);
INSERT INTO Atleta (id_atleta, id_genero, nome, data_nascimento, nacionalidade, documento, ativo) VALUES (57, 1, 'Eduardo Melo 57', '1999-10-18', 'Brasil', 'ATL057', TRUE);
INSERT INTO Atleta (id_atleta, id_genero, nome, data_nascimento, nacionalidade, documento, ativo) VALUES (58, 1, 'Henrique Araujo 58', '2000-11-19', 'Brasil', 'ATL058', TRUE);
INSERT INTO Atleta (id_atleta, id_genero, nome, data_nascimento, nacionalidade, documento, ativo) VALUES (59, 1, 'Diego Castro 59', '2001-12-20', 'Brasil', 'ATL059', TRUE);
INSERT INTO Atleta (id_atleta, id_genero, nome, data_nascimento, nacionalidade, documento, ativo) VALUES (60, 1, 'Samuel Fernandes 60', '1992-01-01', 'Brasil', 'ATL060', TRUE);
INSERT INTO Atleta (id_atleta, id_genero, nome, data_nascimento, nacionalidade, documento, ativo) VALUES (61, 1, 'Joao Silva 61', '1993-02-02', 'Brasil', 'ATL061', TRUE);
INSERT INTO Atleta (id_atleta, id_genero, nome, data_nascimento, nacionalidade, documento, ativo) VALUES (62, 1, 'Pedro Santos 62', '1994-03-03', 'Brasil', 'ATL062', TRUE);
INSERT INTO Atleta (id_atleta, id_genero, nome, data_nascimento, nacionalidade, documento, ativo) VALUES (63, 1, 'Lucas Oliveira 63', '1995-04-04', 'Brasil', 'ATL063', TRUE);
INSERT INTO Atleta (id_atleta, id_genero, nome, data_nascimento, nacionalidade, documento, ativo) VALUES (64, 1, 'Gabriel Souza 64', '1996-05-05', 'Brasil', 'ATL064', TRUE);
INSERT INTO Atleta (id_atleta, id_genero, nome, data_nascimento, nacionalidade, documento, ativo) VALUES (65, 1, 'Matheus Pereira 65', '1997-06-06', 'Brasil', 'ATL065', TRUE);
INSERT INTO Atleta (id_atleta, id_genero, nome, data_nascimento, nacionalidade, documento, ativo) VALUES (66, 1, 'Rafael Costa 66', '1998-07-07', 'Brasil', 'ATL066', TRUE);
INSERT INTO Atleta (id_atleta, id_genero, nome, data_nascimento, nacionalidade, documento, ativo) VALUES (67, 1, 'Bruno Lima 67', '1999-08-08', 'Brasil', 'ATL067', TRUE);
INSERT INTO Atleta (id_atleta, id_genero, nome, data_nascimento, nacionalidade, documento, ativo) VALUES (68, 1, 'Felipe Gomes 68', '2000-09-09', 'Brasil', 'ATL068', TRUE);
INSERT INTO Atleta (id_atleta, id_genero, nome, data_nascimento, nacionalidade, documento, ativo) VALUES (69, 1, 'Gustavo Ribeiro 69', '2001-10-10', 'Brasil', 'ATL069', TRUE);
INSERT INTO Atleta (id_atleta, id_genero, nome, data_nascimento, nacionalidade, documento, ativo) VALUES (70, 1, 'Caio Martins 70', '1992-11-11', 'Brasil', 'ATL070', TRUE);
INSERT INTO Atleta (id_atleta, id_genero, nome, data_nascimento, nacionalidade, documento, ativo) VALUES (71, 2, 'Ana Ribeiro 71', '1993-12-12', 'Brasil', 'ATL071', TRUE);
INSERT INTO Atleta (id_atleta, id_genero, nome, data_nascimento, nacionalidade, documento, ativo) VALUES (72, 2, 'Maria Santos 72', '1994-01-13', 'Brasil', 'ATL072', TRUE);
INSERT INTO Atleta (id_atleta, id_genero, nome, data_nascimento, nacionalidade, documento, ativo) VALUES (73, 2, 'Juliana Oliveira 73', '1995-02-14', 'Brasil', 'ATL073', TRUE);
INSERT INTO Atleta (id_atleta, id_genero, nome, data_nascimento, nacionalidade, documento, ativo) VALUES (74, 2, 'Camila Souza 74', '1996-03-15', 'Brasil', 'ATL074', TRUE);
INSERT INTO Atleta (id_atleta, id_genero, nome, data_nascimento, nacionalidade, documento, ativo) VALUES (75, 2, 'Larissa Pereira 75', '1997-04-16', 'Brasil', 'ATL075', TRUE);
INSERT INTO Atleta (id_atleta, id_genero, nome, data_nascimento, nacionalidade, documento, ativo) VALUES (76, 2, 'Beatriz Costa 76', '1998-05-17', 'Brasil', 'ATL076', TRUE);
INSERT INTO Atleta (id_atleta, id_genero, nome, data_nascimento, nacionalidade, documento, ativo) VALUES (77, 2, 'Mariana Lima 77', '1999-06-18', 'Brasil', 'ATL077', TRUE);
INSERT INTO Atleta (id_atleta, id_genero, nome, data_nascimento, nacionalidade, documento, ativo) VALUES (78, 2, 'Fernanda Gomes 78', '2000-07-19', 'Brasil', 'ATL078', TRUE);
INSERT INTO Atleta (id_atleta, id_genero, nome, data_nascimento, nacionalidade, documento, ativo) VALUES (79, 2, 'Patricia Martins 79', '2001-08-20', 'Brasil', 'ATL079', TRUE);
INSERT INTO Atleta (id_atleta, id_genero, nome, data_nascimento, nacionalidade, documento, ativo) VALUES (80, 2, 'Carolina Rocha 80', '1992-09-01', 'Brasil', 'ATL080', TRUE);
INSERT INTO Atleta (id_atleta, id_genero, nome, data_nascimento, nacionalidade, documento, ativo) VALUES (81, 2, 'Aline Carvalho 81', '1993-10-02', 'Brasil', 'ATL081', TRUE);
INSERT INTO Atleta (id_atleta, id_genero, nome, data_nascimento, nacionalidade, documento, ativo) VALUES (82, 2, 'Isabela Alves 82', '1994-11-03', 'Brasil', 'ATL082', TRUE);
INSERT INTO Atleta (id_atleta, id_genero, nome, data_nascimento, nacionalidade, documento, ativo) VALUES (83, 2, 'Renata Dias 83', '1995-12-04', 'Brasil', 'ATL083', TRUE);
INSERT INTO Atleta (id_atleta, id_genero, nome, data_nascimento, nacionalidade, documento, ativo) VALUES (84, 2, 'Bianca Barbosa 84', '1996-01-05', 'Brasil', 'ATL084', TRUE);
INSERT INTO Atleta (id_atleta, id_genero, nome, data_nascimento, nacionalidade, documento, ativo) VALUES (85, 2, 'Luana Ramos 85', '1997-02-06', 'Brasil', 'ATL085', TRUE);
INSERT INTO Atleta (id_atleta, id_genero, nome, data_nascimento, nacionalidade, documento, ativo) VALUES (86, 2, 'Leticia Melo 86', '1998-03-07', 'Brasil', 'ATL086', TRUE);
INSERT INTO Atleta (id_atleta, id_genero, nome, data_nascimento, nacionalidade, documento, ativo) VALUES (87, 2, 'Gabriela Araujo 87', '1999-04-08', 'Brasil', 'ATL087', TRUE);
INSERT INTO Atleta (id_atleta, id_genero, nome, data_nascimento, nacionalidade, documento, ativo) VALUES (88, 2, 'Daniela Castro 88', '2000-05-09', 'Brasil', 'ATL088', TRUE);
INSERT INTO Atleta (id_atleta, id_genero, nome, data_nascimento, nacionalidade, documento, ativo) VALUES (89, 2, 'Amanda Fernandes 89', '2001-06-10', 'Brasil', 'ATL089', TRUE);
INSERT INTO Atleta (id_atleta, id_genero, nome, data_nascimento, nacionalidade, documento, ativo) VALUES (90, 2, 'Clara Nascimento 90', '1992-07-11', 'Brasil', 'ATL090', TRUE);
INSERT INTO Atleta (id_atleta, id_genero, nome, data_nascimento, nacionalidade, documento, ativo) VALUES (91, 2, 'Ana Ribeiro 91', '1993-08-12', 'Brasil', 'ATL091', TRUE);
INSERT INTO Atleta (id_atleta, id_genero, nome, data_nascimento, nacionalidade, documento, ativo) VALUES (92, 2, 'Maria Santos 92', '1994-09-13', 'Brasil', 'ATL092', TRUE);
INSERT INTO Atleta (id_atleta, id_genero, nome, data_nascimento, nacionalidade, documento, ativo) VALUES (93, 2, 'Juliana Oliveira 93', '1995-10-14', 'Brasil', 'ATL093', TRUE);
INSERT INTO Atleta (id_atleta, id_genero, nome, data_nascimento, nacionalidade, documento, ativo) VALUES (94, 2, 'Camila Souza 94', '1996-11-15', 'Brasil', 'ATL094', TRUE);
INSERT INTO Atleta (id_atleta, id_genero, nome, data_nascimento, nacionalidade, documento, ativo) VALUES (95, 2, 'Larissa Pereira 95', '1997-12-16', 'Brasil', 'ATL095', TRUE);
INSERT INTO Atleta (id_atleta, id_genero, nome, data_nascimento, nacionalidade, documento, ativo) VALUES (96, 2, 'Beatriz Costa 96', '1998-01-17', 'Brasil', 'ATL096', TRUE);
INSERT INTO Atleta (id_atleta, id_genero, nome, data_nascimento, nacionalidade, documento, ativo) VALUES (97, 2, 'Mariana Lima 97', '1999-02-18', 'Brasil', 'ATL097', TRUE);
INSERT INTO Atleta (id_atleta, id_genero, nome, data_nascimento, nacionalidade, documento, ativo) VALUES (98, 2, 'Fernanda Gomes 98', '2000-03-19', 'Brasil', 'ATL098', TRUE);
INSERT INTO Atleta (id_atleta, id_genero, nome, data_nascimento, nacionalidade, documento, ativo) VALUES (99, 2, 'Patricia Martins 99', '2001-04-20', 'Brasil', 'ATL099', TRUE);
INSERT INTO Atleta (id_atleta, id_genero, nome, data_nascimento, nacionalidade, documento, ativo) VALUES (100, 2, 'Carolina Rocha 100', '1992-05-01', 'Brasil', 'ATL100', TRUE);

-- Atleta_Equipe
INSERT INTO Atleta_Equipe (id_atleta_equipe, id_atleta, id_equipe_campeonato, numero_camisa, posicao, data_inicio, data_fim, ativo) VALUES (1, 49, 1, 17, 'atacante', '2016-02-01', NULL, TRUE);
INSERT INTO Atleta_Equipe (id_atleta_equipe, id_atleta, id_equipe_campeonato, numero_camisa, posicao, data_inicio, data_fim, ativo) VALUES (2, 50, 2, 19, 'atacante', '2016-02-01', NULL, TRUE);
INSERT INTO Atleta_Equipe (id_atleta_equipe, id_atleta, id_equipe_campeonato, numero_camisa, posicao, data_inicio, data_fim, ativo) VALUES (3, 51, 3, 19, 'atacante', '2017-02-01', NULL, TRUE);
INSERT INTO Atleta_Equipe (id_atleta_equipe, id_atleta, id_equipe_campeonato, numero_camisa, posicao, data_inicio, data_fim, ativo) VALUES (4, 52, 4, 21, 'atacante', '2017-02-01', NULL, TRUE);
INSERT INTO Atleta_Equipe (id_atleta_equipe, id_atleta, id_equipe_campeonato, numero_camisa, posicao, data_inicio, data_fim, ativo) VALUES (5, 53, 5, 21, 'atacante', '2018-02-01', NULL, TRUE);
INSERT INTO Atleta_Equipe (id_atleta_equipe, id_atleta, id_equipe_campeonato, numero_camisa, posicao, data_inicio, data_fim, ativo) VALUES (6, 54, 6, 23, 'atacante', '2018-02-01', NULL, TRUE);
INSERT INTO Atleta_Equipe (id_atleta_equipe, id_atleta, id_equipe_campeonato, numero_camisa, posicao, data_inicio, data_fim, ativo) VALUES (7, 55, 7, 23, 'atacante', '2019-02-01', NULL, TRUE);
INSERT INTO Atleta_Equipe (id_atleta_equipe, id_atleta, id_equipe_campeonato, numero_camisa, posicao, data_inicio, data_fim, ativo) VALUES (8, 56, 8, 25, 'atacante', '2019-02-01', NULL, TRUE);
INSERT INTO Atleta_Equipe (id_atleta_equipe, id_atleta, id_equipe_campeonato, numero_camisa, posicao, data_inicio, data_fim, ativo) VALUES (9, 57, 9, 25, 'atacante', '2020-02-01', NULL, TRUE);
INSERT INTO Atleta_Equipe (id_atleta_equipe, id_atleta, id_equipe_campeonato, numero_camisa, posicao, data_inicio, data_fim, ativo) VALUES (10, 58, 10, 7, 'atacante', '2020-02-01', NULL, TRUE);
INSERT INTO Atleta_Equipe (id_atleta_equipe, id_atleta, id_equipe_campeonato, numero_camisa, posicao, data_inicio, data_fim, ativo) VALUES (11, 59, 11, 7, 'atacante', '2021-02-01', NULL, TRUE);
INSERT INTO Atleta_Equipe (id_atleta_equipe, id_atleta, id_equipe_campeonato, numero_camisa, posicao, data_inicio, data_fim, ativo) VALUES (12, 60, 12, 9, 'atacante', '2021-02-01', NULL, TRUE);
INSERT INTO Atleta_Equipe (id_atleta_equipe, id_atleta, id_equipe_campeonato, numero_camisa, posicao, data_inicio, data_fim, ativo) VALUES (13, 61, 13, 9, 'atacante', '2022-02-01', NULL, TRUE);
INSERT INTO Atleta_Equipe (id_atleta_equipe, id_atleta, id_equipe_campeonato, numero_camisa, posicao, data_inicio, data_fim, ativo) VALUES (14, 62, 14, 11, 'atacante', '2022-02-01', NULL, TRUE);
INSERT INTO Atleta_Equipe (id_atleta_equipe, id_atleta, id_equipe_campeonato, numero_camisa, posicao, data_inicio, data_fim, ativo) VALUES (15, 63, 15, 11, 'atacante', '2023-02-01', NULL, TRUE);
INSERT INTO Atleta_Equipe (id_atleta_equipe, id_atleta, id_equipe_campeonato, numero_camisa, posicao, data_inicio, data_fim, ativo) VALUES (16, 64, 16, 13, 'atacante', '2023-02-01', NULL, TRUE);
INSERT INTO Atleta_Equipe (id_atleta_equipe, id_atleta, id_equipe_campeonato, numero_camisa, posicao, data_inicio, data_fim, ativo) VALUES (17, 65, 17, 13, 'atacante', '2024-02-01', NULL, TRUE);
INSERT INTO Atleta_Equipe (id_atleta_equipe, id_atleta, id_equipe_campeonato, numero_camisa, posicao, data_inicio, data_fim, ativo) VALUES (18, 66, 18, 15, 'atacante', '2024-02-01', NULL, TRUE);
INSERT INTO Atleta_Equipe (id_atleta_equipe, id_atleta, id_equipe_campeonato, numero_camisa, posicao, data_inicio, data_fim, ativo) VALUES (19, 67, 19, 17, 'atacante', '2024-02-01', NULL, TRUE);
INSERT INTO Atleta_Equipe (id_atleta_equipe, id_atleta, id_equipe_campeonato, numero_camisa, posicao, data_inicio, data_fim, ativo) VALUES (20, 68, 20, 19, 'atacante', '2024-02-01', NULL, TRUE);
INSERT INTO Atleta_Equipe (id_atleta_equipe, id_atleta, id_equipe_campeonato, numero_camisa, posicao, data_inicio, data_fim, ativo) VALUES (21, 67, 21, 15, 'atacante', '2025-02-01', NULL, TRUE);
INSERT INTO Atleta_Equipe (id_atleta_equipe, id_atleta, id_equipe_campeonato, numero_camisa, posicao, data_inicio, data_fim, ativo) VALUES (22, 68, 22, 17, 'atacante', '2025-02-01', NULL, TRUE);
INSERT INTO Atleta_Equipe (id_atleta_equipe, id_atleta, id_equipe_campeonato, numero_camisa, posicao, data_inicio, data_fim, ativo) VALUES (23, 69, 23, 19, 'atacante', '2025-02-01', NULL, TRUE);
INSERT INTO Atleta_Equipe (id_atleta_equipe, id_atleta, id_equipe_campeonato, numero_camisa, posicao, data_inicio, data_fim, ativo) VALUES (24, 70, 24, 21, 'atacante', '2025-02-01', NULL, TRUE);
INSERT INTO Atleta_Equipe (id_atleta_equipe, id_atleta, id_equipe_campeonato, numero_camisa, posicao, data_inicio, data_fim, ativo) VALUES (25, 7, 25, 15, 'atacante', '2024-02-01', NULL, TRUE);
INSERT INTO Atleta_Equipe (id_atleta_equipe, id_atleta, id_equipe_campeonato, numero_camisa, posicao, data_inicio, data_fim, ativo) VALUES (26, 8, 26, 17, 'atacante', '2024-02-01', NULL, TRUE);
INSERT INTO Atleta_Equipe (id_atleta_equipe, id_atleta, id_equipe_campeonato, numero_camisa, posicao, data_inicio, data_fim, ativo) VALUES (27, 9, 27, 19, 'atacante', '2024-02-01', NULL, TRUE);
INSERT INTO Atleta_Equipe (id_atleta_equipe, id_atleta, id_equipe_campeonato, numero_camisa, posicao, data_inicio, data_fim, ativo) VALUES (28, 10, 28, 21, 'atacante', '2024-02-01', NULL, TRUE);
INSERT INTO Atleta_Equipe (id_atleta_equipe, id_atleta, id_equipe_campeonato, numero_camisa, posicao, data_inicio, data_fim, ativo) VALUES (29, 18, 29, 26, 'atacante', '2024-02-01', NULL, TRUE);
INSERT INTO Atleta_Equipe (id_atleta_equipe, id_atleta, id_equipe_campeonato, numero_camisa, posicao, data_inicio, data_fim, ativo) VALUES (30, 19, 30, 8, 'atacante', '2024-02-01', NULL, TRUE);
INSERT INTO Atleta_Equipe (id_atleta_equipe, id_atleta, id_equipe_campeonato, numero_camisa, posicao, data_inicio, data_fim, ativo) VALUES (31, 20, 31, 10, 'atacante', '2024-02-01', NULL, TRUE);
INSERT INTO Atleta_Equipe (id_atleta_equipe, id_atleta, id_equipe_campeonato, numero_camisa, posicao, data_inicio, data_fim, ativo) VALUES (32, 11, 32, 22, 'atacante', '2024-02-01', NULL, TRUE);
INSERT INTO Atleta_Equipe (id_atleta_equipe, id_atleta, id_equipe_campeonato, numero_camisa, posicao, data_inicio, data_fim, ativo) VALUES (33, 29, 33, 17, 'atacante', '2024-02-01', NULL, TRUE);
INSERT INTO Atleta_Equipe (id_atleta_equipe, id_atleta, id_equipe_campeonato, numero_camisa, posicao, data_inicio, data_fim, ativo) VALUES (34, 30, 34, 19, 'atacante', '2024-02-01', NULL, TRUE);
INSERT INTO Atleta_Equipe (id_atleta_equipe, id_atleta, id_equipe_campeonato, numero_camisa, posicao, data_inicio, data_fim, ativo) VALUES (35, 21, 35, 11, 'atacante', '2024-02-01', NULL, TRUE);
INSERT INTO Atleta_Equipe (id_atleta_equipe, id_atleta, id_equipe_campeonato, numero_camisa, posicao, data_inicio, data_fim, ativo) VALUES (36, 22, 36, 13, 'atacante', '2024-02-01', NULL, TRUE);
INSERT INTO Atleta_Equipe (id_atleta_equipe, id_atleta, id_equipe_campeonato, numero_camisa, posicao, data_inicio, data_fim, ativo) VALUES (37, 40, 37, 8, 'atacante', '2024-02-01', NULL, TRUE);
INSERT INTO Atleta_Equipe (id_atleta_equipe, id_atleta, id_equipe_campeonato, numero_camisa, posicao, data_inicio, data_fim, ativo) VALUES (38, 31, 38, 20, 'atacante', '2024-02-01', NULL, TRUE);
INSERT INTO Atleta_Equipe (id_atleta_equipe, id_atleta, id_equipe_campeonato, numero_camisa, posicao, data_inicio, data_fim, ativo) VALUES (39, 32, 39, 22, 'atacante', '2024-02-01', NULL, TRUE);
INSERT INTO Atleta_Equipe (id_atleta_equipe, id_atleta, id_equipe_campeonato, numero_camisa, posicao, data_inicio, data_fim, ativo) VALUES (40, 33, 40, 24, 'atacante', '2024-02-01', NULL, TRUE);
INSERT INTO Atleta_Equipe (id_atleta_equipe, id_atleta, id_equipe_campeonato, numero_camisa, posicao, data_inicio, data_fim, ativo) VALUES (41, 98, 41, 26, 'ponteiro', '2021-02-01', NULL, TRUE);
INSERT INTO Atleta_Equipe (id_atleta_equipe, id_atleta, id_equipe_campeonato, numero_camisa, posicao, data_inicio, data_fim, ativo) VALUES (42, 99, 42, 8, 'ponteiro', '2021-02-01', NULL, TRUE);
INSERT INTO Atleta_Equipe (id_atleta_equipe, id_atleta, id_equipe_campeonato, numero_camisa, posicao, data_inicio, data_fim, ativo) VALUES (43, 100, 43, 10, 'ponteiro', '2021-02-01', NULL, TRUE);
INSERT INTO Atleta_Equipe (id_atleta_equipe, id_atleta, id_equipe_campeonato, numero_camisa, posicao, data_inicio, data_fim, ativo) VALUES (44, 71, 44, 22, 'ponteiro', '2021-02-01', NULL, TRUE);
INSERT INTO Atleta_Equipe (id_atleta_equipe, id_atleta, id_equipe_campeonato, numero_camisa, posicao, data_inicio, data_fim, ativo) VALUES (45, 100, 45, 8, 'ponteiro', '2022-02-01', NULL, TRUE);
INSERT INTO Atleta_Equipe (id_atleta_equipe, id_atleta, id_equipe_campeonato, numero_camisa, posicao, data_inicio, data_fim, ativo) VALUES (46, 71, 46, 20, 'ponteiro', '2022-02-01', NULL, TRUE);
INSERT INTO Atleta_Equipe (id_atleta_equipe, id_atleta, id_equipe_campeonato, numero_camisa, posicao, data_inicio, data_fim, ativo) VALUES (47, 72, 47, 22, 'ponteiro', '2022-02-01', NULL, TRUE);
INSERT INTO Atleta_Equipe (id_atleta_equipe, id_atleta, id_equipe_campeonato, numero_camisa, posicao, data_inicio, data_fim, ativo) VALUES (48, 73, 48, 24, 'ponteiro', '2022-02-01', NULL, TRUE);
INSERT INTO Atleta_Equipe (id_atleta_equipe, id_atleta, id_equipe_campeonato, numero_camisa, posicao, data_inicio, data_fim, ativo) VALUES (49, 72, 49, 20, 'ponteiro', '2023-02-01', NULL, TRUE);
INSERT INTO Atleta_Equipe (id_atleta_equipe, id_atleta, id_equipe_campeonato, numero_camisa, posicao, data_inicio, data_fim, ativo) VALUES (50, 73, 50, 22, 'ponteiro', '2023-02-01', NULL, TRUE);
INSERT INTO Atleta_Equipe (id_atleta_equipe, id_atleta, id_equipe_campeonato, numero_camisa, posicao, data_inicio, data_fim, ativo) VALUES (51, 74, 51, 24, 'ponteiro', '2023-02-01', NULL, TRUE);
INSERT INTO Atleta_Equipe (id_atleta_equipe, id_atleta, id_equipe_campeonato, numero_camisa, posicao, data_inicio, data_fim, ativo) VALUES (52, 75, 52, 26, 'ponteiro', '2023-02-01', NULL, TRUE);
INSERT INTO Atleta_Equipe (id_atleta_equipe, id_atleta, id_equipe_campeonato, numero_camisa, posicao, data_inicio, data_fim, ativo) VALUES (53, 74, 53, 22, 'ponteiro', '2024-02-01', NULL, TRUE);
INSERT INTO Atleta_Equipe (id_atleta_equipe, id_atleta, id_equipe_campeonato, numero_camisa, posicao, data_inicio, data_fim, ativo) VALUES (54, 75, 54, 24, 'ponteiro', '2024-02-01', NULL, TRUE);
INSERT INTO Atleta_Equipe (id_atleta_equipe, id_atleta, id_equipe_campeonato, numero_camisa, posicao, data_inicio, data_fim, ativo) VALUES (55, 76, 55, 26, 'ponteiro', '2024-02-01', NULL, TRUE);
INSERT INTO Atleta_Equipe (id_atleta_equipe, id_atleta, id_equipe_campeonato, numero_camisa, posicao, data_inicio, data_fim, ativo) VALUES (56, 77, 56, 8, 'ponteiro', '2024-02-01', NULL, TRUE);
INSERT INTO Atleta_Equipe (id_atleta_equipe, id_atleta, id_equipe_campeonato, numero_camisa, posicao, data_inicio, data_fim, ativo) VALUES (57, 76, 57, 24, 'ponteiro', '2025-02-01', NULL, TRUE);
INSERT INTO Atleta_Equipe (id_atleta_equipe, id_atleta, id_equipe_campeonato, numero_camisa, posicao, data_inicio, data_fim, ativo) VALUES (58, 77, 58, 26, 'ponteiro', '2025-02-01', NULL, TRUE);
INSERT INTO Atleta_Equipe (id_atleta_equipe, id_atleta, id_equipe_campeonato, numero_camisa, posicao, data_inicio, data_fim, ativo) VALUES (59, 78, 59, 8, 'ponteiro', '2025-02-01', NULL, TRUE);
INSERT INTO Atleta_Equipe (id_atleta_equipe, id_atleta, id_equipe_campeonato, numero_camisa, posicao, data_inicio, data_fim, ativo) VALUES (60, 79, 60, 10, 'ponteiro', '2025-02-01', NULL, TRUE);
INSERT INTO Atleta_Equipe (id_atleta_equipe, id_atleta, id_equipe_campeonato, numero_camisa, posicao, data_inicio, data_fim, ativo) VALUES (61, 7, 61, 15, 'armador', '2025-02-01', NULL, TRUE);
INSERT INTO Atleta_Equipe (id_atleta_equipe, id_atleta, id_equipe_campeonato, numero_camisa, posicao, data_inicio, data_fim, ativo) VALUES (62, 8, 62, 17, 'armador', '2025-02-01', NULL, TRUE);
INSERT INTO Atleta_Equipe (id_atleta_equipe, id_atleta, id_equipe_campeonato, numero_camisa, posicao, data_inicio, data_fim, ativo) VALUES (63, 9, 63, 19, 'armador', '2025-02-01', NULL, TRUE);
INSERT INTO Atleta_Equipe (id_atleta_equipe, id_atleta, id_equipe_campeonato, numero_camisa, posicao, data_inicio, data_fim, ativo) VALUES (64, 10, 64, 21, 'armador', '2025-02-01', NULL, TRUE);
INSERT INTO Atleta_Equipe (id_atleta_equipe, id_atleta, id_equipe_campeonato, numero_camisa, posicao, data_inicio, data_fim, ativo) VALUES (65, 18, 65, 26, 'armador', '2025-02-01', NULL, TRUE);
INSERT INTO Atleta_Equipe (id_atleta_equipe, id_atleta, id_equipe_campeonato, numero_camisa, posicao, data_inicio, data_fim, ativo) VALUES (66, 19, 66, 8, 'armador', '2025-02-01', NULL, TRUE);
INSERT INTO Atleta_Equipe (id_atleta_equipe, id_atleta, id_equipe_campeonato, numero_camisa, posicao, data_inicio, data_fim, ativo) VALUES (67, 20, 67, 10, 'armador', '2025-02-01', NULL, TRUE);
INSERT INTO Atleta_Equipe (id_atleta_equipe, id_atleta, id_equipe_campeonato, numero_camisa, posicao, data_inicio, data_fim, ativo) VALUES (68, 11, 68, 22, 'armador', '2025-02-01', NULL, TRUE);
INSERT INTO Atleta_Equipe (id_atleta_equipe, id_atleta, id_equipe_campeonato, numero_camisa, posicao, data_inicio, data_fim, ativo) VALUES (69, 29, 69, 17, 'armador', '2025-02-01', NULL, TRUE);
INSERT INTO Atleta_Equipe (id_atleta_equipe, id_atleta, id_equipe_campeonato, numero_camisa, posicao, data_inicio, data_fim, ativo) VALUES (70, 30, 70, 19, 'armador', '2025-02-01', NULL, TRUE);
INSERT INTO Atleta_Equipe (id_atleta_equipe, id_atleta, id_equipe_campeonato, numero_camisa, posicao, data_inicio, data_fim, ativo) VALUES (71, 21, 71, 11, 'armador', '2025-02-01', NULL, TRUE);
INSERT INTO Atleta_Equipe (id_atleta_equipe, id_atleta, id_equipe_campeonato, numero_camisa, posicao, data_inicio, data_fim, ativo) VALUES (72, 22, 72, 13, 'armador', '2025-02-01', NULL, TRUE);
INSERT INTO Atleta_Equipe (id_atleta_equipe, id_atleta, id_equipe_campeonato, numero_camisa, posicao, data_inicio, data_fim, ativo) VALUES (73, 40, 73, 8, 'armador', '2025-02-01', NULL, TRUE);
INSERT INTO Atleta_Equipe (id_atleta_equipe, id_atleta, id_equipe_campeonato, numero_camisa, posicao, data_inicio, data_fim, ativo) VALUES (74, 31, 74, 20, 'armador', '2025-02-01', NULL, TRUE);
INSERT INTO Atleta_Equipe (id_atleta_equipe, id_atleta, id_equipe_campeonato, numero_camisa, posicao, data_inicio, data_fim, ativo) VALUES (75, 32, 75, 22, 'armador', '2025-02-01', NULL, TRUE);
INSERT INTO Atleta_Equipe (id_atleta_equipe, id_atleta, id_equipe_campeonato, numero_camisa, posicao, data_inicio, data_fim, ativo) VALUES (76, 33, 76, 24, 'armador', '2025-02-01', NULL, TRUE);
INSERT INTO Atleta_Equipe (id_atleta_equipe, id_atleta, id_equipe_campeonato, numero_camisa, posicao, data_inicio, data_fim, ativo) VALUES (77, 51, 77, 19, 'armador', '2025-02-01', NULL, TRUE);
INSERT INTO Atleta_Equipe (id_atleta_equipe, id_atleta, id_equipe_campeonato, numero_camisa, posicao, data_inicio, data_fim, ativo) VALUES (78, 52, 78, 21, 'armador', '2025-02-01', NULL, TRUE);
INSERT INTO Atleta_Equipe (id_atleta_equipe, id_atleta, id_equipe_campeonato, numero_camisa, posicao, data_inicio, data_fim, ativo) VALUES (79, 53, 79, 23, 'armador', '2025-02-01', NULL, TRUE);
INSERT INTO Atleta_Equipe (id_atleta_equipe, id_atleta, id_equipe_campeonato, numero_camisa, posicao, data_inicio, data_fim, ativo) VALUES (80, 54, 80, 25, 'armador', '2025-02-01', NULL, TRUE);
INSERT INTO Atleta_Equipe (id_atleta_equipe, id_atleta, id_equipe_campeonato, numero_camisa, posicao, data_inicio, data_fim, ativo) VALUES (81, 52, 81, 20, 'centro', '2025-02-01', NULL, TRUE);
INSERT INTO Atleta_Equipe (id_atleta_equipe, id_atleta, id_equipe_campeonato, numero_camisa, posicao, data_inicio, data_fim, ativo) VALUES (82, 53, 82, 22, 'centro', '2025-02-01', NULL, TRUE);
INSERT INTO Atleta_Equipe (id_atleta_equipe, id_atleta, id_equipe_campeonato, numero_camisa, posicao, data_inicio, data_fim, ativo) VALUES (83, 54, 83, 24, 'centro', '2025-02-01', NULL, TRUE);
INSERT INTO Atleta_Equipe (id_atleta_equipe, id_atleta, id_equipe_campeonato, numero_camisa, posicao, data_inicio, data_fim, ativo) VALUES (84, 55, 84, 26, 'centro', '2025-02-01', NULL, TRUE);
INSERT INTO Atleta_Equipe (id_atleta_equipe, id_atleta, id_equipe_campeonato, numero_camisa, posicao, data_inicio, data_fim, ativo) VALUES (85, 83, 85, 11, 'centro', '2025-02-01', NULL, TRUE);
INSERT INTO Atleta_Equipe (id_atleta_equipe, id_atleta, id_equipe_campeonato, numero_camisa, posicao, data_inicio, data_fim, ativo) VALUES (86, 84, 86, 13, 'centro', '2025-02-01', NULL, TRUE);
INSERT INTO Atleta_Equipe (id_atleta_equipe, id_atleta, id_equipe_campeonato, numero_camisa, posicao, data_inicio, data_fim, ativo) VALUES (87, 85, 87, 15, 'centro', '2025-02-01', NULL, TRUE);
INSERT INTO Atleta_Equipe (id_atleta_equipe, id_atleta, id_equipe_campeonato, numero_camisa, posicao, data_inicio, data_fim, ativo) VALUES (88, 86, 88, 17, 'centro', '2025-02-01', NULL, TRUE);
INSERT INTO Atleta_Equipe (id_atleta_equipe, id_atleta, id_equipe_campeonato, numero_camisa, posicao, data_inicio, data_fim, ativo) VALUES (89, 54, 89, 22, 'fixo', '2025-02-01', NULL, TRUE);
INSERT INTO Atleta_Equipe (id_atleta_equipe, id_atleta, id_equipe_campeonato, numero_camisa, posicao, data_inicio, data_fim, ativo) VALUES (90, 55, 90, 24, 'fixo', '2025-02-01', NULL, TRUE);
INSERT INTO Atleta_Equipe (id_atleta_equipe, id_atleta, id_equipe_campeonato, numero_camisa, posicao, data_inicio, data_fim, ativo) VALUES (91, 56, 91, 26, 'fixo', '2025-02-01', NULL, TRUE);
INSERT INTO Atleta_Equipe (id_atleta_equipe, id_atleta, id_equipe_campeonato, numero_camisa, posicao, data_inicio, data_fim, ativo) VALUES (92, 57, 92, 8, 'fixo', '2025-02-01', NULL, TRUE);
INSERT INTO Atleta_Equipe (id_atleta_equipe, id_atleta, id_equipe_campeonato, numero_camisa, posicao, data_inicio, data_fim, ativo) VALUES (93, 85, 93, 13, 'fixo', '2025-02-01', NULL, TRUE);
INSERT INTO Atleta_Equipe (id_atleta_equipe, id_atleta, id_equipe_campeonato, numero_camisa, posicao, data_inicio, data_fim, ativo) VALUES (94, 86, 94, 15, 'fixo', '2025-02-01', NULL, TRUE);
INSERT INTO Atleta_Equipe (id_atleta_equipe, id_atleta, id_equipe_campeonato, numero_camisa, posicao, data_inicio, data_fim, ativo) VALUES (95, 87, 95, 17, 'fixo', '2025-02-01', NULL, TRUE);
INSERT INTO Atleta_Equipe (id_atleta_equipe, id_atleta, id_equipe_campeonato, numero_camisa, posicao, data_inicio, data_fim, ativo) VALUES (96, 88, 96, 19, 'fixo', '2025-02-01', NULL, TRUE);

-- Partida
INSERT INTO Partida (id_partida, id_campeonato, id_equipe_mandante, id_equipe_visitante, id_estadio, data_hora, fase, rodada, situacao, publico_presente, observacoes) VALUES (1, 1, 1, 2, 1, '2016-03-17 21:43:54', 'classificatoria', 1, 'finalizada', 4517, 'partida oficial');
INSERT INTO Partida (id_partida, id_campeonato, id_equipe_mandante, id_equipe_visitante, id_estadio, data_hora, fase, rodada, situacao, publico_presente, observacoes) VALUES (2, 1, 2, 1, 2, '2016-03-24 21:43:54', 'classificatoria', 2, 'finalizada', 4834, 'partida oficial');
INSERT INTO Partida (id_partida, id_campeonato, id_equipe_mandante, id_equipe_visitante, id_estadio, data_hora, fase, rodada, situacao, publico_presente, observacoes) VALUES (3, 2, 3, 4, 3, '2017-03-17 21:43:54', 'classificatoria', 1, 'finalizada', 5151, 'partida oficial');
INSERT INTO Partida (id_partida, id_campeonato, id_equipe_mandante, id_equipe_visitante, id_estadio, data_hora, fase, rodada, situacao, publico_presente, observacoes) VALUES (4, 2, 4, 3, 1, '2017-03-24 21:43:54', 'classificatoria', 2, 'finalizada', 5468, 'partida oficial');
INSERT INTO Partida (id_partida, id_campeonato, id_equipe_mandante, id_equipe_visitante, id_estadio, data_hora, fase, rodada, situacao, publico_presente, observacoes) VALUES (5, 3, 5, 6, 2, '2018-03-17 21:43:54', 'classificatoria', 1, 'finalizada', 5785, 'partida oficial');
INSERT INTO Partida (id_partida, id_campeonato, id_equipe_mandante, id_equipe_visitante, id_estadio, data_hora, fase, rodada, situacao, publico_presente, observacoes) VALUES (6, 3, 6, 5, 3, '2018-03-24 21:43:54', 'classificatoria', 2, 'finalizada', 6102, 'partida oficial');
INSERT INTO Partida (id_partida, id_campeonato, id_equipe_mandante, id_equipe_visitante, id_estadio, data_hora, fase, rodada, situacao, publico_presente, observacoes) VALUES (7, 4, 7, 8, 1, '2019-03-17 21:43:54', 'classificatoria', 1, 'finalizada', 6419, 'partida oficial');
INSERT INTO Partida (id_partida, id_campeonato, id_equipe_mandante, id_equipe_visitante, id_estadio, data_hora, fase, rodada, situacao, publico_presente, observacoes) VALUES (8, 4, 8, 7, 2, '2019-03-24 21:43:54', 'classificatoria', 2, 'finalizada', 6736, 'partida oficial');
INSERT INTO Partida (id_partida, id_campeonato, id_equipe_mandante, id_equipe_visitante, id_estadio, data_hora, fase, rodada, situacao, publico_presente, observacoes) VALUES (9, 5, 9, 10, 3, '2020-03-17 21:43:54', 'classificatoria', 1, 'finalizada', 7053, 'partida oficial');
INSERT INTO Partida (id_partida, id_campeonato, id_equipe_mandante, id_equipe_visitante, id_estadio, data_hora, fase, rodada, situacao, publico_presente, observacoes) VALUES (10, 5, 10, 9, 1, '2020-03-24 21:43:54', 'classificatoria', 2, 'finalizada', 7370, 'partida oficial');
INSERT INTO Partida (id_partida, id_campeonato, id_equipe_mandante, id_equipe_visitante, id_estadio, data_hora, fase, rodada, situacao, publico_presente, observacoes) VALUES (11, 6, 11, 12, 2, '2021-03-17 21:43:54', 'classificatoria', 1, 'finalizada', 7687, 'partida oficial');
INSERT INTO Partida (id_partida, id_campeonato, id_equipe_mandante, id_equipe_visitante, id_estadio, data_hora, fase, rodada, situacao, publico_presente, observacoes) VALUES (12, 6, 12, 11, 3, '2021-03-24 21:43:54', 'classificatoria', 2, 'finalizada', 8004, 'partida oficial');
INSERT INTO Partida (id_partida, id_campeonato, id_equipe_mandante, id_equipe_visitante, id_estadio, data_hora, fase, rodada, situacao, publico_presente, observacoes) VALUES (13, 7, 13, 14, 1, '2022-03-17 21:43:54', 'classificatoria', 1, 'finalizada', 8321, 'partida oficial');
INSERT INTO Partida (id_partida, id_campeonato, id_equipe_mandante, id_equipe_visitante, id_estadio, data_hora, fase, rodada, situacao, publico_presente, observacoes) VALUES (14, 7, 14, 13, 2, '2022-03-24 21:43:54', 'classificatoria', 2, 'finalizada', 8638, 'partida oficial');
INSERT INTO Partida (id_partida, id_campeonato, id_equipe_mandante, id_equipe_visitante, id_estadio, data_hora, fase, rodada, situacao, publico_presente, observacoes) VALUES (15, 8, 15, 16, 3, '2023-03-17 21:43:54', 'classificatoria', 1, 'finalizada', 8955, 'partida oficial');
INSERT INTO Partida (id_partida, id_campeonato, id_equipe_mandante, id_equipe_visitante, id_estadio, data_hora, fase, rodada, situacao, publico_presente, observacoes) VALUES (16, 8, 16, 15, 1, '2023-03-24 21:43:54', 'classificatoria', 2, 'finalizada', 9272, 'partida oficial');
INSERT INTO Partida (id_partida, id_campeonato, id_equipe_mandante, id_equipe_visitante, id_estadio, data_hora, fase, rodada, situacao, publico_presente, observacoes) VALUES (17, 9, 17, 18, 2, '2024-03-17 21:43:54', 'classificatoria', 1, 'finalizada', 9589, 'partida oficial');
INSERT INTO Partida (id_partida, id_campeonato, id_equipe_mandante, id_equipe_visitante, id_estadio, data_hora, fase, rodada, situacao, publico_presente, observacoes) VALUES (18, 9, 17, 19, 3, '2024-03-24 21:43:54', 'classificatoria', 2, 'finalizada', 9906, 'partida oficial');
INSERT INTO Partida (id_partida, id_campeonato, id_equipe_mandante, id_equipe_visitante, id_estadio, data_hora, fase, rodada, situacao, publico_presente, observacoes) VALUES (19, 9, 17, 20, 1, '2024-03-31 21:43:54', 'classificatoria', 3, 'finalizada', 10223, 'partida oficial');
INSERT INTO Partida (id_partida, id_campeonato, id_equipe_mandante, id_equipe_visitante, id_estadio, data_hora, fase, rodada, situacao, publico_presente, observacoes) VALUES (20, 9, 18, 19, 2, '2024-04-07 21:43:54', 'classificatoria', 4, 'finalizada', 10540, 'partida oficial');
INSERT INTO Partida (id_partida, id_campeonato, id_equipe_mandante, id_equipe_visitante, id_estadio, data_hora, fase, rodada, situacao, publico_presente, observacoes) VALUES (21, 9, 18, 20, 3, '2024-04-14 21:43:54', 'classificatoria', 5, 'finalizada', 10857, 'partida oficial');
INSERT INTO Partida (id_partida, id_campeonato, id_equipe_mandante, id_equipe_visitante, id_estadio, data_hora, fase, rodada, situacao, publico_presente, observacoes) VALUES (22, 9, 19, 20, 1, '2024-04-21 21:43:54', 'classificatoria', 6, 'finalizada', 11174, 'partida oficial');
INSERT INTO Partida (id_partida, id_campeonato, id_equipe_mandante, id_equipe_visitante, id_estadio, data_hora, fase, rodada, situacao, publico_presente, observacoes) VALUES (23, 10, 21, 22, 2, '2025-03-17 21:43:54', 'classificatoria', 1, 'finalizada', 11491, 'partida oficial');
INSERT INTO Partida (id_partida, id_campeonato, id_equipe_mandante, id_equipe_visitante, id_estadio, data_hora, fase, rodada, situacao, publico_presente, observacoes) VALUES (24, 10, 21, 23, 3, '2025-03-24 21:43:54', 'classificatoria', 2, 'finalizada', 11808, 'partida oficial');
INSERT INTO Partida (id_partida, id_campeonato, id_equipe_mandante, id_equipe_visitante, id_estadio, data_hora, fase, rodada, situacao, publico_presente, observacoes) VALUES (25, 10, 21, 24, 1, '2025-03-31 21:43:54', 'classificatoria', 3, 'finalizada', 12125, 'partida oficial');
INSERT INTO Partida (id_partida, id_campeonato, id_equipe_mandante, id_equipe_visitante, id_estadio, data_hora, fase, rodada, situacao, publico_presente, observacoes) VALUES (26, 10, 22, 23, 2, '2025-04-07 21:43:54', 'classificatoria', 4, 'finalizada', 12442, 'partida oficial');
INSERT INTO Partida (id_partida, id_campeonato, id_equipe_mandante, id_equipe_visitante, id_estadio, data_hora, fase, rodada, situacao, publico_presente, observacoes) VALUES (27, 10, 22, 24, 3, '2025-04-14 21:43:54', 'classificatoria', 5, 'finalizada', 12759, 'partida oficial');
INSERT INTO Partida (id_partida, id_campeonato, id_equipe_mandante, id_equipe_visitante, id_estadio, data_hora, fase, rodada, situacao, publico_presente, observacoes) VALUES (28, 10, 23, 24, 1, '2025-04-21 21:43:54', 'classificatoria', 6, 'finalizada', 13076, 'partida oficial');
INSERT INTO Partida (id_partida, id_campeonato, id_equipe_mandante, id_equipe_visitante, id_estadio, data_hora, fase, rodada, situacao, publico_presente, observacoes) VALUES (29, 11, 25, 26, 2, '2024-03-17 21:43:54', 'classificatoria', 1, 'finalizada', 577, 'partida oficial');
INSERT INTO Partida (id_partida, id_campeonato, id_equipe_mandante, id_equipe_visitante, id_estadio, data_hora, fase, rodada, situacao, publico_presente, observacoes) VALUES (30, 11, 25, 27, 3, '2024-03-24 21:43:54', 'classificatoria', 2, 'finalizada', 620, 'partida oficial');
INSERT INTO Partida (id_partida, id_campeonato, id_equipe_mandante, id_equipe_visitante, id_estadio, data_hora, fase, rodada, situacao, publico_presente, observacoes) VALUES (31, 11, 25, 28, 1, '2024-03-31 21:43:54', 'classificatoria', 3, 'finalizada', 663, 'partida oficial');
INSERT INTO Partida (id_partida, id_campeonato, id_equipe_mandante, id_equipe_visitante, id_estadio, data_hora, fase, rodada, situacao, publico_presente, observacoes) VALUES (32, 11, 26, 27, 2, '2024-04-07 21:43:54', 'classificatoria', 4, 'finalizada', 706, 'partida oficial');
INSERT INTO Partida (id_partida, id_campeonato, id_equipe_mandante, id_equipe_visitante, id_estadio, data_hora, fase, rodada, situacao, publico_presente, observacoes) VALUES (33, 11, 26, 28, 3, '2024-04-14 21:43:54', 'classificatoria', 5, 'finalizada', 749, 'partida oficial');
INSERT INTO Partida (id_partida, id_campeonato, id_equipe_mandante, id_equipe_visitante, id_estadio, data_hora, fase, rodada, situacao, publico_presente, observacoes) VALUES (34, 11, 27, 28, 1, '2024-04-21 21:43:54', 'classificatoria', 6, 'finalizada', 792, 'partida oficial');
INSERT INTO Partida (id_partida, id_campeonato, id_equipe_mandante, id_equipe_visitante, id_estadio, data_hora, fase, rodada, situacao, publico_presente, observacoes) VALUES (35, 12, 29, 30, 2, '2024-03-17 21:43:54', 'classificatoria', 1, 'finalizada', 835, 'partida oficial');
INSERT INTO Partida (id_partida, id_campeonato, id_equipe_mandante, id_equipe_visitante, id_estadio, data_hora, fase, rodada, situacao, publico_presente, observacoes) VALUES (36, 12, 29, 31, 3, '2024-03-24 21:43:54', 'classificatoria', 2, 'finalizada', 878, 'partida oficial');
INSERT INTO Partida (id_partida, id_campeonato, id_equipe_mandante, id_equipe_visitante, id_estadio, data_hora, fase, rodada, situacao, publico_presente, observacoes) VALUES (37, 12, 29, 32, 1, '2024-03-31 21:43:54', 'classificatoria', 3, 'finalizada', 921, 'partida oficial');
INSERT INTO Partida (id_partida, id_campeonato, id_equipe_mandante, id_equipe_visitante, id_estadio, data_hora, fase, rodada, situacao, publico_presente, observacoes) VALUES (38, 12, 30, 31, 2, '2024-04-07 21:43:54', 'classificatoria', 4, 'finalizada', 964, 'partida oficial');
INSERT INTO Partida (id_partida, id_campeonato, id_equipe_mandante, id_equipe_visitante, id_estadio, data_hora, fase, rodada, situacao, publico_presente, observacoes) VALUES (39, 12, 30, 32, 3, '2024-04-14 21:43:54', 'classificatoria', 5, 'finalizada', 1007, 'partida oficial');
INSERT INTO Partida (id_partida, id_campeonato, id_equipe_mandante, id_equipe_visitante, id_estadio, data_hora, fase, rodada, situacao, publico_presente, observacoes) VALUES (40, 12, 31, 32, 1, '2024-04-21 21:43:54', 'classificatoria', 6, 'finalizada', 200, 'partida oficial');
INSERT INTO Partida (id_partida, id_campeonato, id_equipe_mandante, id_equipe_visitante, id_estadio, data_hora, fase, rodada, situacao, publico_presente, observacoes) VALUES (41, 13, 33, 34, 2, '2024-03-17 21:43:54', 'classificatoria', 1, 'finalizada', 243, 'partida oficial');
INSERT INTO Partida (id_partida, id_campeonato, id_equipe_mandante, id_equipe_visitante, id_estadio, data_hora, fase, rodada, situacao, publico_presente, observacoes) VALUES (42, 13, 33, 35, 3, '2024-03-24 21:43:54', 'classificatoria', 2, 'finalizada', 286, 'partida oficial');
INSERT INTO Partida (id_partida, id_campeonato, id_equipe_mandante, id_equipe_visitante, id_estadio, data_hora, fase, rodada, situacao, publico_presente, observacoes) VALUES (43, 13, 33, 36, 1, '2024-03-31 21:43:54', 'classificatoria', 3, 'finalizada', 329, 'partida oficial');
INSERT INTO Partida (id_partida, id_campeonato, id_equipe_mandante, id_equipe_visitante, id_estadio, data_hora, fase, rodada, situacao, publico_presente, observacoes) VALUES (44, 13, 34, 35, 2, '2024-04-07 21:43:54', 'classificatoria', 4, 'finalizada', 372, 'partida oficial');
INSERT INTO Partida (id_partida, id_campeonato, id_equipe_mandante, id_equipe_visitante, id_estadio, data_hora, fase, rodada, situacao, publico_presente, observacoes) VALUES (45, 13, 34, 36, 3, '2024-04-14 21:43:54', 'classificatoria', 5, 'finalizada', 415, 'partida oficial');
INSERT INTO Partida (id_partida, id_campeonato, id_equipe_mandante, id_equipe_visitante, id_estadio, data_hora, fase, rodada, situacao, publico_presente, observacoes) VALUES (46, 13, 35, 36, 1, '2024-04-21 21:43:54', 'classificatoria', 6, 'finalizada', 458, 'partida oficial');
INSERT INTO Partida (id_partida, id_campeonato, id_equipe_mandante, id_equipe_visitante, id_estadio, data_hora, fase, rodada, situacao, publico_presente, observacoes) VALUES (47, 14, 37, 38, 2, '2024-03-17 21:43:54', 'classificatoria', 1, 'finalizada', 501, 'partida oficial');
INSERT INTO Partida (id_partida, id_campeonato, id_equipe_mandante, id_equipe_visitante, id_estadio, data_hora, fase, rodada, situacao, publico_presente, observacoes) VALUES (48, 14, 37, 39, 3, '2024-03-24 21:43:54', 'classificatoria', 2, 'finalizada', 544, 'partida oficial');
INSERT INTO Partida (id_partida, id_campeonato, id_equipe_mandante, id_equipe_visitante, id_estadio, data_hora, fase, rodada, situacao, publico_presente, observacoes) VALUES (49, 14, 37, 40, 1, '2024-03-31 21:43:54', 'classificatoria', 3, 'finalizada', 587, 'partida oficial');
INSERT INTO Partida (id_partida, id_campeonato, id_equipe_mandante, id_equipe_visitante, id_estadio, data_hora, fase, rodada, situacao, publico_presente, observacoes) VALUES (50, 14, 38, 39, 2, '2024-04-07 21:43:54', 'classificatoria', 4, 'finalizada', 630, 'partida oficial');
INSERT INTO Partida (id_partida, id_campeonato, id_equipe_mandante, id_equipe_visitante, id_estadio, data_hora, fase, rodada, situacao, publico_presente, observacoes) VALUES (51, 14, 38, 40, 3, '2024-04-14 21:43:54', 'classificatoria', 5, 'finalizada', 673, 'partida oficial');
INSERT INTO Partida (id_partida, id_campeonato, id_equipe_mandante, id_equipe_visitante, id_estadio, data_hora, fase, rodada, situacao, publico_presente, observacoes) VALUES (52, 14, 39, 40, 1, '2024-04-21 21:43:54', 'classificatoria', 6, 'finalizada', 716, 'partida oficial');
INSERT INTO Partida (id_partida, id_campeonato, id_equipe_mandante, id_equipe_visitante, id_estadio, data_hora, fase, rodada, situacao, publico_presente, observacoes) VALUES (53, 15, 41, 42, 5, '2021-03-17 21:43:54', 'classificatoria', 1, 'finalizada', 6483, 'partida oficial');
INSERT INTO Partida (id_partida, id_campeonato, id_equipe_mandante, id_equipe_visitante, id_estadio, data_hora, fase, rodada, situacao, publico_presente, observacoes) VALUES (54, 15, 41, 43, 12, '2021-03-24 21:43:54', 'classificatoria', 2, 'finalizada', 6694, 'partida oficial');
INSERT INTO Partida (id_partida, id_campeonato, id_equipe_mandante, id_equipe_visitante, id_estadio, data_hora, fase, rodada, situacao, publico_presente, observacoes) VALUES (55, 15, 41, 44, 4, '2021-03-31 21:43:54', 'classificatoria', 3, 'finalizada', 6905, 'partida oficial');
INSERT INTO Partida (id_partida, id_campeonato, id_equipe_mandante, id_equipe_visitante, id_estadio, data_hora, fase, rodada, situacao, publico_presente, observacoes) VALUES (56, 15, 42, 43, 5, '2021-04-07 21:43:54', 'classificatoria', 4, 'finalizada', 7116, 'partida oficial');
INSERT INTO Partida (id_partida, id_campeonato, id_equipe_mandante, id_equipe_visitante, id_estadio, data_hora, fase, rodada, situacao, publico_presente, observacoes) VALUES (57, 15, 42, 44, 12, '2021-04-14 21:43:54', 'classificatoria', 5, 'finalizada', 7327, 'partida oficial');
INSERT INTO Partida (id_partida, id_campeonato, id_equipe_mandante, id_equipe_visitante, id_estadio, data_hora, fase, rodada, situacao, publico_presente, observacoes) VALUES (58, 15, 43, 44, 4, '2021-04-21 21:43:54', 'classificatoria', 6, 'finalizada', 7538, 'partida oficial');
INSERT INTO Partida (id_partida, id_campeonato, id_equipe_mandante, id_equipe_visitante, id_estadio, data_hora, fase, rodada, situacao, publico_presente, observacoes) VALUES (59, 16, 45, 46, 5, '2022-03-17 21:43:54', 'classificatoria', 1, 'finalizada', 7749, 'partida oficial');
INSERT INTO Partida (id_partida, id_campeonato, id_equipe_mandante, id_equipe_visitante, id_estadio, data_hora, fase, rodada, situacao, publico_presente, observacoes) VALUES (60, 16, 45, 47, 12, '2022-03-24 21:43:54', 'classificatoria', 2, 'finalizada', 7960, 'partida oficial');
INSERT INTO Partida (id_partida, id_campeonato, id_equipe_mandante, id_equipe_visitante, id_estadio, data_hora, fase, rodada, situacao, publico_presente, observacoes) VALUES (61, 16, 45, 48, 4, '2022-03-31 21:43:54', 'classificatoria', 3, 'finalizada', 8171, 'partida oficial');
INSERT INTO Partida (id_partida, id_campeonato, id_equipe_mandante, id_equipe_visitante, id_estadio, data_hora, fase, rodada, situacao, publico_presente, observacoes) VALUES (62, 16, 46, 47, 5, '2022-04-07 21:43:54', 'classificatoria', 4, 'finalizada', 1882, 'partida oficial');
INSERT INTO Partida (id_partida, id_campeonato, id_equipe_mandante, id_equipe_visitante, id_estadio, data_hora, fase, rodada, situacao, publico_presente, observacoes) VALUES (63, 16, 46, 48, 12, '2022-04-14 21:43:54', 'classificatoria', 5, 'finalizada', 2093, 'partida oficial');
INSERT INTO Partida (id_partida, id_campeonato, id_equipe_mandante, id_equipe_visitante, id_estadio, data_hora, fase, rodada, situacao, publico_presente, observacoes) VALUES (64, 16, 47, 48, 4, '2022-04-21 21:43:54', 'classificatoria', 6, 'finalizada', 2304, 'partida oficial');
INSERT INTO Partida (id_partida, id_campeonato, id_equipe_mandante, id_equipe_visitante, id_estadio, data_hora, fase, rodada, situacao, publico_presente, observacoes) VALUES (65, 17, 49, 50, 5, '2023-03-17 21:43:54', 'classificatoria', 1, 'finalizada', 2515, 'partida oficial');
INSERT INTO Partida (id_partida, id_campeonato, id_equipe_mandante, id_equipe_visitante, id_estadio, data_hora, fase, rodada, situacao, publico_presente, observacoes) VALUES (66, 17, 49, 51, 12, '2023-03-24 21:43:54', 'classificatoria', 2, 'finalizada', 2726, 'partida oficial');
INSERT INTO Partida (id_partida, id_campeonato, id_equipe_mandante, id_equipe_visitante, id_estadio, data_hora, fase, rodada, situacao, publico_presente, observacoes) VALUES (67, 17, 49, 52, 4, '2023-03-31 21:43:54', 'classificatoria', 3, 'finalizada', 2937, 'partida oficial');
INSERT INTO Partida (id_partida, id_campeonato, id_equipe_mandante, id_equipe_visitante, id_estadio, data_hora, fase, rodada, situacao, publico_presente, observacoes) VALUES (68, 17, 50, 51, 5, '2023-04-07 21:43:54', 'classificatoria', 4, 'finalizada', 3148, 'partida oficial');
INSERT INTO Partida (id_partida, id_campeonato, id_equipe_mandante, id_equipe_visitante, id_estadio, data_hora, fase, rodada, situacao, publico_presente, observacoes) VALUES (69, 17, 50, 52, 12, '2023-04-14 21:43:54', 'classificatoria', 5, 'finalizada', 3359, 'partida oficial');
INSERT INTO Partida (id_partida, id_campeonato, id_equipe_mandante, id_equipe_visitante, id_estadio, data_hora, fase, rodada, situacao, publico_presente, observacoes) VALUES (70, 17, 51, 52, 4, '2023-04-21 21:43:54', 'classificatoria', 6, 'finalizada', 3570, 'partida oficial');
INSERT INTO Partida (id_partida, id_campeonato, id_equipe_mandante, id_equipe_visitante, id_estadio, data_hora, fase, rodada, situacao, publico_presente, observacoes) VALUES (71, 18, 53, 54, 5, '2024-03-17 21:43:54', 'classificatoria', 1, 'finalizada', 3781, 'partida oficial');
INSERT INTO Partida (id_partida, id_campeonato, id_equipe_mandante, id_equipe_visitante, id_estadio, data_hora, fase, rodada, situacao, publico_presente, observacoes) VALUES (72, 18, 53, 55, 12, '2024-03-24 21:43:54', 'classificatoria', 2, 'finalizada', 3992, 'partida oficial');
INSERT INTO Partida (id_partida, id_campeonato, id_equipe_mandante, id_equipe_visitante, id_estadio, data_hora, fase, rodada, situacao, publico_presente, observacoes) VALUES (73, 18, 53, 56, 4, '2024-03-31 21:43:54', 'classificatoria', 3, 'finalizada', 4203, 'partida oficial');
INSERT INTO Partida (id_partida, id_campeonato, id_equipe_mandante, id_equipe_visitante, id_estadio, data_hora, fase, rodada, situacao, publico_presente, observacoes) VALUES (74, 18, 54, 55, 5, '2024-04-07 21:43:54', 'classificatoria', 4, 'finalizada', 4414, 'partida oficial');
INSERT INTO Partida (id_partida, id_campeonato, id_equipe_mandante, id_equipe_visitante, id_estadio, data_hora, fase, rodada, situacao, publico_presente, observacoes) VALUES (75, 18, 54, 56, 12, '2024-04-14 21:43:54', 'classificatoria', 5, 'finalizada', 4625, 'partida oficial');
INSERT INTO Partida (id_partida, id_campeonato, id_equipe_mandante, id_equipe_visitante, id_estadio, data_hora, fase, rodada, situacao, publico_presente, observacoes) VALUES (76, 18, 55, 56, 4, '2024-04-21 21:43:54', 'classificatoria', 6, 'finalizada', 4836, 'partida oficial');
INSERT INTO Partida (id_partida, id_campeonato, id_equipe_mandante, id_equipe_visitante, id_estadio, data_hora, fase, rodada, situacao, publico_presente, observacoes) VALUES (77, 19, 57, 58, 5, '2025-03-17 21:43:54', 'classificatoria', 1, 'finalizada', 5047, 'partida oficial');
INSERT INTO Partida (id_partida, id_campeonato, id_equipe_mandante, id_equipe_visitante, id_estadio, data_hora, fase, rodada, situacao, publico_presente, observacoes) VALUES (78, 19, 57, 59, 12, '2025-03-24 21:43:54', 'classificatoria', 2, 'finalizada', 5258, 'partida oficial');
INSERT INTO Partida (id_partida, id_campeonato, id_equipe_mandante, id_equipe_visitante, id_estadio, data_hora, fase, rodada, situacao, publico_presente, observacoes) VALUES (79, 19, 57, 60, 4, '2025-03-31 21:43:54', 'classificatoria', 3, 'finalizada', 5469, 'partida oficial');
INSERT INTO Partida (id_partida, id_campeonato, id_equipe_mandante, id_equipe_visitante, id_estadio, data_hora, fase, rodada, situacao, publico_presente, observacoes) VALUES (80, 19, 58, 59, 5, '2025-04-07 21:43:54', 'classificatoria', 4, 'finalizada', 5680, 'partida oficial');
INSERT INTO Partida (id_partida, id_campeonato, id_equipe_mandante, id_equipe_visitante, id_estadio, data_hora, fase, rodada, situacao, publico_presente, observacoes) VALUES (81, 19, 58, 60, 12, '2025-04-14 21:43:54', 'classificatoria', 5, 'finalizada', 5891, 'partida oficial');
INSERT INTO Partida (id_partida, id_campeonato, id_equipe_mandante, id_equipe_visitante, id_estadio, data_hora, fase, rodada, situacao, publico_presente, observacoes) VALUES (82, 19, 59, 60, 4, '2025-04-21 21:43:54', 'classificatoria', 6, 'finalizada', 6102, 'partida oficial');
INSERT INTO Partida (id_partida, id_campeonato, id_equipe_mandante, id_equipe_visitante, id_estadio, data_hora, fase, rodada, situacao, publico_presente, observacoes) VALUES (83, 20, 61, 62, 7, '2025-03-17 21:43:54', 'classificatoria', 1, 'finalizada', 349, 'partida oficial');
INSERT INTO Partida (id_partida, id_campeonato, id_equipe_mandante, id_equipe_visitante, id_estadio, data_hora, fase, rodada, situacao, publico_presente, observacoes) VALUES (84, 20, 61, 63, 12, '2025-03-24 21:43:54', 'classificatoria', 2, 'finalizada', 392, 'partida oficial');
INSERT INTO Partida (id_partida, id_campeonato, id_equipe_mandante, id_equipe_visitante, id_estadio, data_hora, fase, rodada, situacao, publico_presente, observacoes) VALUES (85, 20, 61, 64, 6, '2025-03-31 21:43:54', 'classificatoria', 3, 'finalizada', 435, 'partida oficial');
INSERT INTO Partida (id_partida, id_campeonato, id_equipe_mandante, id_equipe_visitante, id_estadio, data_hora, fase, rodada, situacao, publico_presente, observacoes) VALUES (86, 20, 62, 63, 7, '2025-04-07 21:43:54', 'classificatoria', 4, 'finalizada', 478, 'partida oficial');
INSERT INTO Partida (id_partida, id_campeonato, id_equipe_mandante, id_equipe_visitante, id_estadio, data_hora, fase, rodada, situacao, publico_presente, observacoes) VALUES (87, 20, 62, 64, 12, '2025-04-14 21:43:54', 'classificatoria', 5, 'finalizada', 521, 'partida oficial');
INSERT INTO Partida (id_partida, id_campeonato, id_equipe_mandante, id_equipe_visitante, id_estadio, data_hora, fase, rodada, situacao, publico_presente, observacoes) VALUES (88, 20, 63, 64, 6, '2025-04-21 21:43:54', 'classificatoria', 6, 'finalizada', 564, 'partida oficial');
INSERT INTO Partida (id_partida, id_campeonato, id_equipe_mandante, id_equipe_visitante, id_estadio, data_hora, fase, rodada, situacao, publico_presente, observacoes) VALUES (89, 21, 65, 66, 7, '2025-03-17 21:43:54', 'classificatoria', 1, 'finalizada', 607, 'partida oficial');
INSERT INTO Partida (id_partida, id_campeonato, id_equipe_mandante, id_equipe_visitante, id_estadio, data_hora, fase, rodada, situacao, publico_presente, observacoes) VALUES (90, 21, 65, 67, 12, '2025-03-24 21:43:54', 'classificatoria', 2, 'finalizada', 650, 'partida oficial');
INSERT INTO Partida (id_partida, id_campeonato, id_equipe_mandante, id_equipe_visitante, id_estadio, data_hora, fase, rodada, situacao, publico_presente, observacoes) VALUES (91, 21, 65, 68, 6, '2025-03-31 21:43:54', 'classificatoria', 3, 'finalizada', 693, 'partida oficial');
INSERT INTO Partida (id_partida, id_campeonato, id_equipe_mandante, id_equipe_visitante, id_estadio, data_hora, fase, rodada, situacao, publico_presente, observacoes) VALUES (92, 21, 66, 67, 7, '2025-04-07 21:43:54', 'classificatoria', 4, 'finalizada', 736, 'partida oficial');
INSERT INTO Partida (id_partida, id_campeonato, id_equipe_mandante, id_equipe_visitante, id_estadio, data_hora, fase, rodada, situacao, publico_presente, observacoes) VALUES (93, 21, 66, 68, 12, '2025-04-14 21:43:54', 'classificatoria', 5, 'finalizada', 779, 'partida oficial');
INSERT INTO Partida (id_partida, id_campeonato, id_equipe_mandante, id_equipe_visitante, id_estadio, data_hora, fase, rodada, situacao, publico_presente, observacoes) VALUES (94, 21, 67, 68, 6, '2025-04-21 21:43:54', 'classificatoria', 6, 'finalizada', 822, 'partida oficial');
INSERT INTO Partida (id_partida, id_campeonato, id_equipe_mandante, id_equipe_visitante, id_estadio, data_hora, fase, rodada, situacao, publico_presente, observacoes) VALUES (95, 22, 69, 70, 7, '2025-03-17 21:43:54', 'classificatoria', 1, 'finalizada', 865, 'partida oficial');
INSERT INTO Partida (id_partida, id_campeonato, id_equipe_mandante, id_equipe_visitante, id_estadio, data_hora, fase, rodada, situacao, publico_presente, observacoes) VALUES (96, 22, 69, 71, 12, '2025-03-24 21:43:54', 'classificatoria', 2, 'finalizada', 908, 'partida oficial');
INSERT INTO Partida (id_partida, id_campeonato, id_equipe_mandante, id_equipe_visitante, id_estadio, data_hora, fase, rodada, situacao, publico_presente, observacoes) VALUES (97, 22, 69, 72, 6, '2025-03-31 21:43:54', 'classificatoria', 3, 'finalizada', 951, 'partida oficial');
INSERT INTO Partida (id_partida, id_campeonato, id_equipe_mandante, id_equipe_visitante, id_estadio, data_hora, fase, rodada, situacao, publico_presente, observacoes) VALUES (98, 22, 70, 71, 7, '2025-04-07 21:43:54', 'classificatoria', 4, 'finalizada', 994, 'partida oficial');
INSERT INTO Partida (id_partida, id_campeonato, id_equipe_mandante, id_equipe_visitante, id_estadio, data_hora, fase, rodada, situacao, publico_presente, observacoes) VALUES (99, 22, 70, 72, 12, '2025-04-14 21:43:54', 'classificatoria', 5, 'finalizada', 187, 'partida oficial');
INSERT INTO Partida (id_partida, id_campeonato, id_equipe_mandante, id_equipe_visitante, id_estadio, data_hora, fase, rodada, situacao, publico_presente, observacoes) VALUES (100, 22, 71, 72, 6, '2025-04-21 21:43:54', 'classificatoria', 6, 'finalizada', 230, 'partida oficial');
INSERT INTO Partida (id_partida, id_campeonato, id_equipe_mandante, id_equipe_visitante, id_estadio, data_hora, fase, rodada, situacao, publico_presente, observacoes) VALUES (101, 23, 73, 74, 7, '2025-03-17 21:43:54', 'classificatoria', 1, 'finalizada', 273, 'partida oficial');
INSERT INTO Partida (id_partida, id_campeonato, id_equipe_mandante, id_equipe_visitante, id_estadio, data_hora, fase, rodada, situacao, publico_presente, observacoes) VALUES (102, 23, 73, 75, 12, '2025-03-24 21:43:54', 'classificatoria', 2, 'finalizada', 316, 'partida oficial');
INSERT INTO Partida (id_partida, id_campeonato, id_equipe_mandante, id_equipe_visitante, id_estadio, data_hora, fase, rodada, situacao, publico_presente, observacoes) VALUES (103, 23, 73, 76, 6, '2025-03-31 21:43:54', 'classificatoria', 3, 'finalizada', 359, 'partida oficial');
INSERT INTO Partida (id_partida, id_campeonato, id_equipe_mandante, id_equipe_visitante, id_estadio, data_hora, fase, rodada, situacao, publico_presente, observacoes) VALUES (104, 23, 74, 75, 7, '2025-04-07 21:43:54', 'classificatoria', 4, 'finalizada', 402, 'partida oficial');
INSERT INTO Partida (id_partida, id_campeonato, id_equipe_mandante, id_equipe_visitante, id_estadio, data_hora, fase, rodada, situacao, publico_presente, observacoes) VALUES (105, 23, 74, 76, 12, '2025-04-14 21:43:54', 'classificatoria', 5, 'finalizada', 445, 'partida oficial');
INSERT INTO Partida (id_partida, id_campeonato, id_equipe_mandante, id_equipe_visitante, id_estadio, data_hora, fase, rodada, situacao, publico_presente, observacoes) VALUES (106, 23, 75, 76, 6, '2025-04-21 21:43:54', 'classificatoria', 6, 'finalizada', 488, 'partida oficial');
INSERT INTO Partida (id_partida, id_campeonato, id_equipe_mandante, id_equipe_visitante, id_estadio, data_hora, fase, rodada, situacao, publico_presente, observacoes) VALUES (107, 24, 77, 78, 7, '2025-03-17 21:43:54', 'classificatoria', 1, 'finalizada', 3551, 'partida oficial');
INSERT INTO Partida (id_partida, id_campeonato, id_equipe_mandante, id_equipe_visitante, id_estadio, data_hora, fase, rodada, situacao, publico_presente, observacoes) VALUES (108, 24, 77, 79, 12, '2025-03-24 21:43:54', 'classificatoria', 2, 'finalizada', 3744, 'partida oficial');
INSERT INTO Partida (id_partida, id_campeonato, id_equipe_mandante, id_equipe_visitante, id_estadio, data_hora, fase, rodada, situacao, publico_presente, observacoes) VALUES (109, 24, 77, 80, 6, '2025-03-31 21:43:54', 'classificatoria', 3, 'finalizada', 3937, 'partida oficial');
INSERT INTO Partida (id_partida, id_campeonato, id_equipe_mandante, id_equipe_visitante, id_estadio, data_hora, fase, rodada, situacao, publico_presente, observacoes) VALUES (110, 24, 78, 79, 7, '2025-04-07 21:43:54', 'classificatoria', 4, 'finalizada', 4130, 'partida oficial');
INSERT INTO Partida (id_partida, id_campeonato, id_equipe_mandante, id_equipe_visitante, id_estadio, data_hora, fase, rodada, situacao, publico_presente, observacoes) VALUES (111, 24, 78, 80, 12, '2025-04-14 21:43:54', 'classificatoria', 5, 'finalizada', 4323, 'partida oficial');
INSERT INTO Partida (id_partida, id_campeonato, id_equipe_mandante, id_equipe_visitante, id_estadio, data_hora, fase, rodada, situacao, publico_presente, observacoes) VALUES (112, 24, 79, 80, 6, '2025-04-21 21:43:54', 'classificatoria', 6, 'finalizada', 4516, 'partida oficial');
INSERT INTO Partida (id_partida, id_campeonato, id_equipe_mandante, id_equipe_visitante, id_estadio, data_hora, fase, rodada, situacao, publico_presente, observacoes) VALUES (113, 25, 81, 82, 9, '2025-03-17 21:43:54', 'classificatoria', 1, 'finalizada', 4709, 'partida oficial');
INSERT INTO Partida (id_partida, id_campeonato, id_equipe_mandante, id_equipe_visitante, id_estadio, data_hora, fase, rodada, situacao, publico_presente, observacoes) VALUES (114, 25, 81, 83, 1, '2025-03-24 21:43:54', 'classificatoria', 2, 'finalizada', 4902, 'partida oficial');
INSERT INTO Partida (id_partida, id_campeonato, id_equipe_mandante, id_equipe_visitante, id_estadio, data_hora, fase, rodada, situacao, publico_presente, observacoes) VALUES (115, 25, 81, 84, 8, '2025-03-31 21:43:54', 'classificatoria', 3, 'finalizada', 5095, 'partida oficial');
INSERT INTO Partida (id_partida, id_campeonato, id_equipe_mandante, id_equipe_visitante, id_estadio, data_hora, fase, rodada, situacao, publico_presente, observacoes) VALUES (116, 25, 82, 83, 9, '2025-04-07 21:43:54', 'classificatoria', 4, 'finalizada', 5288, 'partida oficial');
INSERT INTO Partida (id_partida, id_campeonato, id_equipe_mandante, id_equipe_visitante, id_estadio, data_hora, fase, rodada, situacao, publico_presente, observacoes) VALUES (117, 25, 82, 84, 1, '2025-04-14 21:43:54', 'classificatoria', 5, 'finalizada', 981, 'partida oficial');
INSERT INTO Partida (id_partida, id_campeonato, id_equipe_mandante, id_equipe_visitante, id_estadio, data_hora, fase, rodada, situacao, publico_presente, observacoes) VALUES (118, 25, 83, 84, 8, '2025-04-21 21:43:54', 'classificatoria', 6, 'finalizada', 1174, 'partida oficial');
INSERT INTO Partida (id_partida, id_campeonato, id_equipe_mandante, id_equipe_visitante, id_estadio, data_hora, fase, rodada, situacao, publico_presente, observacoes) VALUES (119, 26, 85, 86, 9, '2025-03-17 21:43:54', 'classificatoria', 1, 'finalizada', 1367, 'partida oficial');
INSERT INTO Partida (id_partida, id_campeonato, id_equipe_mandante, id_equipe_visitante, id_estadio, data_hora, fase, rodada, situacao, publico_presente, observacoes) VALUES (120, 26, 85, 87, 1, '2025-03-24 21:43:54', 'classificatoria', 2, 'finalizada', 1560, 'partida oficial');
INSERT INTO Partida (id_partida, id_campeonato, id_equipe_mandante, id_equipe_visitante, id_estadio, data_hora, fase, rodada, situacao, publico_presente, observacoes) VALUES (121, 26, 85, 88, 8, '2025-03-31 21:43:54', 'classificatoria', 3, 'finalizada', 1753, 'partida oficial');
INSERT INTO Partida (id_partida, id_campeonato, id_equipe_mandante, id_equipe_visitante, id_estadio, data_hora, fase, rodada, situacao, publico_presente, observacoes) VALUES (122, 26, 86, 87, 9, '2025-04-07 21:43:54', 'classificatoria', 4, 'finalizada', 1946, 'partida oficial');
INSERT INTO Partida (id_partida, id_campeonato, id_equipe_mandante, id_equipe_visitante, id_estadio, data_hora, fase, rodada, situacao, publico_presente, observacoes) VALUES (123, 26, 86, 88, 1, '2025-04-14 21:43:54', 'classificatoria', 5, 'finalizada', 2139, 'partida oficial');
INSERT INTO Partida (id_partida, id_campeonato, id_equipe_mandante, id_equipe_visitante, id_estadio, data_hora, fase, rodada, situacao, publico_presente, observacoes) VALUES (124, 26, 87, 88, 8, '2025-04-21 21:43:54', 'classificatoria', 6, 'finalizada', 2332, 'partida oficial');
INSERT INTO Partida (id_partida, id_campeonato, id_equipe_mandante, id_equipe_visitante, id_estadio, data_hora, fase, rodada, situacao, publico_presente, observacoes) VALUES (125, 27, 89, 90, 11, '2025-03-17 21:43:54', 'classificatoria', 1, 'finalizada', 2525, 'partida oficial');
INSERT INTO Partida (id_partida, id_campeonato, id_equipe_mandante, id_equipe_visitante, id_estadio, data_hora, fase, rodada, situacao, publico_presente, observacoes) VALUES (126, 27, 89, 91, 12, '2025-03-24 21:43:54', 'classificatoria', 2, 'finalizada', 2718, 'partida oficial');
INSERT INTO Partida (id_partida, id_campeonato, id_equipe_mandante, id_equipe_visitante, id_estadio, data_hora, fase, rodada, situacao, publico_presente, observacoes) VALUES (127, 27, 89, 92, 10, '2025-03-31 21:43:54', 'classificatoria', 3, 'finalizada', 2911, 'partida oficial');
INSERT INTO Partida (id_partida, id_campeonato, id_equipe_mandante, id_equipe_visitante, id_estadio, data_hora, fase, rodada, situacao, publico_presente, observacoes) VALUES (128, 27, 90, 91, 11, '2025-04-07 21:43:54', 'classificatoria', 4, 'finalizada', 3104, 'partida oficial');
INSERT INTO Partida (id_partida, id_campeonato, id_equipe_mandante, id_equipe_visitante, id_estadio, data_hora, fase, rodada, situacao, publico_presente, observacoes) VALUES (129, 27, 90, 92, 12, '2025-04-14 21:43:54', 'classificatoria', 5, 'finalizada', 3297, 'partida oficial');
INSERT INTO Partida (id_partida, id_campeonato, id_equipe_mandante, id_equipe_visitante, id_estadio, data_hora, fase, rodada, situacao, publico_presente, observacoes) VALUES (130, 27, 91, 92, 10, '2025-04-21 21:43:54', 'classificatoria', 6, 'finalizada', 3490, 'partida oficial');
INSERT INTO Partida (id_partida, id_campeonato, id_equipe_mandante, id_equipe_visitante, id_estadio, data_hora, fase, rodada, situacao, publico_presente, observacoes) VALUES (131, 28, 93, 94, 11, '2025-03-17 21:43:54', 'classificatoria', 1, 'finalizada', 3683, 'partida oficial');
INSERT INTO Partida (id_partida, id_campeonato, id_equipe_mandante, id_equipe_visitante, id_estadio, data_hora, fase, rodada, situacao, publico_presente, observacoes) VALUES (132, 28, 93, 95, 12, '2025-03-24 21:43:54', 'classificatoria', 2, 'finalizada', 3876, 'partida oficial');
INSERT INTO Partida (id_partida, id_campeonato, id_equipe_mandante, id_equipe_visitante, id_estadio, data_hora, fase, rodada, situacao, publico_presente, observacoes) VALUES (133, 28, 93, 96, 10, '2025-03-31 21:43:54', 'classificatoria', 3, 'finalizada', 4069, 'partida oficial');
INSERT INTO Partida (id_partida, id_campeonato, id_equipe_mandante, id_equipe_visitante, id_estadio, data_hora, fase, rodada, situacao, publico_presente, observacoes) VALUES (134, 28, 94, 95, 11, '2025-04-07 21:43:54', 'classificatoria', 4, 'finalizada', 4262, 'partida oficial');
INSERT INTO Partida (id_partida, id_campeonato, id_equipe_mandante, id_equipe_visitante, id_estadio, data_hora, fase, rodada, situacao, publico_presente, observacoes) VALUES (135, 28, 94, 96, 12, '2025-04-14 21:43:54', 'classificatoria', 5, 'finalizada', 4455, 'partida oficial');
INSERT INTO Partida (id_partida, id_campeonato, id_equipe_mandante, id_equipe_visitante, id_estadio, data_hora, fase, rodada, situacao, publico_presente, observacoes) VALUES (136, 28, 95, 96, 10, '2025-04-21 21:43:54', 'classificatoria', 6, 'finalizada', 4648, 'partida oficial');

-- Resultado_Partida
INSERT INTO Resultado_Partida (id_resultado, id_partida, pontos_mandante, pontos_visitante, criterio_desempate, observacoes) VALUES (1, 1, 4, 0, NULL, 'resultado oficial');
INSERT INTO Resultado_Partida (id_resultado, id_partida, pontos_mandante, pontos_visitante, criterio_desempate, observacoes) VALUES (2, 2, 2, 1, NULL, 'resultado oficial');
INSERT INTO Resultado_Partida (id_resultado, id_partida, pontos_mandante, pontos_visitante, criterio_desempate, observacoes) VALUES (3, 3, 4, 0, NULL, 'resultado oficial');
INSERT INTO Resultado_Partida (id_resultado, id_partida, pontos_mandante, pontos_visitante, criterio_desempate, observacoes) VALUES (4, 4, 2, 1, NULL, 'resultado oficial');
INSERT INTO Resultado_Partida (id_resultado, id_partida, pontos_mandante, pontos_visitante, criterio_desempate, observacoes) VALUES (5, 5, 4, 0, NULL, 'resultado oficial');
INSERT INTO Resultado_Partida (id_resultado, id_partida, pontos_mandante, pontos_visitante, criterio_desempate, observacoes) VALUES (6, 6, 2, 1, NULL, 'resultado oficial');
INSERT INTO Resultado_Partida (id_resultado, id_partida, pontos_mandante, pontos_visitante, criterio_desempate, observacoes) VALUES (7, 7, 4, 0, NULL, 'resultado oficial');
INSERT INTO Resultado_Partida (id_resultado, id_partida, pontos_mandante, pontos_visitante, criterio_desempate, observacoes) VALUES (8, 8, 2, 1, NULL, 'resultado oficial');
INSERT INTO Resultado_Partida (id_resultado, id_partida, pontos_mandante, pontos_visitante, criterio_desempate, observacoes) VALUES (9, 9, 4, 0, NULL, 'resultado oficial');
INSERT INTO Resultado_Partida (id_resultado, id_partida, pontos_mandante, pontos_visitante, criterio_desempate, observacoes) VALUES (10, 10, 2, 1, NULL, 'resultado oficial');
INSERT INTO Resultado_Partida (id_resultado, id_partida, pontos_mandante, pontos_visitante, criterio_desempate, observacoes) VALUES (11, 11, 4, 0, NULL, 'resultado oficial');
INSERT INTO Resultado_Partida (id_resultado, id_partida, pontos_mandante, pontos_visitante, criterio_desempate, observacoes) VALUES (12, 12, 2, 1, NULL, 'resultado oficial');
INSERT INTO Resultado_Partida (id_resultado, id_partida, pontos_mandante, pontos_visitante, criterio_desempate, observacoes) VALUES (13, 13, 4, 0, NULL, 'resultado oficial');
INSERT INTO Resultado_Partida (id_resultado, id_partida, pontos_mandante, pontos_visitante, criterio_desempate, observacoes) VALUES (14, 14, 2, 1, NULL, 'resultado oficial');
INSERT INTO Resultado_Partida (id_resultado, id_partida, pontos_mandante, pontos_visitante, criterio_desempate, observacoes) VALUES (15, 15, 4, 0, NULL, 'resultado oficial');
INSERT INTO Resultado_Partida (id_resultado, id_partida, pontos_mandante, pontos_visitante, criterio_desempate, observacoes) VALUES (16, 16, 2, 1, NULL, 'resultado oficial');
INSERT INTO Resultado_Partida (id_resultado, id_partida, pontos_mandante, pontos_visitante, criterio_desempate, observacoes) VALUES (17, 17, 4, 0, NULL, 'resultado oficial');
INSERT INTO Resultado_Partida (id_resultado, id_partida, pontos_mandante, pontos_visitante, criterio_desempate, observacoes) VALUES (18, 18, 3, 2, NULL, 'resultado oficial');
INSERT INTO Resultado_Partida (id_resultado, id_partida, pontos_mandante, pontos_visitante, criterio_desempate, observacoes) VALUES (19, 19, 4, 1, NULL, 'resultado oficial');
INSERT INTO Resultado_Partida (id_resultado, id_partida, pontos_mandante, pontos_visitante, criterio_desempate, observacoes) VALUES (20, 20, 2, 1, NULL, 'resultado oficial');
INSERT INTO Resultado_Partida (id_resultado, id_partida, pontos_mandante, pontos_visitante, criterio_desempate, observacoes) VALUES (21, 21, 4, 0, NULL, 'resultado oficial');
INSERT INTO Resultado_Partida (id_resultado, id_partida, pontos_mandante, pontos_visitante, criterio_desempate, observacoes) VALUES (22, 22, 2, 1, NULL, 'resultado oficial');
INSERT INTO Resultado_Partida (id_resultado, id_partida, pontos_mandante, pontos_visitante, criterio_desempate, observacoes) VALUES (23, 23, 4, 0, NULL, 'resultado oficial');
INSERT INTO Resultado_Partida (id_resultado, id_partida, pontos_mandante, pontos_visitante, criterio_desempate, observacoes) VALUES (24, 24, 3, 2, NULL, 'resultado oficial');
INSERT INTO Resultado_Partida (id_resultado, id_partida, pontos_mandante, pontos_visitante, criterio_desempate, observacoes) VALUES (25, 25, 4, 1, NULL, 'resultado oficial');
INSERT INTO Resultado_Partida (id_resultado, id_partida, pontos_mandante, pontos_visitante, criterio_desempate, observacoes) VALUES (26, 26, 2, 1, NULL, 'resultado oficial');
INSERT INTO Resultado_Partida (id_resultado, id_partida, pontos_mandante, pontos_visitante, criterio_desempate, observacoes) VALUES (27, 27, 4, 0, NULL, 'resultado oficial');
INSERT INTO Resultado_Partida (id_resultado, id_partida, pontos_mandante, pontos_visitante, criterio_desempate, observacoes) VALUES (28, 28, 2, 1, NULL, 'resultado oficial');
INSERT INTO Resultado_Partida (id_resultado, id_partida, pontos_mandante, pontos_visitante, criterio_desempate, observacoes) VALUES (29, 29, 1, 2, NULL, 'resultado oficial');
INSERT INTO Resultado_Partida (id_resultado, id_partida, pontos_mandante, pontos_visitante, criterio_desempate, observacoes) VALUES (30, 30, 3, 0, NULL, 'resultado oficial');
INSERT INTO Resultado_Partida (id_resultado, id_partida, pontos_mandante, pontos_visitante, criterio_desempate, observacoes) VALUES (31, 31, 3, 2, NULL, 'resultado oficial');
INSERT INTO Resultado_Partida (id_resultado, id_partida, pontos_mandante, pontos_visitante, criterio_desempate, observacoes) VALUES (32, 32, 4, 2, NULL, 'resultado oficial');
INSERT INTO Resultado_Partida (id_resultado, id_partida, pontos_mandante, pontos_visitante, criterio_desempate, observacoes) VALUES (33, 33, 4, 1, NULL, 'resultado oficial');
INSERT INTO Resultado_Partida (id_resultado, id_partida, pontos_mandante, pontos_visitante, criterio_desempate, observacoes) VALUES (34, 34, 2, 3, NULL, 'resultado oficial');
INSERT INTO Resultado_Partida (id_resultado, id_partida, pontos_mandante, pontos_visitante, criterio_desempate, observacoes) VALUES (35, 35, 1, 2, NULL, 'resultado oficial');
INSERT INTO Resultado_Partida (id_resultado, id_partida, pontos_mandante, pontos_visitante, criterio_desempate, observacoes) VALUES (36, 36, 3, 0, NULL, 'resultado oficial');
INSERT INTO Resultado_Partida (id_resultado, id_partida, pontos_mandante, pontos_visitante, criterio_desempate, observacoes) VALUES (37, 37, 3, 2, NULL, 'resultado oficial');
INSERT INTO Resultado_Partida (id_resultado, id_partida, pontos_mandante, pontos_visitante, criterio_desempate, observacoes) VALUES (38, 38, 4, 2, NULL, 'resultado oficial');
INSERT INTO Resultado_Partida (id_resultado, id_partida, pontos_mandante, pontos_visitante, criterio_desempate, observacoes) VALUES (39, 39, 4, 1, NULL, 'resultado oficial');
INSERT INTO Resultado_Partida (id_resultado, id_partida, pontos_mandante, pontos_visitante, criterio_desempate, observacoes) VALUES (40, 40, 2, 3, NULL, 'resultado oficial');
INSERT INTO Resultado_Partida (id_resultado, id_partida, pontos_mandante, pontos_visitante, criterio_desempate, observacoes) VALUES (41, 41, 1, 2, NULL, 'resultado oficial');
INSERT INTO Resultado_Partida (id_resultado, id_partida, pontos_mandante, pontos_visitante, criterio_desempate, observacoes) VALUES (42, 42, 3, 0, NULL, 'resultado oficial');
INSERT INTO Resultado_Partida (id_resultado, id_partida, pontos_mandante, pontos_visitante, criterio_desempate, observacoes) VALUES (43, 43, 3, 2, NULL, 'resultado oficial');
INSERT INTO Resultado_Partida (id_resultado, id_partida, pontos_mandante, pontos_visitante, criterio_desempate, observacoes) VALUES (44, 44, 4, 2, NULL, 'resultado oficial');
INSERT INTO Resultado_Partida (id_resultado, id_partida, pontos_mandante, pontos_visitante, criterio_desempate, observacoes) VALUES (45, 45, 4, 1, NULL, 'resultado oficial');
INSERT INTO Resultado_Partida (id_resultado, id_partida, pontos_mandante, pontos_visitante, criterio_desempate, observacoes) VALUES (46, 46, 2, 3, NULL, 'resultado oficial');
INSERT INTO Resultado_Partida (id_resultado, id_partida, pontos_mandante, pontos_visitante, criterio_desempate, observacoes) VALUES (47, 47, 1, 2, NULL, 'resultado oficial');
INSERT INTO Resultado_Partida (id_resultado, id_partida, pontos_mandante, pontos_visitante, criterio_desempate, observacoes) VALUES (48, 48, 3, 0, NULL, 'resultado oficial');
INSERT INTO Resultado_Partida (id_resultado, id_partida, pontos_mandante, pontos_visitante, criterio_desempate, observacoes) VALUES (49, 49, 3, 2, NULL, 'resultado oficial');
INSERT INTO Resultado_Partida (id_resultado, id_partida, pontos_mandante, pontos_visitante, criterio_desempate, observacoes) VALUES (50, 50, 4, 2, NULL, 'resultado oficial');
INSERT INTO Resultado_Partida (id_resultado, id_partida, pontos_mandante, pontos_visitante, criterio_desempate, observacoes) VALUES (51, 51, 4, 1, NULL, 'resultado oficial');
INSERT INTO Resultado_Partida (id_resultado, id_partida, pontos_mandante, pontos_visitante, criterio_desempate, observacoes) VALUES (52, 52, 2, 3, NULL, 'resultado oficial');
INSERT INTO Resultado_Partida (id_resultado, id_partida, pontos_mandante, pontos_visitante, criterio_desempate, observacoes) VALUES (53, 53, 3, 2, NULL, 'resultado oficial');
INSERT INTO Resultado_Partida (id_resultado, id_partida, pontos_mandante, pontos_visitante, criterio_desempate, observacoes) VALUES (54, 54, 3, 2, NULL, 'resultado oficial');
INSERT INTO Resultado_Partida (id_resultado, id_partida, pontos_mandante, pontos_visitante, criterio_desempate, observacoes) VALUES (55, 55, 3, 2, NULL, 'resultado oficial');
INSERT INTO Resultado_Partida (id_resultado, id_partida, pontos_mandante, pontos_visitante, criterio_desempate, observacoes) VALUES (56, 56, 3, 2, NULL, 'resultado oficial');
INSERT INTO Resultado_Partida (id_resultado, id_partida, pontos_mandante, pontos_visitante, criterio_desempate, observacoes) VALUES (57, 57, 3, 2, NULL, 'resultado oficial');
INSERT INTO Resultado_Partida (id_resultado, id_partida, pontos_mandante, pontos_visitante, criterio_desempate, observacoes) VALUES (58, 58, 3, 1, NULL, 'resultado oficial');
INSERT INTO Resultado_Partida (id_resultado, id_partida, pontos_mandante, pontos_visitante, criterio_desempate, observacoes) VALUES (59, 59, 3, 2, NULL, 'resultado oficial');
INSERT INTO Resultado_Partida (id_resultado, id_partida, pontos_mandante, pontos_visitante, criterio_desempate, observacoes) VALUES (60, 60, 3, 2, NULL, 'resultado oficial');
INSERT INTO Resultado_Partida (id_resultado, id_partida, pontos_mandante, pontos_visitante, criterio_desempate, observacoes) VALUES (61, 61, 3, 2, NULL, 'resultado oficial');
INSERT INTO Resultado_Partida (id_resultado, id_partida, pontos_mandante, pontos_visitante, criterio_desempate, observacoes) VALUES (62, 62, 3, 2, NULL, 'resultado oficial');
INSERT INTO Resultado_Partida (id_resultado, id_partida, pontos_mandante, pontos_visitante, criterio_desempate, observacoes) VALUES (63, 63, 3, 2, NULL, 'resultado oficial');
INSERT INTO Resultado_Partida (id_resultado, id_partida, pontos_mandante, pontos_visitante, criterio_desempate, observacoes) VALUES (64, 64, 3, 1, NULL, 'resultado oficial');
INSERT INTO Resultado_Partida (id_resultado, id_partida, pontos_mandante, pontos_visitante, criterio_desempate, observacoes) VALUES (65, 65, 3, 2, NULL, 'resultado oficial');
INSERT INTO Resultado_Partida (id_resultado, id_partida, pontos_mandante, pontos_visitante, criterio_desempate, observacoes) VALUES (66, 66, 3, 2, NULL, 'resultado oficial');
INSERT INTO Resultado_Partida (id_resultado, id_partida, pontos_mandante, pontos_visitante, criterio_desempate, observacoes) VALUES (67, 67, 3, 2, NULL, 'resultado oficial');
INSERT INTO Resultado_Partida (id_resultado, id_partida, pontos_mandante, pontos_visitante, criterio_desempate, observacoes) VALUES (68, 68, 3, 2, NULL, 'resultado oficial');
INSERT INTO Resultado_Partida (id_resultado, id_partida, pontos_mandante, pontos_visitante, criterio_desempate, observacoes) VALUES (69, 69, 3, 2, NULL, 'resultado oficial');
INSERT INTO Resultado_Partida (id_resultado, id_partida, pontos_mandante, pontos_visitante, criterio_desempate, observacoes) VALUES (70, 70, 3, 1, NULL, 'resultado oficial');
INSERT INTO Resultado_Partida (id_resultado, id_partida, pontos_mandante, pontos_visitante, criterio_desempate, observacoes) VALUES (71, 71, 3, 2, NULL, 'resultado oficial');
INSERT INTO Resultado_Partida (id_resultado, id_partida, pontos_mandante, pontos_visitante, criterio_desempate, observacoes) VALUES (72, 72, 3, 2, NULL, 'resultado oficial');
INSERT INTO Resultado_Partida (id_resultado, id_partida, pontos_mandante, pontos_visitante, criterio_desempate, observacoes) VALUES (73, 73, 3, 2, NULL, 'resultado oficial');
INSERT INTO Resultado_Partida (id_resultado, id_partida, pontos_mandante, pontos_visitante, criterio_desempate, observacoes) VALUES (74, 74, 3, 2, NULL, 'resultado oficial');
INSERT INTO Resultado_Partida (id_resultado, id_partida, pontos_mandante, pontos_visitante, criterio_desempate, observacoes) VALUES (75, 75, 3, 2, NULL, 'resultado oficial');
INSERT INTO Resultado_Partida (id_resultado, id_partida, pontos_mandante, pontos_visitante, criterio_desempate, observacoes) VALUES (76, 76, 3, 1, NULL, 'resultado oficial');
INSERT INTO Resultado_Partida (id_resultado, id_partida, pontos_mandante, pontos_visitante, criterio_desempate, observacoes) VALUES (77, 77, 3, 2, NULL, 'resultado oficial');
INSERT INTO Resultado_Partida (id_resultado, id_partida, pontos_mandante, pontos_visitante, criterio_desempate, observacoes) VALUES (78, 78, 3, 2, NULL, 'resultado oficial');
INSERT INTO Resultado_Partida (id_resultado, id_partida, pontos_mandante, pontos_visitante, criterio_desempate, observacoes) VALUES (79, 79, 3, 2, NULL, 'resultado oficial');
INSERT INTO Resultado_Partida (id_resultado, id_partida, pontos_mandante, pontos_visitante, criterio_desempate, observacoes) VALUES (80, 80, 3, 2, NULL, 'resultado oficial');
INSERT INTO Resultado_Partida (id_resultado, id_partida, pontos_mandante, pontos_visitante, criterio_desempate, observacoes) VALUES (81, 81, 3, 2, NULL, 'resultado oficial');
INSERT INTO Resultado_Partida (id_resultado, id_partida, pontos_mandante, pontos_visitante, criterio_desempate, observacoes) VALUES (82, 82, 3, 1, NULL, 'resultado oficial');
INSERT INTO Resultado_Partida (id_resultado, id_partida, pontos_mandante, pontos_visitante, criterio_desempate, observacoes) VALUES (83, 83, 89, 87, NULL, 'resultado oficial');
INSERT INTO Resultado_Partida (id_resultado, id_partida, pontos_mandante, pontos_visitante, criterio_desempate, observacoes) VALUES (84, 84, 90, 91, NULL, 'resultado oficial');
INSERT INTO Resultado_Partida (id_resultado, id_partida, pontos_mandante, pontos_visitante, criterio_desempate, observacoes) VALUES (85, 85, 91, 71, NULL, 'resultado oficial');
INSERT INTO Resultado_Partida (id_resultado, id_partida, pontos_mandante, pontos_visitante, criterio_desempate, observacoes) VALUES (86, 86, 96, 69, NULL, 'resultado oficial');
INSERT INTO Resultado_Partida (id_resultado, id_partida, pontos_mandante, pontos_visitante, criterio_desempate, observacoes) VALUES (87, 87, 97, 73, NULL, 'resultado oficial');
INSERT INTO Resultado_Partida (id_resultado, id_partida, pontos_mandante, pontos_visitante, criterio_desempate, observacoes) VALUES (88, 88, 90, 74, NULL, 'resultado oficial');
INSERT INTO Resultado_Partida (id_resultado, id_partida, pontos_mandante, pontos_visitante, criterio_desempate, observacoes) VALUES (89, 89, 89, 87, NULL, 'resultado oficial');
INSERT INTO Resultado_Partida (id_resultado, id_partida, pontos_mandante, pontos_visitante, criterio_desempate, observacoes) VALUES (90, 90, 90, 91, NULL, 'resultado oficial');
INSERT INTO Resultado_Partida (id_resultado, id_partida, pontos_mandante, pontos_visitante, criterio_desempate, observacoes) VALUES (91, 91, 91, 71, NULL, 'resultado oficial');
INSERT INTO Resultado_Partida (id_resultado, id_partida, pontos_mandante, pontos_visitante, criterio_desempate, observacoes) VALUES (92, 92, 96, 69, NULL, 'resultado oficial');
INSERT INTO Resultado_Partida (id_resultado, id_partida, pontos_mandante, pontos_visitante, criterio_desempate, observacoes) VALUES (93, 93, 97, 73, NULL, 'resultado oficial');
INSERT INTO Resultado_Partida (id_resultado, id_partida, pontos_mandante, pontos_visitante, criterio_desempate, observacoes) VALUES (94, 94, 90, 74, NULL, 'resultado oficial');
INSERT INTO Resultado_Partida (id_resultado, id_partida, pontos_mandante, pontos_visitante, criterio_desempate, observacoes) VALUES (95, 95, 89, 87, NULL, 'resultado oficial');
INSERT INTO Resultado_Partida (id_resultado, id_partida, pontos_mandante, pontos_visitante, criterio_desempate, observacoes) VALUES (96, 96, 90, 91, NULL, 'resultado oficial');
INSERT INTO Resultado_Partida (id_resultado, id_partida, pontos_mandante, pontos_visitante, criterio_desempate, observacoes) VALUES (97, 97, 91, 71, NULL, 'resultado oficial');
INSERT INTO Resultado_Partida (id_resultado, id_partida, pontos_mandante, pontos_visitante, criterio_desempate, observacoes) VALUES (98, 98, 96, 69, NULL, 'resultado oficial');
INSERT INTO Resultado_Partida (id_resultado, id_partida, pontos_mandante, pontos_visitante, criterio_desempate, observacoes) VALUES (99, 99, 97, 73, NULL, 'resultado oficial');
INSERT INTO Resultado_Partida (id_resultado, id_partida, pontos_mandante, pontos_visitante, criterio_desempate, observacoes) VALUES (100, 100, 90, 74, NULL, 'resultado oficial');
INSERT INTO Resultado_Partida (id_resultado, id_partida, pontos_mandante, pontos_visitante, criterio_desempate, observacoes) VALUES (101, 101, 89, 87, NULL, 'resultado oficial');
INSERT INTO Resultado_Partida (id_resultado, id_partida, pontos_mandante, pontos_visitante, criterio_desempate, observacoes) VALUES (102, 102, 90, 91, NULL, 'resultado oficial');
INSERT INTO Resultado_Partida (id_resultado, id_partida, pontos_mandante, pontos_visitante, criterio_desempate, observacoes) VALUES (103, 103, 91, 71, NULL, 'resultado oficial');
INSERT INTO Resultado_Partida (id_resultado, id_partida, pontos_mandante, pontos_visitante, criterio_desempate, observacoes) VALUES (104, 104, 96, 69, NULL, 'resultado oficial');
INSERT INTO Resultado_Partida (id_resultado, id_partida, pontos_mandante, pontos_visitante, criterio_desempate, observacoes) VALUES (105, 105, 97, 73, NULL, 'resultado oficial');
INSERT INTO Resultado_Partida (id_resultado, id_partida, pontos_mandante, pontos_visitante, criterio_desempate, observacoes) VALUES (106, 106, 90, 74, NULL, 'resultado oficial');
INSERT INTO Resultado_Partida (id_resultado, id_partida, pontos_mandante, pontos_visitante, criterio_desempate, observacoes) VALUES (107, 107, 89, 87, NULL, 'resultado oficial');
INSERT INTO Resultado_Partida (id_resultado, id_partida, pontos_mandante, pontos_visitante, criterio_desempate, observacoes) VALUES (108, 108, 90, 91, NULL, 'resultado oficial');
INSERT INTO Resultado_Partida (id_resultado, id_partida, pontos_mandante, pontos_visitante, criterio_desempate, observacoes) VALUES (109, 109, 91, 71, NULL, 'resultado oficial');
INSERT INTO Resultado_Partida (id_resultado, id_partida, pontos_mandante, pontos_visitante, criterio_desempate, observacoes) VALUES (110, 110, 96, 69, NULL, 'resultado oficial');
INSERT INTO Resultado_Partida (id_resultado, id_partida, pontos_mandante, pontos_visitante, criterio_desempate, observacoes) VALUES (111, 111, 97, 73, NULL, 'resultado oficial');
INSERT INTO Resultado_Partida (id_resultado, id_partida, pontos_mandante, pontos_visitante, criterio_desempate, observacoes) VALUES (112, 112, 90, 74, NULL, 'resultado oficial');
INSERT INTO Resultado_Partida (id_resultado, id_partida, pontos_mandante, pontos_visitante, criterio_desempate, observacoes) VALUES (113, 113, 16, 20, NULL, 'resultado oficial');
INSERT INTO Resultado_Partida (id_resultado, id_partida, pontos_mandante, pontos_visitante, criterio_desempate, observacoes) VALUES (114, 114, 25, 25, 'empate no tempo normal', 'resultado oficial');
INSERT INTO Resultado_Partida (id_resultado, id_partida, pontos_mandante, pontos_visitante, criterio_desempate, observacoes) VALUES (115, 115, 26, 30, NULL, 'resultado oficial');
INSERT INTO Resultado_Partida (id_resultado, id_partida, pontos_mandante, pontos_visitante, criterio_desempate, observacoes) VALUES (116, 116, 32, 27, NULL, 'resultado oficial');
INSERT INTO Resultado_Partida (id_resultado, id_partida, pontos_mandante, pontos_visitante, criterio_desempate, observacoes) VALUES (117, 117, 25, 11, NULL, 'resultado oficial');
INSERT INTO Resultado_Partida (id_resultado, id_partida, pontos_mandante, pontos_visitante, criterio_desempate, observacoes) VALUES (118, 118, 31, 12, NULL, 'resultado oficial');
INSERT INTO Resultado_Partida (id_resultado, id_partida, pontos_mandante, pontos_visitante, criterio_desempate, observacoes) VALUES (119, 119, 16, 20, NULL, 'resultado oficial');
INSERT INTO Resultado_Partida (id_resultado, id_partida, pontos_mandante, pontos_visitante, criterio_desempate, observacoes) VALUES (120, 120, 25, 25, 'empate no tempo normal', 'resultado oficial');
INSERT INTO Resultado_Partida (id_resultado, id_partida, pontos_mandante, pontos_visitante, criterio_desempate, observacoes) VALUES (121, 121, 26, 30, NULL, 'resultado oficial');
INSERT INTO Resultado_Partida (id_resultado, id_partida, pontos_mandante, pontos_visitante, criterio_desempate, observacoes) VALUES (122, 122, 32, 27, NULL, 'resultado oficial');
INSERT INTO Resultado_Partida (id_resultado, id_partida, pontos_mandante, pontos_visitante, criterio_desempate, observacoes) VALUES (123, 123, 25, 11, NULL, 'resultado oficial');
INSERT INTO Resultado_Partida (id_resultado, id_partida, pontos_mandante, pontos_visitante, criterio_desempate, observacoes) VALUES (124, 124, 31, 12, NULL, 'resultado oficial');
INSERT INTO Resultado_Partida (id_resultado, id_partida, pontos_mandante, pontos_visitante, criterio_desempate, observacoes) VALUES (125, 125, 3, 2, NULL, 'resultado oficial');
INSERT INTO Resultado_Partida (id_resultado, id_partida, pontos_mandante, pontos_visitante, criterio_desempate, observacoes) VALUES (126, 126, 5, 1, NULL, 'resultado oficial');
INSERT INTO Resultado_Partida (id_resultado, id_partida, pontos_mandante, pontos_visitante, criterio_desempate, observacoes) VALUES (127, 127, 3, 0, NULL, 'resultado oficial');
INSERT INTO Resultado_Partida (id_resultado, id_partida, pontos_mandante, pontos_visitante, criterio_desempate, observacoes) VALUES (128, 128, 4, 0, NULL, 'resultado oficial');
INSERT INTO Resultado_Partida (id_resultado, id_partida, pontos_mandante, pontos_visitante, criterio_desempate, observacoes) VALUES (129, 129, 3, 2, NULL, 'resultado oficial');
INSERT INTO Resultado_Partida (id_resultado, id_partida, pontos_mandante, pontos_visitante, criterio_desempate, observacoes) VALUES (130, 130, 5, 0, NULL, 'resultado oficial');
INSERT INTO Resultado_Partida (id_resultado, id_partida, pontos_mandante, pontos_visitante, criterio_desempate, observacoes) VALUES (131, 131, 3, 2, NULL, 'resultado oficial');
INSERT INTO Resultado_Partida (id_resultado, id_partida, pontos_mandante, pontos_visitante, criterio_desempate, observacoes) VALUES (132, 132, 5, 1, NULL, 'resultado oficial');
INSERT INTO Resultado_Partida (id_resultado, id_partida, pontos_mandante, pontos_visitante, criterio_desempate, observacoes) VALUES (133, 133, 3, 0, NULL, 'resultado oficial');
INSERT INTO Resultado_Partida (id_resultado, id_partida, pontos_mandante, pontos_visitante, criterio_desempate, observacoes) VALUES (134, 134, 4, 0, NULL, 'resultado oficial');
INSERT INTO Resultado_Partida (id_resultado, id_partida, pontos_mandante, pontos_visitante, criterio_desempate, observacoes) VALUES (135, 135, 3, 2, NULL, 'resultado oficial');
INSERT INTO Resultado_Partida (id_resultado, id_partida, pontos_mandante, pontos_visitante, criterio_desempate, observacoes) VALUES (136, 136, 5, 0, NULL, 'resultado oficial');

-- Evento_Partida
INSERT INTO Evento_Partida (id_evento, id_partida, id_atleta_equipe, periodo, minuto, segundo, tipo_evento, valor_pontos, descricao) VALUES (1, 1, 1, 1, 20, 13, 'gol', 1, 'gol da equipe');
INSERT INTO Evento_Partida (id_evento, id_partida, id_atleta_equipe, periodo, minuto, segundo, tipo_evento, valor_pontos, descricao) VALUES (2, 1, 1, 1, 31, 26, 'gol', 1, 'gol da equipe');
INSERT INTO Evento_Partida (id_evento, id_partida, id_atleta_equipe, periodo, minuto, segundo, tipo_evento, valor_pontos, descricao) VALUES (3, 1, 1, 1, 42, 39, 'gol', 1, 'gol da equipe');
INSERT INTO Evento_Partida (id_evento, id_partida, id_atleta_equipe, periodo, minuto, segundo, tipo_evento, valor_pontos, descricao) VALUES (4, 1, 1, 1, 53, 52, 'gol', 1, 'gol da equipe');
INSERT INTO Evento_Partida (id_evento, id_partida, id_atleta_equipe, periodo, minuto, segundo, tipo_evento, valor_pontos, descricao) VALUES (5, 2, 2, 1, 21, 13, 'gol', 1, 'gol da equipe');
INSERT INTO Evento_Partida (id_evento, id_partida, id_atleta_equipe, periodo, minuto, segundo, tipo_evento, valor_pontos, descricao) VALUES (6, 2, 2, 1, 32, 26, 'gol', 1, 'gol da equipe');
INSERT INTO Evento_Partida (id_evento, id_partida, id_atleta_equipe, periodo, minuto, segundo, tipo_evento, valor_pontos, descricao) VALUES (7, 2, 1, 1, 21, 13, 'gol', 1, 'gol da equipe');
INSERT INTO Evento_Partida (id_evento, id_partida, id_atleta_equipe, periodo, minuto, segundo, tipo_evento, valor_pontos, descricao) VALUES (8, 3, 3, 1, 22, 13, 'gol', 1, 'gol da equipe');
INSERT INTO Evento_Partida (id_evento, id_partida, id_atleta_equipe, periodo, minuto, segundo, tipo_evento, valor_pontos, descricao) VALUES (9, 3, 3, 1, 33, 26, 'gol', 1, 'gol da equipe');
INSERT INTO Evento_Partida (id_evento, id_partida, id_atleta_equipe, periodo, minuto, segundo, tipo_evento, valor_pontos, descricao) VALUES (10, 3, 3, 1, 44, 39, 'gol', 1, 'gol da equipe');
INSERT INTO Evento_Partida (id_evento, id_partida, id_atleta_equipe, periodo, minuto, segundo, tipo_evento, valor_pontos, descricao) VALUES (11, 3, 3, 1, 55, 52, 'gol', 1, 'gol da equipe');
INSERT INTO Evento_Partida (id_evento, id_partida, id_atleta_equipe, periodo, minuto, segundo, tipo_evento, valor_pontos, descricao) VALUES (12, 3, 4, 2, 23, 30, 'penalidade', 0, 'penalidade disciplinar');
INSERT INTO Evento_Partida (id_evento, id_partida, id_atleta_equipe, periodo, minuto, segundo, tipo_evento, valor_pontos, descricao) VALUES (13, 4, 4, 1, 23, 13, 'gol', 1, 'gol da equipe');
INSERT INTO Evento_Partida (id_evento, id_partida, id_atleta_equipe, periodo, minuto, segundo, tipo_evento, valor_pontos, descricao) VALUES (14, 4, 4, 1, 34, 26, 'gol', 1, 'gol da equipe');
INSERT INTO Evento_Partida (id_evento, id_partida, id_atleta_equipe, periodo, minuto, segundo, tipo_evento, valor_pontos, descricao) VALUES (15, 4, 3, 1, 23, 13, 'gol', 1, 'gol da equipe');
INSERT INTO Evento_Partida (id_evento, id_partida, id_atleta_equipe, periodo, minuto, segundo, tipo_evento, valor_pontos, descricao) VALUES (16, 5, 5, 1, 24, 13, 'gol', 1, 'gol da equipe');
INSERT INTO Evento_Partida (id_evento, id_partida, id_atleta_equipe, periodo, minuto, segundo, tipo_evento, valor_pontos, descricao) VALUES (17, 5, 5, 1, 35, 26, 'gol', 1, 'gol da equipe');
INSERT INTO Evento_Partida (id_evento, id_partida, id_atleta_equipe, periodo, minuto, segundo, tipo_evento, valor_pontos, descricao) VALUES (18, 5, 5, 1, 46, 39, 'gol', 1, 'gol da equipe');
INSERT INTO Evento_Partida (id_evento, id_partida, id_atleta_equipe, periodo, minuto, segundo, tipo_evento, valor_pontos, descricao) VALUES (19, 5, 5, 1, 57, 52, 'gol', 1, 'gol da equipe');
INSERT INTO Evento_Partida (id_evento, id_partida, id_atleta_equipe, periodo, minuto, segundo, tipo_evento, valor_pontos, descricao) VALUES (20, 6, 6, 1, 25, 13, 'gol', 1, 'gol da equipe');
INSERT INTO Evento_Partida (id_evento, id_partida, id_atleta_equipe, periodo, minuto, segundo, tipo_evento, valor_pontos, descricao) VALUES (21, 6, 6, 1, 36, 26, 'gol', 1, 'gol da equipe');
INSERT INTO Evento_Partida (id_evento, id_partida, id_atleta_equipe, periodo, minuto, segundo, tipo_evento, valor_pontos, descricao) VALUES (22, 6, 5, 1, 25, 13, 'gol', 1, 'gol da equipe');
INSERT INTO Evento_Partida (id_evento, id_partida, id_atleta_equipe, periodo, minuto, segundo, tipo_evento, valor_pontos, descricao) VALUES (23, 6, 5, 2, 26, 30, 'penalidade', 0, 'penalidade disciplinar');
INSERT INTO Evento_Partida (id_evento, id_partida, id_atleta_equipe, periodo, minuto, segundo, tipo_evento, valor_pontos, descricao) VALUES (24, 7, 7, 1, 26, 13, 'gol', 1, 'gol da equipe');
INSERT INTO Evento_Partida (id_evento, id_partida, id_atleta_equipe, periodo, minuto, segundo, tipo_evento, valor_pontos, descricao) VALUES (25, 7, 7, 1, 37, 26, 'gol', 1, 'gol da equipe');
INSERT INTO Evento_Partida (id_evento, id_partida, id_atleta_equipe, periodo, minuto, segundo, tipo_evento, valor_pontos, descricao) VALUES (26, 7, 7, 1, 48, 39, 'gol', 1, 'gol da equipe');
INSERT INTO Evento_Partida (id_evento, id_partida, id_atleta_equipe, periodo, minuto, segundo, tipo_evento, valor_pontos, descricao) VALUES (27, 7, 7, 1, 59, 52, 'gol', 1, 'gol da equipe');
INSERT INTO Evento_Partida (id_evento, id_partida, id_atleta_equipe, periodo, minuto, segundo, tipo_evento, valor_pontos, descricao) VALUES (28, 7, 7, 2, 37, 40, 'penalidade', 0, 'penalidade por reclamacao');
INSERT INTO Evento_Partida (id_evento, id_partida, id_atleta_equipe, periodo, minuto, segundo, tipo_evento, valor_pontos, descricao) VALUES (29, 8, 8, 1, 27, 13, 'gol', 1, 'gol da equipe');
INSERT INTO Evento_Partida (id_evento, id_partida, id_atleta_equipe, periodo, minuto, segundo, tipo_evento, valor_pontos, descricao) VALUES (30, 8, 8, 1, 38, 26, 'gol', 1, 'gol da equipe');
INSERT INTO Evento_Partida (id_evento, id_partida, id_atleta_equipe, periodo, minuto, segundo, tipo_evento, valor_pontos, descricao) VALUES (31, 8, 7, 1, 27, 13, 'gol', 1, 'gol da equipe');
INSERT INTO Evento_Partida (id_evento, id_partida, id_atleta_equipe, periodo, minuto, segundo, tipo_evento, valor_pontos, descricao) VALUES (32, 9, 9, 1, 28, 13, 'gol', 1, 'gol da equipe');
INSERT INTO Evento_Partida (id_evento, id_partida, id_atleta_equipe, periodo, minuto, segundo, tipo_evento, valor_pontos, descricao) VALUES (33, 9, 9, 1, 39, 26, 'gol', 1, 'gol da equipe');
INSERT INTO Evento_Partida (id_evento, id_partida, id_atleta_equipe, periodo, minuto, segundo, tipo_evento, valor_pontos, descricao) VALUES (34, 9, 9, 1, 50, 39, 'gol', 1, 'gol da equipe');
INSERT INTO Evento_Partida (id_evento, id_partida, id_atleta_equipe, periodo, minuto, segundo, tipo_evento, valor_pontos, descricao) VALUES (35, 9, 9, 1, 61, 52, 'gol', 1, 'gol da equipe');
INSERT INTO Evento_Partida (id_evento, id_partida, id_atleta_equipe, periodo, minuto, segundo, tipo_evento, valor_pontos, descricao) VALUES (36, 9, 10, 2, 29, 30, 'penalidade', 0, 'penalidade disciplinar');
INSERT INTO Evento_Partida (id_evento, id_partida, id_atleta_equipe, periodo, minuto, segundo, tipo_evento, valor_pontos, descricao) VALUES (37, 10, 10, 1, 29, 13, 'gol', 1, 'gol da equipe');
INSERT INTO Evento_Partida (id_evento, id_partida, id_atleta_equipe, periodo, minuto, segundo, tipo_evento, valor_pontos, descricao) VALUES (38, 10, 10, 1, 40, 26, 'gol', 1, 'gol da equipe');
INSERT INTO Evento_Partida (id_evento, id_partida, id_atleta_equipe, periodo, minuto, segundo, tipo_evento, valor_pontos, descricao) VALUES (39, 10, 9, 1, 29, 13, 'gol', 1, 'gol da equipe');
INSERT INTO Evento_Partida (id_evento, id_partida, id_atleta_equipe, periodo, minuto, segundo, tipo_evento, valor_pontos, descricao) VALUES (40, 11, 11, 1, 30, 13, 'gol', 1, 'gol da equipe');
INSERT INTO Evento_Partida (id_evento, id_partida, id_atleta_equipe, periodo, minuto, segundo, tipo_evento, valor_pontos, descricao) VALUES (41, 11, 11, 1, 41, 26, 'gol', 1, 'gol da equipe');
INSERT INTO Evento_Partida (id_evento, id_partida, id_atleta_equipe, periodo, minuto, segundo, tipo_evento, valor_pontos, descricao) VALUES (42, 11, 11, 1, 52, 39, 'gol', 1, 'gol da equipe');
INSERT INTO Evento_Partida (id_evento, id_partida, id_atleta_equipe, periodo, minuto, segundo, tipo_evento, valor_pontos, descricao) VALUES (43, 11, 11, 1, 63, 52, 'gol', 1, 'gol da equipe');
INSERT INTO Evento_Partida (id_evento, id_partida, id_atleta_equipe, periodo, minuto, segundo, tipo_evento, valor_pontos, descricao) VALUES (44, 12, 12, 1, 31, 13, 'gol', 1, 'gol da equipe');
INSERT INTO Evento_Partida (id_evento, id_partida, id_atleta_equipe, periodo, minuto, segundo, tipo_evento, valor_pontos, descricao) VALUES (45, 12, 12, 1, 42, 26, 'gol', 1, 'gol da equipe');
INSERT INTO Evento_Partida (id_evento, id_partida, id_atleta_equipe, periodo, minuto, segundo, tipo_evento, valor_pontos, descricao) VALUES (46, 12, 11, 1, 31, 13, 'gol', 1, 'gol da equipe');
INSERT INTO Evento_Partida (id_evento, id_partida, id_atleta_equipe, periodo, minuto, segundo, tipo_evento, valor_pontos, descricao) VALUES (47, 12, 11, 2, 32, 30, 'penalidade', 0, 'penalidade disciplinar');
INSERT INTO Evento_Partida (id_evento, id_partida, id_atleta_equipe, periodo, minuto, segundo, tipo_evento, valor_pontos, descricao) VALUES (48, 13, 13, 1, 32, 13, 'gol', 1, 'gol da equipe');
INSERT INTO Evento_Partida (id_evento, id_partida, id_atleta_equipe, periodo, minuto, segundo, tipo_evento, valor_pontos, descricao) VALUES (49, 13, 13, 1, 43, 26, 'gol', 1, 'gol da equipe');
INSERT INTO Evento_Partida (id_evento, id_partida, id_atleta_equipe, periodo, minuto, segundo, tipo_evento, valor_pontos, descricao) VALUES (50, 13, 13, 1, 54, 39, 'gol', 1, 'gol da equipe');
INSERT INTO Evento_Partida (id_evento, id_partida, id_atleta_equipe, periodo, minuto, segundo, tipo_evento, valor_pontos, descricao) VALUES (51, 13, 13, 1, 65, 52, 'gol', 1, 'gol da equipe');
INSERT INTO Evento_Partida (id_evento, id_partida, id_atleta_equipe, periodo, minuto, segundo, tipo_evento, valor_pontos, descricao) VALUES (52, 14, 14, 1, 33, 13, 'gol', 1, 'gol da equipe');
INSERT INTO Evento_Partida (id_evento, id_partida, id_atleta_equipe, periodo, minuto, segundo, tipo_evento, valor_pontos, descricao) VALUES (53, 14, 14, 1, 44, 26, 'gol', 1, 'gol da equipe');
INSERT INTO Evento_Partida (id_evento, id_partida, id_atleta_equipe, periodo, minuto, segundo, tipo_evento, valor_pontos, descricao) VALUES (54, 14, 13, 1, 33, 13, 'gol', 1, 'gol da equipe');
INSERT INTO Evento_Partida (id_evento, id_partida, id_atleta_equipe, periodo, minuto, segundo, tipo_evento, valor_pontos, descricao) VALUES (55, 14, 14, 2, 44, 40, 'penalidade', 0, 'penalidade por reclamacao');
INSERT INTO Evento_Partida (id_evento, id_partida, id_atleta_equipe, periodo, minuto, segundo, tipo_evento, valor_pontos, descricao) VALUES (56, 15, 15, 1, 34, 13, 'gol', 1, 'gol da equipe');
INSERT INTO Evento_Partida (id_evento, id_partida, id_atleta_equipe, periodo, minuto, segundo, tipo_evento, valor_pontos, descricao) VALUES (57, 15, 15, 1, 45, 26, 'gol', 1, 'gol da equipe');
INSERT INTO Evento_Partida (id_evento, id_partida, id_atleta_equipe, periodo, minuto, segundo, tipo_evento, valor_pontos, descricao) VALUES (58, 15, 15, 1, 56, 39, 'gol', 1, 'gol da equipe');
INSERT INTO Evento_Partida (id_evento, id_partida, id_atleta_equipe, periodo, minuto, segundo, tipo_evento, valor_pontos, descricao) VALUES (59, 15, 15, 1, 67, 52, 'gol', 1, 'gol da equipe');
INSERT INTO Evento_Partida (id_evento, id_partida, id_atleta_equipe, periodo, minuto, segundo, tipo_evento, valor_pontos, descricao) VALUES (60, 15, 16, 2, 35, 30, 'penalidade', 0, 'penalidade disciplinar');
INSERT INTO Evento_Partida (id_evento, id_partida, id_atleta_equipe, periodo, minuto, segundo, tipo_evento, valor_pontos, descricao) VALUES (61, 16, 16, 1, 35, 13, 'gol', 1, 'gol da equipe');
INSERT INTO Evento_Partida (id_evento, id_partida, id_atleta_equipe, periodo, minuto, segundo, tipo_evento, valor_pontos, descricao) VALUES (62, 16, 16, 1, 46, 26, 'gol', 1, 'gol da equipe');
INSERT INTO Evento_Partida (id_evento, id_partida, id_atleta_equipe, periodo, minuto, segundo, tipo_evento, valor_pontos, descricao) VALUES (63, 16, 15, 1, 35, 13, 'gol', 1, 'gol da equipe');
INSERT INTO Evento_Partida (id_evento, id_partida, id_atleta_equipe, periodo, minuto, segundo, tipo_evento, valor_pontos, descricao) VALUES (64, 17, 17, 1, 36, 13, 'gol', 1, 'gol da equipe');
INSERT INTO Evento_Partida (id_evento, id_partida, id_atleta_equipe, periodo, minuto, segundo, tipo_evento, valor_pontos, descricao) VALUES (65, 17, 17, 1, 47, 26, 'gol', 1, 'gol da equipe');
INSERT INTO Evento_Partida (id_evento, id_partida, id_atleta_equipe, periodo, minuto, segundo, tipo_evento, valor_pontos, descricao) VALUES (66, 17, 17, 1, 58, 39, 'gol', 1, 'gol da equipe');
INSERT INTO Evento_Partida (id_evento, id_partida, id_atleta_equipe, periodo, minuto, segundo, tipo_evento, valor_pontos, descricao) VALUES (67, 17, 17, 1, 69, 52, 'gol', 1, 'gol da equipe');
INSERT INTO Evento_Partida (id_evento, id_partida, id_atleta_equipe, periodo, minuto, segundo, tipo_evento, valor_pontos, descricao) VALUES (68, 18, 17, 1, 37, 13, 'gol', 1, 'gol da equipe');
INSERT INTO Evento_Partida (id_evento, id_partida, id_atleta_equipe, periodo, minuto, segundo, tipo_evento, valor_pontos, descricao) VALUES (69, 18, 17, 1, 48, 26, 'gol', 1, 'gol da equipe');
INSERT INTO Evento_Partida (id_evento, id_partida, id_atleta_equipe, periodo, minuto, segundo, tipo_evento, valor_pontos, descricao) VALUES (70, 18, 17, 1, 59, 39, 'gol', 1, 'gol da equipe');
INSERT INTO Evento_Partida (id_evento, id_partida, id_atleta_equipe, periodo, minuto, segundo, tipo_evento, valor_pontos, descricao) VALUES (71, 18, 19, 1, 37, 13, 'gol', 1, 'gol da equipe');
INSERT INTO Evento_Partida (id_evento, id_partida, id_atleta_equipe, periodo, minuto, segundo, tipo_evento, valor_pontos, descricao) VALUES (72, 18, 19, 1, 48, 26, 'gol', 1, 'gol da equipe');
INSERT INTO Evento_Partida (id_evento, id_partida, id_atleta_equipe, periodo, minuto, segundo, tipo_evento, valor_pontos, descricao) VALUES (73, 18, 19, 2, 38, 30, 'penalidade', 0, 'penalidade disciplinar');
INSERT INTO Evento_Partida (id_evento, id_partida, id_atleta_equipe, periodo, minuto, segundo, tipo_evento, valor_pontos, descricao) VALUES (74, 19, 17, 1, 38, 13, 'gol', 1, 'gol da equipe');
INSERT INTO Evento_Partida (id_evento, id_partida, id_atleta_equipe, periodo, minuto, segundo, tipo_evento, valor_pontos, descricao) VALUES (75, 19, 17, 1, 49, 26, 'gol', 1, 'gol da equipe');
INSERT INTO Evento_Partida (id_evento, id_partida, id_atleta_equipe, periodo, minuto, segundo, tipo_evento, valor_pontos, descricao) VALUES (76, 19, 17, 1, 60, 39, 'gol', 1, 'gol da equipe');
INSERT INTO Evento_Partida (id_evento, id_partida, id_atleta_equipe, periodo, minuto, segundo, tipo_evento, valor_pontos, descricao) VALUES (77, 19, 17, 1, 71, 52, 'gol', 1, 'gol da equipe');
INSERT INTO Evento_Partida (id_evento, id_partida, id_atleta_equipe, periodo, minuto, segundo, tipo_evento, valor_pontos, descricao) VALUES (78, 19, 20, 1, 38, 13, 'gol', 1, 'gol da equipe');
INSERT INTO Evento_Partida (id_evento, id_partida, id_atleta_equipe, periodo, minuto, segundo, tipo_evento, valor_pontos, descricao) VALUES (79, 20, 18, 1, 39, 13, 'gol', 1, 'gol da equipe');
INSERT INTO Evento_Partida (id_evento, id_partida, id_atleta_equipe, periodo, minuto, segundo, tipo_evento, valor_pontos, descricao) VALUES (80, 20, 18, 1, 50, 26, 'gol', 1, 'gol da equipe');
INSERT INTO Evento_Partida (id_evento, id_partida, id_atleta_equipe, periodo, minuto, segundo, tipo_evento, valor_pontos, descricao) VALUES (81, 20, 19, 1, 39, 13, 'gol', 1, 'gol da equipe');
INSERT INTO Evento_Partida (id_evento, id_partida, id_atleta_equipe, periodo, minuto, segundo, tipo_evento, valor_pontos, descricao) VALUES (82, 21, 18, 1, 40, 13, 'gol', 1, 'gol da equipe');
INSERT INTO Evento_Partida (id_evento, id_partida, id_atleta_equipe, periodo, minuto, segundo, tipo_evento, valor_pontos, descricao) VALUES (83, 21, 18, 1, 51, 26, 'gol', 1, 'gol da equipe');
INSERT INTO Evento_Partida (id_evento, id_partida, id_atleta_equipe, periodo, minuto, segundo, tipo_evento, valor_pontos, descricao) VALUES (84, 21, 18, 1, 62, 39, 'gol', 1, 'gol da equipe');
INSERT INTO Evento_Partida (id_evento, id_partida, id_atleta_equipe, periodo, minuto, segundo, tipo_evento, valor_pontos, descricao) VALUES (85, 21, 18, 1, 73, 52, 'gol', 1, 'gol da equipe');
INSERT INTO Evento_Partida (id_evento, id_partida, id_atleta_equipe, periodo, minuto, segundo, tipo_evento, valor_pontos, descricao) VALUES (86, 21, 20, 2, 41, 30, 'penalidade', 0, 'penalidade disciplinar');
INSERT INTO Evento_Partida (id_evento, id_partida, id_atleta_equipe, periodo, minuto, segundo, tipo_evento, valor_pontos, descricao) VALUES (87, 21, 18, 2, 51, 40, 'penalidade', 0, 'penalidade por reclamacao');
INSERT INTO Evento_Partida (id_evento, id_partida, id_atleta_equipe, periodo, minuto, segundo, tipo_evento, valor_pontos, descricao) VALUES (88, 22, 19, 1, 41, 13, 'gol', 1, 'gol da equipe');
INSERT INTO Evento_Partida (id_evento, id_partida, id_atleta_equipe, periodo, minuto, segundo, tipo_evento, valor_pontos, descricao) VALUES (89, 22, 19, 1, 52, 26, 'gol', 1, 'gol da equipe');
INSERT INTO Evento_Partida (id_evento, id_partida, id_atleta_equipe, periodo, minuto, segundo, tipo_evento, valor_pontos, descricao) VALUES (90, 22, 20, 1, 41, 13, 'gol', 1, 'gol da equipe');
INSERT INTO Evento_Partida (id_evento, id_partida, id_atleta_equipe, periodo, minuto, segundo, tipo_evento, valor_pontos, descricao) VALUES (91, 23, 21, 1, 42, 13, 'gol', 1, 'gol da equipe');
INSERT INTO Evento_Partida (id_evento, id_partida, id_atleta_equipe, periodo, minuto, segundo, tipo_evento, valor_pontos, descricao) VALUES (92, 23, 21, 1, 53, 26, 'gol', 1, 'gol da equipe');
INSERT INTO Evento_Partida (id_evento, id_partida, id_atleta_equipe, periodo, minuto, segundo, tipo_evento, valor_pontos, descricao) VALUES (93, 23, 21, 1, 64, 39, 'gol', 1, 'gol da equipe');
INSERT INTO Evento_Partida (id_evento, id_partida, id_atleta_equipe, periodo, minuto, segundo, tipo_evento, valor_pontos, descricao) VALUES (94, 23, 21, 1, 75, 52, 'gol', 1, 'gol da equipe');
INSERT INTO Evento_Partida (id_evento, id_partida, id_atleta_equipe, periodo, minuto, segundo, tipo_evento, valor_pontos, descricao) VALUES (95, 24, 21, 1, 43, 13, 'gol', 1, 'gol da equipe');
INSERT INTO Evento_Partida (id_evento, id_partida, id_atleta_equipe, periodo, minuto, segundo, tipo_evento, valor_pontos, descricao) VALUES (96, 24, 21, 1, 54, 26, 'gol', 1, 'gol da equipe');
INSERT INTO Evento_Partida (id_evento, id_partida, id_atleta_equipe, periodo, minuto, segundo, tipo_evento, valor_pontos, descricao) VALUES (97, 24, 21, 1, 65, 39, 'gol', 1, 'gol da equipe');
INSERT INTO Evento_Partida (id_evento, id_partida, id_atleta_equipe, periodo, minuto, segundo, tipo_evento, valor_pontos, descricao) VALUES (98, 24, 23, 1, 43, 13, 'gol', 1, 'gol da equipe');
INSERT INTO Evento_Partida (id_evento, id_partida, id_atleta_equipe, periodo, minuto, segundo, tipo_evento, valor_pontos, descricao) VALUES (99, 24, 23, 1, 54, 26, 'gol', 1, 'gol da equipe');
INSERT INTO Evento_Partida (id_evento, id_partida, id_atleta_equipe, periodo, minuto, segundo, tipo_evento, valor_pontos, descricao) VALUES (100, 24, 23, 2, 44, 30, 'penalidade', 0, 'penalidade disciplinar');
INSERT INTO Evento_Partida (id_evento, id_partida, id_atleta_equipe, periodo, minuto, segundo, tipo_evento, valor_pontos, descricao) VALUES (101, 25, 21, 1, 44, 13, 'gol', 1, 'gol da equipe');
INSERT INTO Evento_Partida (id_evento, id_partida, id_atleta_equipe, periodo, minuto, segundo, tipo_evento, valor_pontos, descricao) VALUES (102, 25, 21, 1, 55, 26, 'gol', 1, 'gol da equipe');
INSERT INTO Evento_Partida (id_evento, id_partida, id_atleta_equipe, periodo, minuto, segundo, tipo_evento, valor_pontos, descricao) VALUES (103, 25, 21, 1, 66, 39, 'gol', 1, 'gol da equipe');
INSERT INTO Evento_Partida (id_evento, id_partida, id_atleta_equipe, periodo, minuto, segundo, tipo_evento, valor_pontos, descricao) VALUES (104, 25, 21, 1, 77, 52, 'gol', 1, 'gol da equipe');
INSERT INTO Evento_Partida (id_evento, id_partida, id_atleta_equipe, periodo, minuto, segundo, tipo_evento, valor_pontos, descricao) VALUES (105, 25, 24, 1, 44, 13, 'gol', 1, 'gol da equipe');
INSERT INTO Evento_Partida (id_evento, id_partida, id_atleta_equipe, periodo, minuto, segundo, tipo_evento, valor_pontos, descricao) VALUES (106, 26, 22, 1, 45, 13, 'gol', 1, 'gol da equipe');
INSERT INTO Evento_Partida (id_evento, id_partida, id_atleta_equipe, periodo, minuto, segundo, tipo_evento, valor_pontos, descricao) VALUES (107, 26, 22, 1, 56, 26, 'gol', 1, 'gol da equipe');
INSERT INTO Evento_Partida (id_evento, id_partida, id_atleta_equipe, periodo, minuto, segundo, tipo_evento, valor_pontos, descricao) VALUES (108, 26, 23, 1, 45, 13, 'gol', 1, 'gol da equipe');
INSERT INTO Evento_Partida (id_evento, id_partida, id_atleta_equipe, periodo, minuto, segundo, tipo_evento, valor_pontos, descricao) VALUES (109, 27, 22, 1, 46, 13, 'gol', 1, 'gol da equipe');
INSERT INTO Evento_Partida (id_evento, id_partida, id_atleta_equipe, periodo, minuto, segundo, tipo_evento, valor_pontos, descricao) VALUES (110, 27, 22, 1, 57, 26, 'gol', 1, 'gol da equipe');
INSERT INTO Evento_Partida (id_evento, id_partida, id_atleta_equipe, periodo, minuto, segundo, tipo_evento, valor_pontos, descricao) VALUES (111, 27, 22, 1, 68, 39, 'gol', 1, 'gol da equipe');
INSERT INTO Evento_Partida (id_evento, id_partida, id_atleta_equipe, periodo, minuto, segundo, tipo_evento, valor_pontos, descricao) VALUES (112, 27, 22, 1, 79, 52, 'gol', 1, 'gol da equipe');
INSERT INTO Evento_Partida (id_evento, id_partida, id_atleta_equipe, periodo, minuto, segundo, tipo_evento, valor_pontos, descricao) VALUES (113, 27, 24, 2, 47, 30, 'penalidade', 0, 'penalidade disciplinar');
INSERT INTO Evento_Partida (id_evento, id_partida, id_atleta_equipe, periodo, minuto, segundo, tipo_evento, valor_pontos, descricao) VALUES (114, 28, 23, 1, 47, 13, 'gol', 1, 'gol da equipe');
INSERT INTO Evento_Partida (id_evento, id_partida, id_atleta_equipe, periodo, minuto, segundo, tipo_evento, valor_pontos, descricao) VALUES (115, 28, 23, 1, 58, 26, 'gol', 1, 'gol da equipe');
INSERT INTO Evento_Partida (id_evento, id_partida, id_atleta_equipe, periodo, minuto, segundo, tipo_evento, valor_pontos, descricao) VALUES (116, 28, 24, 1, 47, 13, 'gol', 1, 'gol da equipe');
INSERT INTO Evento_Partida (id_evento, id_partida, id_atleta_equipe, periodo, minuto, segundo, tipo_evento, valor_pontos, descricao) VALUES (117, 28, 23, 2, 58, 40, 'penalidade', 0, 'penalidade por reclamacao');
INSERT INTO Evento_Partida (id_evento, id_partida, id_atleta_equipe, periodo, minuto, segundo, tipo_evento, valor_pontos, descricao) VALUES (118, 29, 25, 1, 48, 13, 'gol', 1, 'gol da equipe');
INSERT INTO Evento_Partida (id_evento, id_partida, id_atleta_equipe, periodo, minuto, segundo, tipo_evento, valor_pontos, descricao) VALUES (119, 29, 26, 1, 48, 13, 'gol', 1, 'gol da equipe');
INSERT INTO Evento_Partida (id_evento, id_partida, id_atleta_equipe, periodo, minuto, segundo, tipo_evento, valor_pontos, descricao) VALUES (120, 29, 26, 1, 59, 26, 'gol', 1, 'gol da equipe');
INSERT INTO Evento_Partida (id_evento, id_partida, id_atleta_equipe, periodo, minuto, segundo, tipo_evento, valor_pontos, descricao) VALUES (121, 30, 25, 1, 49, 13, 'gol', 1, 'gol da equipe');
INSERT INTO Evento_Partida (id_evento, id_partida, id_atleta_equipe, periodo, minuto, segundo, tipo_evento, valor_pontos, descricao) VALUES (122, 30, 25, 1, 60, 26, 'gol', 1, 'gol da equipe');
INSERT INTO Evento_Partida (id_evento, id_partida, id_atleta_equipe, periodo, minuto, segundo, tipo_evento, valor_pontos, descricao) VALUES (123, 30, 25, 1, 71, 39, 'gol', 1, 'gol da equipe');
INSERT INTO Evento_Partida (id_evento, id_partida, id_atleta_equipe, periodo, minuto, segundo, tipo_evento, valor_pontos, descricao) VALUES (124, 30, 27, 2, 50, 30, 'penalidade', 0, 'penalidade disciplinar');
INSERT INTO Evento_Partida (id_evento, id_partida, id_atleta_equipe, periodo, minuto, segundo, tipo_evento, valor_pontos, descricao) VALUES (125, 31, 25, 1, 50, 13, 'gol', 1, 'gol da equipe');
INSERT INTO Evento_Partida (id_evento, id_partida, id_atleta_equipe, periodo, minuto, segundo, tipo_evento, valor_pontos, descricao) VALUES (126, 31, 25, 1, 61, 26, 'gol', 1, 'gol da equipe');
INSERT INTO Evento_Partida (id_evento, id_partida, id_atleta_equipe, periodo, minuto, segundo, tipo_evento, valor_pontos, descricao) VALUES (127, 31, 25, 1, 72, 39, 'gol', 1, 'gol da equipe');
INSERT INTO Evento_Partida (id_evento, id_partida, id_atleta_equipe, periodo, minuto, segundo, tipo_evento, valor_pontos, descricao) VALUES (128, 31, 28, 1, 50, 13, 'gol', 1, 'gol da equipe');
INSERT INTO Evento_Partida (id_evento, id_partida, id_atleta_equipe, periodo, minuto, segundo, tipo_evento, valor_pontos, descricao) VALUES (129, 31, 28, 1, 61, 26, 'gol', 1, 'gol da equipe');
INSERT INTO Evento_Partida (id_evento, id_partida, id_atleta_equipe, periodo, minuto, segundo, tipo_evento, valor_pontos, descricao) VALUES (130, 32, 26, 1, 51, 13, 'gol', 1, 'gol da equipe');
INSERT INTO Evento_Partida (id_evento, id_partida, id_atleta_equipe, periodo, minuto, segundo, tipo_evento, valor_pontos, descricao) VALUES (131, 32, 26, 1, 62, 26, 'gol', 1, 'gol da equipe');
INSERT INTO Evento_Partida (id_evento, id_partida, id_atleta_equipe, periodo, minuto, segundo, tipo_evento, valor_pontos, descricao) VALUES (132, 32, 26, 1, 73, 39, 'gol', 1, 'gol da equipe');
INSERT INTO Evento_Partida (id_evento, id_partida, id_atleta_equipe, periodo, minuto, segundo, tipo_evento, valor_pontos, descricao) VALUES (133, 32, 26, 1, 84, 52, 'gol', 1, 'gol da equipe');
INSERT INTO Evento_Partida (id_evento, id_partida, id_atleta_equipe, periodo, minuto, segundo, tipo_evento, valor_pontos, descricao) VALUES (134, 32, 27, 1, 51, 13, 'gol', 1, 'gol da equipe');
INSERT INTO Evento_Partida (id_evento, id_partida, id_atleta_equipe, periodo, minuto, segundo, tipo_evento, valor_pontos, descricao) VALUES (135, 32, 27, 1, 62, 26, 'gol', 1, 'gol da equipe');
INSERT INTO Evento_Partida (id_evento, id_partida, id_atleta_equipe, periodo, minuto, segundo, tipo_evento, valor_pontos, descricao) VALUES (136, 33, 26, 1, 52, 13, 'gol', 1, 'gol da equipe');
INSERT INTO Evento_Partida (id_evento, id_partida, id_atleta_equipe, periodo, minuto, segundo, tipo_evento, valor_pontos, descricao) VALUES (137, 33, 26, 1, 63, 26, 'gol', 1, 'gol da equipe');
INSERT INTO Evento_Partida (id_evento, id_partida, id_atleta_equipe, periodo, minuto, segundo, tipo_evento, valor_pontos, descricao) VALUES (138, 33, 26, 1, 74, 39, 'gol', 1, 'gol da equipe');
INSERT INTO Evento_Partida (id_evento, id_partida, id_atleta_equipe, periodo, minuto, segundo, tipo_evento, valor_pontos, descricao) VALUES (139, 33, 26, 1, 85, 52, 'gol', 1, 'gol da equipe');
INSERT INTO Evento_Partida (id_evento, id_partida, id_atleta_equipe, periodo, minuto, segundo, tipo_evento, valor_pontos, descricao) VALUES (140, 33, 28, 1, 52, 13, 'gol', 1, 'gol da equipe');
INSERT INTO Evento_Partida (id_evento, id_partida, id_atleta_equipe, periodo, minuto, segundo, tipo_evento, valor_pontos, descricao) VALUES (141, 33, 28, 2, 53, 30, 'penalidade', 0, 'penalidade disciplinar');
INSERT INTO Evento_Partida (id_evento, id_partida, id_atleta_equipe, periodo, minuto, segundo, tipo_evento, valor_pontos, descricao) VALUES (142, 34, 27, 1, 53, 13, 'gol', 1, 'gol da equipe');
INSERT INTO Evento_Partida (id_evento, id_partida, id_atleta_equipe, periodo, minuto, segundo, tipo_evento, valor_pontos, descricao) VALUES (143, 34, 27, 1, 64, 26, 'gol', 1, 'gol da equipe');
INSERT INTO Evento_Partida (id_evento, id_partida, id_atleta_equipe, periodo, minuto, segundo, tipo_evento, valor_pontos, descricao) VALUES (144, 34, 28, 1, 53, 13, 'gol', 1, 'gol da equipe');
INSERT INTO Evento_Partida (id_evento, id_partida, id_atleta_equipe, periodo, minuto, segundo, tipo_evento, valor_pontos, descricao) VALUES (145, 34, 28, 1, 64, 26, 'gol', 1, 'gol da equipe');
INSERT INTO Evento_Partida (id_evento, id_partida, id_atleta_equipe, periodo, minuto, segundo, tipo_evento, valor_pontos, descricao) VALUES (146, 34, 28, 1, 75, 39, 'gol', 1, 'gol da equipe');
INSERT INTO Evento_Partida (id_evento, id_partida, id_atleta_equipe, periodo, minuto, segundo, tipo_evento, valor_pontos, descricao) VALUES (147, 35, 29, 1, 54, 13, 'gol', 1, 'gol da equipe');
INSERT INTO Evento_Partida (id_evento, id_partida, id_atleta_equipe, periodo, minuto, segundo, tipo_evento, valor_pontos, descricao) VALUES (148, 35, 30, 1, 54, 13, 'gol', 1, 'gol da equipe');
INSERT INTO Evento_Partida (id_evento, id_partida, id_atleta_equipe, periodo, minuto, segundo, tipo_evento, valor_pontos, descricao) VALUES (149, 35, 30, 1, 65, 26, 'gol', 1, 'gol da equipe');
INSERT INTO Evento_Partida (id_evento, id_partida, id_atleta_equipe, periodo, minuto, segundo, tipo_evento, valor_pontos, descricao) VALUES (150, 35, 29, 2, 65, 40, 'penalidade', 0, 'penalidade por reclamacao');
INSERT INTO Evento_Partida (id_evento, id_partida, id_atleta_equipe, periodo, minuto, segundo, tipo_evento, valor_pontos, descricao) VALUES (151, 36, 29, 1, 55, 13, 'gol', 1, 'gol da equipe');
INSERT INTO Evento_Partida (id_evento, id_partida, id_atleta_equipe, periodo, minuto, segundo, tipo_evento, valor_pontos, descricao) VALUES (152, 36, 29, 1, 66, 26, 'gol', 1, 'gol da equipe');
INSERT INTO Evento_Partida (id_evento, id_partida, id_atleta_equipe, periodo, minuto, segundo, tipo_evento, valor_pontos, descricao) VALUES (153, 36, 29, 1, 77, 39, 'gol', 1, 'gol da equipe');
INSERT INTO Evento_Partida (id_evento, id_partida, id_atleta_equipe, periodo, minuto, segundo, tipo_evento, valor_pontos, descricao) VALUES (154, 36, 31, 2, 56, 30, 'penalidade', 0, 'penalidade disciplinar');
INSERT INTO Evento_Partida (id_evento, id_partida, id_atleta_equipe, periodo, minuto, segundo, tipo_evento, valor_pontos, descricao) VALUES (155, 37, 29, 1, 56, 13, 'gol', 1, 'gol da equipe');
INSERT INTO Evento_Partida (id_evento, id_partida, id_atleta_equipe, periodo, minuto, segundo, tipo_evento, valor_pontos, descricao) VALUES (156, 37, 29, 1, 67, 26, 'gol', 1, 'gol da equipe');
INSERT INTO Evento_Partida (id_evento, id_partida, id_atleta_equipe, periodo, minuto, segundo, tipo_evento, valor_pontos, descricao) VALUES (157, 37, 29, 1, 78, 39, 'gol', 1, 'gol da equipe');
INSERT INTO Evento_Partida (id_evento, id_partida, id_atleta_equipe, periodo, minuto, segundo, tipo_evento, valor_pontos, descricao) VALUES (158, 37, 32, 1, 56, 13, 'gol', 1, 'gol da equipe');
INSERT INTO Evento_Partida (id_evento, id_partida, id_atleta_equipe, periodo, minuto, segundo, tipo_evento, valor_pontos, descricao) VALUES (159, 37, 32, 1, 67, 26, 'gol', 1, 'gol da equipe');
INSERT INTO Evento_Partida (id_evento, id_partida, id_atleta_equipe, periodo, minuto, segundo, tipo_evento, valor_pontos, descricao) VALUES (160, 38, 30, 1, 57, 13, 'gol', 1, 'gol da equipe');
INSERT INTO Evento_Partida (id_evento, id_partida, id_atleta_equipe, periodo, minuto, segundo, tipo_evento, valor_pontos, descricao) VALUES (161, 38, 30, 1, 68, 26, 'gol', 1, 'gol da equipe');
INSERT INTO Evento_Partida (id_evento, id_partida, id_atleta_equipe, periodo, minuto, segundo, tipo_evento, valor_pontos, descricao) VALUES (162, 38, 30, 1, 79, 39, 'gol', 1, 'gol da equipe');
INSERT INTO Evento_Partida (id_evento, id_partida, id_atleta_equipe, periodo, minuto, segundo, tipo_evento, valor_pontos, descricao) VALUES (163, 38, 30, 1, 8, 52, 'gol', 1, 'gol da equipe');
INSERT INTO Evento_Partida (id_evento, id_partida, id_atleta_equipe, periodo, minuto, segundo, tipo_evento, valor_pontos, descricao) VALUES (164, 38, 31, 1, 57, 13, 'gol', 1, 'gol da equipe');
INSERT INTO Evento_Partida (id_evento, id_partida, id_atleta_equipe, periodo, minuto, segundo, tipo_evento, valor_pontos, descricao) VALUES (165, 38, 31, 1, 68, 26, 'gol', 1, 'gol da equipe');
INSERT INTO Evento_Partida (id_evento, id_partida, id_atleta_equipe, periodo, minuto, segundo, tipo_evento, valor_pontos, descricao) VALUES (166, 39, 30, 1, 58, 13, 'gol', 1, 'gol da equipe');
INSERT INTO Evento_Partida (id_evento, id_partida, id_atleta_equipe, periodo, minuto, segundo, tipo_evento, valor_pontos, descricao) VALUES (167, 39, 30, 1, 69, 26, 'gol', 1, 'gol da equipe');
INSERT INTO Evento_Partida (id_evento, id_partida, id_atleta_equipe, periodo, minuto, segundo, tipo_evento, valor_pontos, descricao) VALUES (168, 39, 30, 1, 80, 39, 'gol', 1, 'gol da equipe');
INSERT INTO Evento_Partida (id_evento, id_partida, id_atleta_equipe, periodo, minuto, segundo, tipo_evento, valor_pontos, descricao) VALUES (169, 39, 30, 1, 9, 52, 'gol', 1, 'gol da equipe');
INSERT INTO Evento_Partida (id_evento, id_partida, id_atleta_equipe, periodo, minuto, segundo, tipo_evento, valor_pontos, descricao) VALUES (170, 39, 32, 1, 58, 13, 'gol', 1, 'gol da equipe');
INSERT INTO Evento_Partida (id_evento, id_partida, id_atleta_equipe, periodo, minuto, segundo, tipo_evento, valor_pontos, descricao) VALUES (171, 39, 32, 2, 59, 30, 'penalidade', 0, 'penalidade disciplinar');
INSERT INTO Evento_Partida (id_evento, id_partida, id_atleta_equipe, periodo, minuto, segundo, tipo_evento, valor_pontos, descricao) VALUES (172, 40, 31, 1, 59, 13, 'gol', 1, 'gol da equipe');
INSERT INTO Evento_Partida (id_evento, id_partida, id_atleta_equipe, periodo, minuto, segundo, tipo_evento, valor_pontos, descricao) VALUES (173, 40, 31, 1, 70, 26, 'gol', 1, 'gol da equipe');
INSERT INTO Evento_Partida (id_evento, id_partida, id_atleta_equipe, periodo, minuto, segundo, tipo_evento, valor_pontos, descricao) VALUES (174, 40, 32, 1, 59, 13, 'gol', 1, 'gol da equipe');
INSERT INTO Evento_Partida (id_evento, id_partida, id_atleta_equipe, periodo, minuto, segundo, tipo_evento, valor_pontos, descricao) VALUES (175, 40, 32, 1, 70, 26, 'gol', 1, 'gol da equipe');
INSERT INTO Evento_Partida (id_evento, id_partida, id_atleta_equipe, periodo, minuto, segundo, tipo_evento, valor_pontos, descricao) VALUES (176, 40, 32, 1, 81, 39, 'gol', 1, 'gol da equipe');
INSERT INTO Evento_Partida (id_evento, id_partida, id_atleta_equipe, periodo, minuto, segundo, tipo_evento, valor_pontos, descricao) VALUES (177, 41, 33, 1, 60, 13, 'gol', 1, 'gol da equipe');
INSERT INTO Evento_Partida (id_evento, id_partida, id_atleta_equipe, periodo, minuto, segundo, tipo_evento, valor_pontos, descricao) VALUES (178, 41, 34, 1, 60, 13, 'gol', 1, 'gol da equipe');
INSERT INTO Evento_Partida (id_evento, id_partida, id_atleta_equipe, periodo, minuto, segundo, tipo_evento, valor_pontos, descricao) VALUES (179, 41, 34, 1, 71, 26, 'gol', 1, 'gol da equipe');
INSERT INTO Evento_Partida (id_evento, id_partida, id_atleta_equipe, periodo, minuto, segundo, tipo_evento, valor_pontos, descricao) VALUES (180, 42, 33, 1, 61, 13, 'gol', 1, 'gol da equipe');
INSERT INTO Evento_Partida (id_evento, id_partida, id_atleta_equipe, periodo, minuto, segundo, tipo_evento, valor_pontos, descricao) VALUES (181, 42, 33, 1, 72, 26, 'gol', 1, 'gol da equipe');
INSERT INTO Evento_Partida (id_evento, id_partida, id_atleta_equipe, periodo, minuto, segundo, tipo_evento, valor_pontos, descricao) VALUES (182, 42, 33, 1, 83, 39, 'gol', 1, 'gol da equipe');
INSERT INTO Evento_Partida (id_evento, id_partida, id_atleta_equipe, periodo, minuto, segundo, tipo_evento, valor_pontos, descricao) VALUES (183, 42, 35, 2, 62, 30, 'penalidade', 0, 'penalidade disciplinar');
INSERT INTO Evento_Partida (id_evento, id_partida, id_atleta_equipe, periodo, minuto, segundo, tipo_evento, valor_pontos, descricao) VALUES (184, 42, 33, 2, 72, 40, 'penalidade', 0, 'penalidade por reclamacao');
INSERT INTO Evento_Partida (id_evento, id_partida, id_atleta_equipe, periodo, minuto, segundo, tipo_evento, valor_pontos, descricao) VALUES (185, 43, 33, 1, 62, 13, 'gol', 1, 'gol da equipe');
INSERT INTO Evento_Partida (id_evento, id_partida, id_atleta_equipe, periodo, minuto, segundo, tipo_evento, valor_pontos, descricao) VALUES (186, 43, 33, 1, 73, 26, 'gol', 1, 'gol da equipe');
INSERT INTO Evento_Partida (id_evento, id_partida, id_atleta_equipe, periodo, minuto, segundo, tipo_evento, valor_pontos, descricao) VALUES (187, 43, 33, 1, 84, 39, 'gol', 1, 'gol da equipe');
INSERT INTO Evento_Partida (id_evento, id_partida, id_atleta_equipe, periodo, minuto, segundo, tipo_evento, valor_pontos, descricao) VALUES (188, 43, 36, 1, 62, 13, 'gol', 1, 'gol da equipe');
INSERT INTO Evento_Partida (id_evento, id_partida, id_atleta_equipe, periodo, minuto, segundo, tipo_evento, valor_pontos, descricao) VALUES (189, 43, 36, 1, 73, 26, 'gol', 1, 'gol da equipe');
INSERT INTO Evento_Partida (id_evento, id_partida, id_atleta_equipe, periodo, minuto, segundo, tipo_evento, valor_pontos, descricao) VALUES (190, 44, 34, 1, 63, 13, 'gol', 1, 'gol da equipe');
INSERT INTO Evento_Partida (id_evento, id_partida, id_atleta_equipe, periodo, minuto, segundo, tipo_evento, valor_pontos, descricao) VALUES (191, 44, 34, 1, 74, 26, 'gol', 1, 'gol da equipe');
INSERT INTO Evento_Partida (id_evento, id_partida, id_atleta_equipe, periodo, minuto, segundo, tipo_evento, valor_pontos, descricao) VALUES (192, 44, 34, 1, 85, 39, 'gol', 1, 'gol da equipe');
INSERT INTO Evento_Partida (id_evento, id_partida, id_atleta_equipe, periodo, minuto, segundo, tipo_evento, valor_pontos, descricao) VALUES (193, 44, 34, 1, 14, 52, 'gol', 1, 'gol da equipe');
INSERT INTO Evento_Partida (id_evento, id_partida, id_atleta_equipe, periodo, minuto, segundo, tipo_evento, valor_pontos, descricao) VALUES (194, 44, 35, 1, 63, 13, 'gol', 1, 'gol da equipe');
INSERT INTO Evento_Partida (id_evento, id_partida, id_atleta_equipe, periodo, minuto, segundo, tipo_evento, valor_pontos, descricao) VALUES (195, 44, 35, 1, 74, 26, 'gol', 1, 'gol da equipe');
INSERT INTO Evento_Partida (id_evento, id_partida, id_atleta_equipe, periodo, minuto, segundo, tipo_evento, valor_pontos, descricao) VALUES (196, 45, 34, 1, 64, 13, 'gol', 1, 'gol da equipe');
INSERT INTO Evento_Partida (id_evento, id_partida, id_atleta_equipe, periodo, minuto, segundo, tipo_evento, valor_pontos, descricao) VALUES (197, 45, 34, 1, 75, 26, 'gol', 1, 'gol da equipe');
INSERT INTO Evento_Partida (id_evento, id_partida, id_atleta_equipe, periodo, minuto, segundo, tipo_evento, valor_pontos, descricao) VALUES (198, 45, 34, 1, 86, 39, 'gol', 1, 'gol da equipe');
INSERT INTO Evento_Partida (id_evento, id_partida, id_atleta_equipe, periodo, minuto, segundo, tipo_evento, valor_pontos, descricao) VALUES (199, 45, 34, 1, 15, 52, 'gol', 1, 'gol da equipe');
INSERT INTO Evento_Partida (id_evento, id_partida, id_atleta_equipe, periodo, minuto, segundo, tipo_evento, valor_pontos, descricao) VALUES (200, 45, 36, 1, 64, 13, 'gol', 1, 'gol da equipe');
INSERT INTO Evento_Partida (id_evento, id_partida, id_atleta_equipe, periodo, minuto, segundo, tipo_evento, valor_pontos, descricao) VALUES (201, 45, 36, 2, 65, 30, 'penalidade', 0, 'penalidade disciplinar');
INSERT INTO Evento_Partida (id_evento, id_partida, id_atleta_equipe, periodo, minuto, segundo, tipo_evento, valor_pontos, descricao) VALUES (202, 46, 35, 1, 65, 13, 'gol', 1, 'gol da equipe');
INSERT INTO Evento_Partida (id_evento, id_partida, id_atleta_equipe, periodo, minuto, segundo, tipo_evento, valor_pontos, descricao) VALUES (203, 46, 35, 1, 76, 26, 'gol', 1, 'gol da equipe');
INSERT INTO Evento_Partida (id_evento, id_partida, id_atleta_equipe, periodo, minuto, segundo, tipo_evento, valor_pontos, descricao) VALUES (204, 46, 36, 1, 65, 13, 'gol', 1, 'gol da equipe');
INSERT INTO Evento_Partida (id_evento, id_partida, id_atleta_equipe, periodo, minuto, segundo, tipo_evento, valor_pontos, descricao) VALUES (205, 46, 36, 1, 76, 26, 'gol', 1, 'gol da equipe');
INSERT INTO Evento_Partida (id_evento, id_partida, id_atleta_equipe, periodo, minuto, segundo, tipo_evento, valor_pontos, descricao) VALUES (206, 46, 36, 1, 87, 39, 'gol', 1, 'gol da equipe');
INSERT INTO Evento_Partida (id_evento, id_partida, id_atleta_equipe, periodo, minuto, segundo, tipo_evento, valor_pontos, descricao) VALUES (207, 47, 37, 1, 66, 13, 'gol', 1, 'gol da equipe');
INSERT INTO Evento_Partida (id_evento, id_partida, id_atleta_equipe, periodo, minuto, segundo, tipo_evento, valor_pontos, descricao) VALUES (208, 47, 38, 1, 66, 13, 'gol', 1, 'gol da equipe');
INSERT INTO Evento_Partida (id_evento, id_partida, id_atleta_equipe, periodo, minuto, segundo, tipo_evento, valor_pontos, descricao) VALUES (209, 47, 38, 1, 77, 26, 'gol', 1, 'gol da equipe');
INSERT INTO Evento_Partida (id_evento, id_partida, id_atleta_equipe, periodo, minuto, segundo, tipo_evento, valor_pontos, descricao) VALUES (210, 48, 37, 1, 67, 13, 'gol', 1, 'gol da equipe');
INSERT INTO Evento_Partida (id_evento, id_partida, id_atleta_equipe, periodo, minuto, segundo, tipo_evento, valor_pontos, descricao) VALUES (211, 48, 37, 1, 78, 26, 'gol', 1, 'gol da equipe');
INSERT INTO Evento_Partida (id_evento, id_partida, id_atleta_equipe, periodo, minuto, segundo, tipo_evento, valor_pontos, descricao) VALUES (212, 48, 37, 1, 89, 39, 'gol', 1, 'gol da equipe');
INSERT INTO Evento_Partida (id_evento, id_partida, id_atleta_equipe, periodo, minuto, segundo, tipo_evento, valor_pontos, descricao) VALUES (213, 48, 39, 2, 68, 30, 'penalidade', 0, 'penalidade disciplinar');
INSERT INTO Evento_Partida (id_evento, id_partida, id_atleta_equipe, periodo, minuto, segundo, tipo_evento, valor_pontos, descricao) VALUES (214, 49, 37, 1, 68, 13, 'gol', 1, 'gol da equipe');
INSERT INTO Evento_Partida (id_evento, id_partida, id_atleta_equipe, periodo, minuto, segundo, tipo_evento, valor_pontos, descricao) VALUES (215, 49, 37, 1, 79, 26, 'gol', 1, 'gol da equipe');
INSERT INTO Evento_Partida (id_evento, id_partida, id_atleta_equipe, periodo, minuto, segundo, tipo_evento, valor_pontos, descricao) VALUES (216, 49, 37, 1, 8, 39, 'gol', 1, 'gol da equipe');
INSERT INTO Evento_Partida (id_evento, id_partida, id_atleta_equipe, periodo, minuto, segundo, tipo_evento, valor_pontos, descricao) VALUES (217, 49, 40, 1, 68, 13, 'gol', 1, 'gol da equipe');
INSERT INTO Evento_Partida (id_evento, id_partida, id_atleta_equipe, periodo, minuto, segundo, tipo_evento, valor_pontos, descricao) VALUES (218, 49, 40, 1, 79, 26, 'gol', 1, 'gol da equipe');
INSERT INTO Evento_Partida (id_evento, id_partida, id_atleta_equipe, periodo, minuto, segundo, tipo_evento, valor_pontos, descricao) VALUES (219, 49, 37, 2, 79, 40, 'penalidade', 0, 'penalidade por reclamacao');
INSERT INTO Evento_Partida (id_evento, id_partida, id_atleta_equipe, periodo, minuto, segundo, tipo_evento, valor_pontos, descricao) VALUES (220, 50, 38, 1, 69, 13, 'gol', 1, 'gol da equipe');
INSERT INTO Evento_Partida (id_evento, id_partida, id_atleta_equipe, periodo, minuto, segundo, tipo_evento, valor_pontos, descricao) VALUES (221, 50, 38, 1, 80, 26, 'gol', 1, 'gol da equipe');
INSERT INTO Evento_Partida (id_evento, id_partida, id_atleta_equipe, periodo, minuto, segundo, tipo_evento, valor_pontos, descricao) VALUES (222, 50, 38, 1, 9, 39, 'gol', 1, 'gol da equipe');
INSERT INTO Evento_Partida (id_evento, id_partida, id_atleta_equipe, periodo, minuto, segundo, tipo_evento, valor_pontos, descricao) VALUES (223, 50, 38, 1, 20, 52, 'gol', 1, 'gol da equipe');
INSERT INTO Evento_Partida (id_evento, id_partida, id_atleta_equipe, periodo, minuto, segundo, tipo_evento, valor_pontos, descricao) VALUES (224, 50, 39, 1, 69, 13, 'gol', 1, 'gol da equipe');
INSERT INTO Evento_Partida (id_evento, id_partida, id_atleta_equipe, periodo, minuto, segundo, tipo_evento, valor_pontos, descricao) VALUES (225, 50, 39, 1, 80, 26, 'gol', 1, 'gol da equipe');
INSERT INTO Evento_Partida (id_evento, id_partida, id_atleta_equipe, periodo, minuto, segundo, tipo_evento, valor_pontos, descricao) VALUES (226, 51, 38, 1, 70, 13, 'gol', 1, 'gol da equipe');
INSERT INTO Evento_Partida (id_evento, id_partida, id_atleta_equipe, periodo, minuto, segundo, tipo_evento, valor_pontos, descricao) VALUES (227, 51, 38, 1, 81, 26, 'gol', 1, 'gol da equipe');
INSERT INTO Evento_Partida (id_evento, id_partida, id_atleta_equipe, periodo, minuto, segundo, tipo_evento, valor_pontos, descricao) VALUES (228, 51, 38, 1, 10, 39, 'gol', 1, 'gol da equipe');
INSERT INTO Evento_Partida (id_evento, id_partida, id_atleta_equipe, periodo, minuto, segundo, tipo_evento, valor_pontos, descricao) VALUES (229, 51, 38, 1, 21, 52, 'gol', 1, 'gol da equipe');
INSERT INTO Evento_Partida (id_evento, id_partida, id_atleta_equipe, periodo, minuto, segundo, tipo_evento, valor_pontos, descricao) VALUES (230, 51, 40, 1, 70, 13, 'gol', 1, 'gol da equipe');
INSERT INTO Evento_Partida (id_evento, id_partida, id_atleta_equipe, periodo, minuto, segundo, tipo_evento, valor_pontos, descricao) VALUES (231, 51, 40, 2, 71, 30, 'penalidade', 0, 'penalidade disciplinar');
INSERT INTO Evento_Partida (id_evento, id_partida, id_atleta_equipe, periodo, minuto, segundo, tipo_evento, valor_pontos, descricao) VALUES (232, 52, 39, 1, 71, 13, 'gol', 1, 'gol da equipe');
INSERT INTO Evento_Partida (id_evento, id_partida, id_atleta_equipe, periodo, minuto, segundo, tipo_evento, valor_pontos, descricao) VALUES (233, 52, 39, 1, 82, 26, 'gol', 1, 'gol da equipe');
INSERT INTO Evento_Partida (id_evento, id_partida, id_atleta_equipe, periodo, minuto, segundo, tipo_evento, valor_pontos, descricao) VALUES (234, 52, 40, 1, 71, 13, 'gol', 1, 'gol da equipe');
INSERT INTO Evento_Partida (id_evento, id_partida, id_atleta_equipe, periodo, minuto, segundo, tipo_evento, valor_pontos, descricao) VALUES (235, 52, 40, 1, 82, 26, 'gol', 1, 'gol da equipe');
INSERT INTO Evento_Partida (id_evento, id_partida, id_atleta_equipe, periodo, minuto, segundo, tipo_evento, valor_pontos, descricao) VALUES (236, 52, 40, 1, 11, 39, 'gol', 1, 'gol da equipe');
INSERT INTO Evento_Partida (id_evento, id_partida, id_atleta_equipe, periodo, minuto, segundo, tipo_evento, valor_pontos, descricao) VALUES (237, 53, 41, 1, 20, 15, 'ponto', 12, 'pontuacao principal da equipe');
INSERT INTO Evento_Partida (id_evento, id_partida, id_atleta_equipe, periodo, minuto, segundo, tipo_evento, valor_pontos, descricao) VALUES (238, 53, 42, 1, 20, 15, 'ponto', 25, 'pontuacao principal da equipe');
INSERT INTO Evento_Partida (id_evento, id_partida, id_atleta_equipe, periodo, minuto, segundo, tipo_evento, valor_pontos, descricao) VALUES (239, 54, 41, 1, 21, 15, 'ponto', 13, 'pontuacao principal da equipe');
INSERT INTO Evento_Partida (id_evento, id_partida, id_atleta_equipe, periodo, minuto, segundo, tipo_evento, valor_pontos, descricao) VALUES (240, 54, 43, 1, 21, 15, 'ponto', 12, 'pontuacao principal da equipe');
INSERT INTO Evento_Partida (id_evento, id_partida, id_atleta_equipe, periodo, minuto, segundo, tipo_evento, valor_pontos, descricao) VALUES (241, 54, 43, 2, 74, 30, 'penalidade', 0, 'penalidade disciplinar');
INSERT INTO Evento_Partida (id_evento, id_partida, id_atleta_equipe, periodo, minuto, segundo, tipo_evento, valor_pontos, descricao) VALUES (242, 55, 41, 1, 22, 15, 'ponto', 14, 'pontuacao principal da equipe');
INSERT INTO Evento_Partida (id_evento, id_partida, id_atleta_equipe, periodo, minuto, segundo, tipo_evento, valor_pontos, descricao) VALUES (243, 55, 44, 1, 22, 15, 'ponto', 13, 'pontuacao principal da equipe');
INSERT INTO Evento_Partida (id_evento, id_partida, id_atleta_equipe, periodo, minuto, segundo, tipo_evento, valor_pontos, descricao) VALUES (244, 56, 42, 1, 23, 15, 'ponto', 15, 'pontuacao principal da equipe');
INSERT INTO Evento_Partida (id_evento, id_partida, id_atleta_equipe, periodo, minuto, segundo, tipo_evento, valor_pontos, descricao) VALUES (245, 56, 43, 1, 23, 15, 'ponto', 14, 'pontuacao principal da equipe');
INSERT INTO Evento_Partida (id_evento, id_partida, id_atleta_equipe, periodo, minuto, segundo, tipo_evento, valor_pontos, descricao) VALUES (246, 56, 42, 2, 86, 40, 'penalidade', 0, 'penalidade por reclamacao');
INSERT INTO Evento_Partida (id_evento, id_partida, id_atleta_equipe, periodo, minuto, segundo, tipo_evento, valor_pontos, descricao) VALUES (247, 57, 42, 1, 24, 15, 'ponto', 16, 'pontuacao principal da equipe');
INSERT INTO Evento_Partida (id_evento, id_partida, id_atleta_equipe, periodo, minuto, segundo, tipo_evento, valor_pontos, descricao) VALUES (248, 57, 44, 1, 24, 15, 'ponto', 15, 'pontuacao principal da equipe');
INSERT INTO Evento_Partida (id_evento, id_partida, id_atleta_equipe, periodo, minuto, segundo, tipo_evento, valor_pontos, descricao) VALUES (249, 57, 44, 2, 77, 30, 'penalidade', 0, 'penalidade disciplinar');
INSERT INTO Evento_Partida (id_evento, id_partida, id_atleta_equipe, periodo, minuto, segundo, tipo_evento, valor_pontos, descricao) VALUES (250, 58, 43, 1, 25, 15, 'ponto', 17, 'pontuacao principal da equipe');
INSERT INTO Evento_Partida (id_evento, id_partida, id_atleta_equipe, periodo, minuto, segundo, tipo_evento, valor_pontos, descricao) VALUES (251, 58, 44, 1, 25, 15, 'ponto', 15, 'pontuacao principal da equipe');
INSERT INTO Evento_Partida (id_evento, id_partida, id_atleta_equipe, periodo, minuto, segundo, tipo_evento, valor_pontos, descricao) VALUES (252, 59, 45, 1, 26, 15, 'ponto', 18, 'pontuacao principal da equipe');
INSERT INTO Evento_Partida (id_evento, id_partida, id_atleta_equipe, periodo, minuto, segundo, tipo_evento, valor_pontos, descricao) VALUES (253, 59, 46, 1, 26, 15, 'ponto', 17, 'pontuacao principal da equipe');
INSERT INTO Evento_Partida (id_evento, id_partida, id_atleta_equipe, periodo, minuto, segundo, tipo_evento, valor_pontos, descricao) VALUES (254, 60, 45, 1, 27, 15, 'ponto', 19, 'pontuacao principal da equipe');
INSERT INTO Evento_Partida (id_evento, id_partida, id_atleta_equipe, periodo, minuto, segundo, tipo_evento, valor_pontos, descricao) VALUES (255, 60, 47, 1, 27, 15, 'ponto', 18, 'pontuacao principal da equipe');
INSERT INTO Evento_Partida (id_evento, id_partida, id_atleta_equipe, periodo, minuto, segundo, tipo_evento, valor_pontos, descricao) VALUES (256, 60, 47, 2, 80, 30, 'penalidade', 0, 'penalidade disciplinar');
INSERT INTO Evento_Partida (id_evento, id_partida, id_atleta_equipe, periodo, minuto, segundo, tipo_evento, valor_pontos, descricao) VALUES (257, 61, 45, 1, 28, 15, 'ponto', 20, 'pontuacao principal da equipe');
INSERT INTO Evento_Partida (id_evento, id_partida, id_atleta_equipe, periodo, minuto, segundo, tipo_evento, valor_pontos, descricao) VALUES (258, 61, 48, 1, 28, 15, 'ponto', 19, 'pontuacao principal da equipe');
INSERT INTO Evento_Partida (id_evento, id_partida, id_atleta_equipe, periodo, minuto, segundo, tipo_evento, valor_pontos, descricao) VALUES (259, 62, 46, 1, 29, 15, 'ponto', 21, 'pontuacao principal da equipe');
INSERT INTO Evento_Partida (id_evento, id_partida, id_atleta_equipe, periodo, minuto, segundo, tipo_evento, valor_pontos, descricao) VALUES (260, 62, 47, 1, 29, 15, 'ponto', 20, 'pontuacao principal da equipe');
INSERT INTO Evento_Partida (id_evento, id_partida, id_atleta_equipe, periodo, minuto, segundo, tipo_evento, valor_pontos, descricao) VALUES (261, 63, 46, 1, 30, 15, 'ponto', 22, 'pontuacao principal da equipe');
INSERT INTO Evento_Partida (id_evento, id_partida, id_atleta_equipe, periodo, minuto, segundo, tipo_evento, valor_pontos, descricao) VALUES (262, 63, 48, 1, 30, 15, 'ponto', 21, 'pontuacao principal da equipe');
INSERT INTO Evento_Partida (id_evento, id_partida, id_atleta_equipe, periodo, minuto, segundo, tipo_evento, valor_pontos, descricao) VALUES (263, 63, 48, 2, 83, 30, 'penalidade', 0, 'penalidade disciplinar');
INSERT INTO Evento_Partida (id_evento, id_partida, id_atleta_equipe, periodo, minuto, segundo, tipo_evento, valor_pontos, descricao) VALUES (264, 63, 46, 2, 4, 40, 'penalidade', 0, 'penalidade por reclamacao');
INSERT INTO Evento_Partida (id_evento, id_partida, id_atleta_equipe, periodo, minuto, segundo, tipo_evento, valor_pontos, descricao) VALUES (265, 64, 47, 1, 31, 15, 'ponto', 23, 'pontuacao principal da equipe');
INSERT INTO Evento_Partida (id_evento, id_partida, id_atleta_equipe, periodo, minuto, segundo, tipo_evento, valor_pontos, descricao) VALUES (266, 64, 48, 1, 31, 15, 'ponto', 21, 'pontuacao principal da equipe');
INSERT INTO Evento_Partida (id_evento, id_partida, id_atleta_equipe, periodo, minuto, segundo, tipo_evento, valor_pontos, descricao) VALUES (267, 65, 49, 1, 32, 15, 'ponto', 24, 'pontuacao principal da equipe');
INSERT INTO Evento_Partida (id_evento, id_partida, id_atleta_equipe, periodo, minuto, segundo, tipo_evento, valor_pontos, descricao) VALUES (268, 65, 50, 1, 32, 15, 'ponto', 23, 'pontuacao principal da equipe');
INSERT INTO Evento_Partida (id_evento, id_partida, id_atleta_equipe, periodo, minuto, segundo, tipo_evento, valor_pontos, descricao) VALUES (269, 66, 49, 1, 33, 15, 'ponto', 25, 'pontuacao principal da equipe');
INSERT INTO Evento_Partida (id_evento, id_partida, id_atleta_equipe, periodo, minuto, segundo, tipo_evento, valor_pontos, descricao) VALUES (270, 66, 51, 1, 33, 15, 'ponto', 24, 'pontuacao principal da equipe');
INSERT INTO Evento_Partida (id_evento, id_partida, id_atleta_equipe, periodo, minuto, segundo, tipo_evento, valor_pontos, descricao) VALUES (271, 66, 51, 2, 86, 30, 'penalidade', 0, 'penalidade disciplinar');
INSERT INTO Evento_Partida (id_evento, id_partida, id_atleta_equipe, periodo, minuto, segundo, tipo_evento, valor_pontos, descricao) VALUES (272, 67, 49, 1, 34, 15, 'ponto', 12, 'pontuacao principal da equipe');
INSERT INTO Evento_Partida (id_evento, id_partida, id_atleta_equipe, periodo, minuto, segundo, tipo_evento, valor_pontos, descricao) VALUES (273, 67, 52, 1, 34, 15, 'ponto', 25, 'pontuacao principal da equipe');
INSERT INTO Evento_Partida (id_evento, id_partida, id_atleta_equipe, periodo, minuto, segundo, tipo_evento, valor_pontos, descricao) VALUES (274, 68, 50, 1, 35, 15, 'ponto', 13, 'pontuacao principal da equipe');
INSERT INTO Evento_Partida (id_evento, id_partida, id_atleta_equipe, periodo, minuto, segundo, tipo_evento, valor_pontos, descricao) VALUES (275, 68, 51, 1, 35, 15, 'ponto', 12, 'pontuacao principal da equipe');
INSERT INTO Evento_Partida (id_evento, id_partida, id_atleta_equipe, periodo, minuto, segundo, tipo_evento, valor_pontos, descricao) VALUES (276, 69, 50, 1, 36, 15, 'ponto', 14, 'pontuacao principal da equipe');
INSERT INTO Evento_Partida (id_evento, id_partida, id_atleta_equipe, periodo, minuto, segundo, tipo_evento, valor_pontos, descricao) VALUES (277, 69, 52, 1, 36, 15, 'ponto', 13, 'pontuacao principal da equipe');
INSERT INTO Evento_Partida (id_evento, id_partida, id_atleta_equipe, periodo, minuto, segundo, tipo_evento, valor_pontos, descricao) VALUES (278, 69, 52, 2, 0, 30, 'penalidade', 0, 'penalidade disciplinar');
INSERT INTO Evento_Partida (id_evento, id_partida, id_atleta_equipe, periodo, minuto, segundo, tipo_evento, valor_pontos, descricao) VALUES (279, 70, 51, 1, 37, 15, 'ponto', 15, 'pontuacao principal da equipe');
INSERT INTO Evento_Partida (id_evento, id_partida, id_atleta_equipe, periodo, minuto, segundo, tipo_evento, valor_pontos, descricao) VALUES (280, 70, 52, 1, 37, 15, 'ponto', 13, 'pontuacao principal da equipe');
INSERT INTO Evento_Partida (id_evento, id_partida, id_atleta_equipe, periodo, minuto, segundo, tipo_evento, valor_pontos, descricao) VALUES (281, 70, 51, 2, 11, 40, 'penalidade', 0, 'penalidade por reclamacao');
INSERT INTO Evento_Partida (id_evento, id_partida, id_atleta_equipe, periodo, minuto, segundo, tipo_evento, valor_pontos, descricao) VALUES (282, 71, 53, 1, 38, 15, 'ponto', 16, 'pontuacao principal da equipe');
INSERT INTO Evento_Partida (id_evento, id_partida, id_atleta_equipe, periodo, minuto, segundo, tipo_evento, valor_pontos, descricao) VALUES (283, 71, 54, 1, 38, 15, 'ponto', 15, 'pontuacao principal da equipe');
INSERT INTO Evento_Partida (id_evento, id_partida, id_atleta_equipe, periodo, minuto, segundo, tipo_evento, valor_pontos, descricao) VALUES (284, 72, 53, 1, 39, 15, 'ponto', 17, 'pontuacao principal da equipe');
INSERT INTO Evento_Partida (id_evento, id_partida, id_atleta_equipe, periodo, minuto, segundo, tipo_evento, valor_pontos, descricao) VALUES (285, 72, 55, 1, 39, 15, 'ponto', 16, 'pontuacao principal da equipe');
INSERT INTO Evento_Partida (id_evento, id_partida, id_atleta_equipe, periodo, minuto, segundo, tipo_evento, valor_pontos, descricao) VALUES (286, 72, 55, 2, 3, 30, 'penalidade', 0, 'penalidade disciplinar');
INSERT INTO Evento_Partida (id_evento, id_partida, id_atleta_equipe, periodo, minuto, segundo, tipo_evento, valor_pontos, descricao) VALUES (287, 73, 53, 1, 0, 15, 'ponto', 18, 'pontuacao principal da equipe');
INSERT INTO Evento_Partida (id_evento, id_partida, id_atleta_equipe, periodo, minuto, segundo, tipo_evento, valor_pontos, descricao) VALUES (288, 73, 56, 1, 0, 15, 'ponto', 17, 'pontuacao principal da equipe');
INSERT INTO Evento_Partida (id_evento, id_partida, id_atleta_equipe, periodo, minuto, segundo, tipo_evento, valor_pontos, descricao) VALUES (289, 74, 54, 1, 1, 15, 'ponto', 19, 'pontuacao principal da equipe');
INSERT INTO Evento_Partida (id_evento, id_partida, id_atleta_equipe, periodo, minuto, segundo, tipo_evento, valor_pontos, descricao) VALUES (290, 74, 55, 1, 1, 15, 'ponto', 18, 'pontuacao principal da equipe');
INSERT INTO Evento_Partida (id_evento, id_partida, id_atleta_equipe, periodo, minuto, segundo, tipo_evento, valor_pontos, descricao) VALUES (291, 75, 54, 1, 2, 15, 'ponto', 20, 'pontuacao principal da equipe');
INSERT INTO Evento_Partida (id_evento, id_partida, id_atleta_equipe, periodo, minuto, segundo, tipo_evento, valor_pontos, descricao) VALUES (292, 75, 56, 1, 2, 15, 'ponto', 19, 'pontuacao principal da equipe');
INSERT INTO Evento_Partida (id_evento, id_partida, id_atleta_equipe, periodo, minuto, segundo, tipo_evento, valor_pontos, descricao) VALUES (293, 75, 56, 2, 6, 30, 'penalidade', 0, 'penalidade disciplinar');
INSERT INTO Evento_Partida (id_evento, id_partida, id_atleta_equipe, periodo, minuto, segundo, tipo_evento, valor_pontos, descricao) VALUES (294, 76, 55, 1, 3, 15, 'ponto', 21, 'pontuacao principal da equipe');
INSERT INTO Evento_Partida (id_evento, id_partida, id_atleta_equipe, periodo, minuto, segundo, tipo_evento, valor_pontos, descricao) VALUES (295, 76, 56, 1, 3, 15, 'ponto', 19, 'pontuacao principal da equipe');
INSERT INTO Evento_Partida (id_evento, id_partida, id_atleta_equipe, periodo, minuto, segundo, tipo_evento, valor_pontos, descricao) VALUES (296, 77, 57, 1, 4, 15, 'ponto', 22, 'pontuacao principal da equipe');
INSERT INTO Evento_Partida (id_evento, id_partida, id_atleta_equipe, periodo, minuto, segundo, tipo_evento, valor_pontos, descricao) VALUES (297, 77, 58, 1, 4, 15, 'ponto', 21, 'pontuacao principal da equipe');
INSERT INTO Evento_Partida (id_evento, id_partida, id_atleta_equipe, periodo, minuto, segundo, tipo_evento, valor_pontos, descricao) VALUES (298, 77, 57, 2, 18, 40, 'penalidade', 0, 'penalidade por reclamacao');
INSERT INTO Evento_Partida (id_evento, id_partida, id_atleta_equipe, periodo, minuto, segundo, tipo_evento, valor_pontos, descricao) VALUES (299, 78, 57, 1, 5, 15, 'ponto', 23, 'pontuacao principal da equipe');
INSERT INTO Evento_Partida (id_evento, id_partida, id_atleta_equipe, periodo, minuto, segundo, tipo_evento, valor_pontos, descricao) VALUES (300, 78, 59, 1, 5, 15, 'ponto', 22, 'pontuacao principal da equipe');
INSERT INTO Evento_Partida (id_evento, id_partida, id_atleta_equipe, periodo, minuto, segundo, tipo_evento, valor_pontos, descricao) VALUES (301, 78, 59, 2, 9, 30, 'penalidade', 0, 'penalidade disciplinar');
INSERT INTO Evento_Partida (id_evento, id_partida, id_atleta_equipe, periodo, minuto, segundo, tipo_evento, valor_pontos, descricao) VALUES (302, 79, 57, 1, 6, 15, 'ponto', 24, 'pontuacao principal da equipe');
INSERT INTO Evento_Partida (id_evento, id_partida, id_atleta_equipe, periodo, minuto, segundo, tipo_evento, valor_pontos, descricao) VALUES (303, 79, 60, 1, 6, 15, 'ponto', 23, 'pontuacao principal da equipe');
INSERT INTO Evento_Partida (id_evento, id_partida, id_atleta_equipe, periodo, minuto, segundo, tipo_evento, valor_pontos, descricao) VALUES (304, 80, 58, 1, 7, 15, 'ponto', 25, 'pontuacao principal da equipe');
INSERT INTO Evento_Partida (id_evento, id_partida, id_atleta_equipe, periodo, minuto, segundo, tipo_evento, valor_pontos, descricao) VALUES (305, 80, 59, 1, 7, 15, 'ponto', 24, 'pontuacao principal da equipe');
INSERT INTO Evento_Partida (id_evento, id_partida, id_atleta_equipe, periodo, minuto, segundo, tipo_evento, valor_pontos, descricao) VALUES (306, 81, 58, 1, 8, 15, 'ponto', 12, 'pontuacao principal da equipe');
INSERT INTO Evento_Partida (id_evento, id_partida, id_atleta_equipe, periodo, minuto, segundo, tipo_evento, valor_pontos, descricao) VALUES (307, 81, 60, 1, 8, 15, 'ponto', 25, 'pontuacao principal da equipe');
INSERT INTO Evento_Partida (id_evento, id_partida, id_atleta_equipe, periodo, minuto, segundo, tipo_evento, valor_pontos, descricao) VALUES (308, 81, 60, 2, 12, 30, 'penalidade', 0, 'penalidade disciplinar');
INSERT INTO Evento_Partida (id_evento, id_partida, id_atleta_equipe, periodo, minuto, segundo, tipo_evento, valor_pontos, descricao) VALUES (309, 82, 59, 1, 9, 15, 'ponto', 13, 'pontuacao principal da equipe');
INSERT INTO Evento_Partida (id_evento, id_partida, id_atleta_equipe, periodo, minuto, segundo, tipo_evento, valor_pontos, descricao) VALUES (310, 82, 60, 1, 9, 15, 'ponto', 25, 'pontuacao principal da equipe');
INSERT INTO Evento_Partida (id_evento, id_partida, id_atleta_equipe, periodo, minuto, segundo, tipo_evento, valor_pontos, descricao) VALUES (311, 83, 61, 1, 10, 15, 'ponto', 40, 'pontuacao principal da equipe');
INSERT INTO Evento_Partida (id_evento, id_partida, id_atleta_equipe, periodo, minuto, segundo, tipo_evento, valor_pontos, descricao) VALUES (312, 83, 62, 1, 10, 15, 'ponto', 39, 'pontuacao principal da equipe');
INSERT INTO Evento_Partida (id_evento, id_partida, id_atleta_equipe, periodo, minuto, segundo, tipo_evento, valor_pontos, descricao) VALUES (313, 84, 61, 1, 11, 15, 'ponto', 40, 'pontuacao principal da equipe');
INSERT INTO Evento_Partida (id_evento, id_partida, id_atleta_equipe, periodo, minuto, segundo, tipo_evento, valor_pontos, descricao) VALUES (314, 84, 63, 1, 11, 15, 'ponto', 40, 'pontuacao principal da equipe');
INSERT INTO Evento_Partida (id_evento, id_partida, id_atleta_equipe, periodo, minuto, segundo, tipo_evento, valor_pontos, descricao) VALUES (315, 84, 63, 2, 15, 30, 'penalidade', 0, 'penalidade disciplinar');
INSERT INTO Evento_Partida (id_evento, id_partida, id_atleta_equipe, periodo, minuto, segundo, tipo_evento, valor_pontos, descricao) VALUES (316, 84, 61, 2, 25, 40, 'penalidade', 0, 'penalidade por reclamacao');
INSERT INTO Evento_Partida (id_evento, id_partida, id_atleta_equipe, periodo, minuto, segundo, tipo_evento, valor_pontos, descricao) VALUES (317, 85, 61, 1, 12, 15, 'ponto', 40, 'pontuacao principal da equipe');
INSERT INTO Evento_Partida (id_evento, id_partida, id_atleta_equipe, periodo, minuto, segundo, tipo_evento, valor_pontos, descricao) VALUES (318, 85, 64, 1, 12, 15, 'ponto', 31, 'pontuacao principal da equipe');
INSERT INTO Evento_Partida (id_evento, id_partida, id_atleta_equipe, periodo, minuto, segundo, tipo_evento, valor_pontos, descricao) VALUES (319, 86, 62, 1, 13, 15, 'ponto', 43, 'pontuacao principal da equipe');
INSERT INTO Evento_Partida (id_evento, id_partida, id_atleta_equipe, periodo, minuto, segundo, tipo_evento, valor_pontos, descricao) VALUES (320, 86, 63, 1, 13, 15, 'ponto', 31, 'pontuacao principal da equipe');
INSERT INTO Evento_Partida (id_evento, id_partida, id_atleta_equipe, periodo, minuto, segundo, tipo_evento, valor_pontos, descricao) VALUES (321, 87, 62, 1, 14, 15, 'ponto', 43, 'pontuacao principal da equipe');
INSERT INTO Evento_Partida (id_evento, id_partida, id_atleta_equipe, periodo, minuto, segundo, tipo_evento, valor_pontos, descricao) VALUES (322, 87, 64, 1, 14, 15, 'ponto', 32, 'pontuacao principal da equipe');
INSERT INTO Evento_Partida (id_evento, id_partida, id_atleta_equipe, periodo, minuto, segundo, tipo_evento, valor_pontos, descricao) VALUES (323, 87, 64, 2, 18, 30, 'penalidade', 0, 'penalidade disciplinar');
INSERT INTO Evento_Partida (id_evento, id_partida, id_atleta_equipe, periodo, minuto, segundo, tipo_evento, valor_pontos, descricao) VALUES (324, 88, 63, 1, 15, 15, 'ponto', 40, 'pontuacao principal da equipe');
INSERT INTO Evento_Partida (id_evento, id_partida, id_atleta_equipe, periodo, minuto, segundo, tipo_evento, valor_pontos, descricao) VALUES (325, 88, 64, 1, 15, 15, 'ponto', 33, 'pontuacao principal da equipe');
INSERT INTO Evento_Partida (id_evento, id_partida, id_atleta_equipe, periodo, minuto, segundo, tipo_evento, valor_pontos, descricao) VALUES (326, 89, 65, 1, 16, 15, 'ponto', 40, 'pontuacao principal da equipe');
INSERT INTO Evento_Partida (id_evento, id_partida, id_atleta_equipe, periodo, minuto, segundo, tipo_evento, valor_pontos, descricao) VALUES (327, 89, 66, 1, 16, 15, 'ponto', 39, 'pontuacao principal da equipe');
INSERT INTO Evento_Partida (id_evento, id_partida, id_atleta_equipe, periodo, minuto, segundo, tipo_evento, valor_pontos, descricao) VALUES (328, 90, 65, 1, 17, 15, 'ponto', 40, 'pontuacao principal da equipe');
INSERT INTO Evento_Partida (id_evento, id_partida, id_atleta_equipe, periodo, minuto, segundo, tipo_evento, valor_pontos, descricao) VALUES (329, 90, 67, 1, 17, 15, 'ponto', 40, 'pontuacao principal da equipe');
INSERT INTO Evento_Partida (id_evento, id_partida, id_atleta_equipe, periodo, minuto, segundo, tipo_evento, valor_pontos, descricao) VALUES (330, 90, 67, 2, 21, 30, 'penalidade', 0, 'penalidade disciplinar');
INSERT INTO Evento_Partida (id_evento, id_partida, id_atleta_equipe, periodo, minuto, segundo, tipo_evento, valor_pontos, descricao) VALUES (331, 91, 65, 1, 18, 15, 'ponto', 40, 'pontuacao principal da equipe');
INSERT INTO Evento_Partida (id_evento, id_partida, id_atleta_equipe, periodo, minuto, segundo, tipo_evento, valor_pontos, descricao) VALUES (332, 91, 68, 1, 18, 15, 'ponto', 31, 'pontuacao principal da equipe');
INSERT INTO Evento_Partida (id_evento, id_partida, id_atleta_equipe, periodo, minuto, segundo, tipo_evento, valor_pontos, descricao) VALUES (333, 91, 65, 2, 32, 40, 'penalidade', 0, 'penalidade por reclamacao');
INSERT INTO Evento_Partida (id_evento, id_partida, id_atleta_equipe, periodo, minuto, segundo, tipo_evento, valor_pontos, descricao) VALUES (334, 92, 66, 1, 19, 15, 'ponto', 43, 'pontuacao principal da equipe');
INSERT INTO Evento_Partida (id_evento, id_partida, id_atleta_equipe, periodo, minuto, segundo, tipo_evento, valor_pontos, descricao) VALUES (335, 92, 67, 1, 19, 15, 'ponto', 31, 'pontuacao principal da equipe');
INSERT INTO Evento_Partida (id_evento, id_partida, id_atleta_equipe, periodo, minuto, segundo, tipo_evento, valor_pontos, descricao) VALUES (336, 93, 66, 1, 20, 15, 'ponto', 43, 'pontuacao principal da equipe');
INSERT INTO Evento_Partida (id_evento, id_partida, id_atleta_equipe, periodo, minuto, segundo, tipo_evento, valor_pontos, descricao) VALUES (337, 93, 68, 1, 20, 15, 'ponto', 32, 'pontuacao principal da equipe');
INSERT INTO Evento_Partida (id_evento, id_partida, id_atleta_equipe, periodo, minuto, segundo, tipo_evento, valor_pontos, descricao) VALUES (338, 93, 68, 2, 24, 30, 'penalidade', 0, 'penalidade disciplinar');
INSERT INTO Evento_Partida (id_evento, id_partida, id_atleta_equipe, periodo, minuto, segundo, tipo_evento, valor_pontos, descricao) VALUES (339, 94, 67, 1, 21, 15, 'ponto', 40, 'pontuacao principal da equipe');
INSERT INTO Evento_Partida (id_evento, id_partida, id_atleta_equipe, periodo, minuto, segundo, tipo_evento, valor_pontos, descricao) VALUES (340, 94, 68, 1, 21, 15, 'ponto', 33, 'pontuacao principal da equipe');
INSERT INTO Evento_Partida (id_evento, id_partida, id_atleta_equipe, periodo, minuto, segundo, tipo_evento, valor_pontos, descricao) VALUES (341, 95, 69, 1, 22, 15, 'ponto', 40, 'pontuacao principal da equipe');
INSERT INTO Evento_Partida (id_evento, id_partida, id_atleta_equipe, periodo, minuto, segundo, tipo_evento, valor_pontos, descricao) VALUES (342, 95, 70, 1, 22, 15, 'ponto', 39, 'pontuacao principal da equipe');
INSERT INTO Evento_Partida (id_evento, id_partida, id_atleta_equipe, periodo, minuto, segundo, tipo_evento, valor_pontos, descricao) VALUES (343, 96, 69, 1, 23, 15, 'ponto', 40, 'pontuacao principal da equipe');
INSERT INTO Evento_Partida (id_evento, id_partida, id_atleta_equipe, periodo, minuto, segundo, tipo_evento, valor_pontos, descricao) VALUES (344, 96, 71, 1, 23, 15, 'ponto', 40, 'pontuacao principal da equipe');
INSERT INTO Evento_Partida (id_evento, id_partida, id_atleta_equipe, periodo, minuto, segundo, tipo_evento, valor_pontos, descricao) VALUES (345, 96, 71, 2, 27, 30, 'penalidade', 0, 'penalidade disciplinar');
INSERT INTO Evento_Partida (id_evento, id_partida, id_atleta_equipe, periodo, minuto, segundo, tipo_evento, valor_pontos, descricao) VALUES (346, 97, 69, 1, 24, 15, 'ponto', 40, 'pontuacao principal da equipe');
INSERT INTO Evento_Partida (id_evento, id_partida, id_atleta_equipe, periodo, minuto, segundo, tipo_evento, valor_pontos, descricao) VALUES (347, 97, 72, 1, 24, 15, 'ponto', 31, 'pontuacao principal da equipe');
INSERT INTO Evento_Partida (id_evento, id_partida, id_atleta_equipe, periodo, minuto, segundo, tipo_evento, valor_pontos, descricao) VALUES (348, 98, 70, 1, 25, 15, 'ponto', 43, 'pontuacao principal da equipe');
INSERT INTO Evento_Partida (id_evento, id_partida, id_atleta_equipe, periodo, minuto, segundo, tipo_evento, valor_pontos, descricao) VALUES (349, 98, 71, 1, 25, 15, 'ponto', 31, 'pontuacao principal da equipe');
INSERT INTO Evento_Partida (id_evento, id_partida, id_atleta_equipe, periodo, minuto, segundo, tipo_evento, valor_pontos, descricao) VALUES (350, 98, 70, 2, 39, 40, 'penalidade', 0, 'penalidade por reclamacao');
INSERT INTO Evento_Partida (id_evento, id_partida, id_atleta_equipe, periodo, minuto, segundo, tipo_evento, valor_pontos, descricao) VALUES (351, 99, 70, 1, 26, 15, 'ponto', 43, 'pontuacao principal da equipe');
INSERT INTO Evento_Partida (id_evento, id_partida, id_atleta_equipe, periodo, minuto, segundo, tipo_evento, valor_pontos, descricao) VALUES (352, 99, 72, 1, 26, 15, 'ponto', 32, 'pontuacao principal da equipe');
INSERT INTO Evento_Partida (id_evento, id_partida, id_atleta_equipe, periodo, minuto, segundo, tipo_evento, valor_pontos, descricao) VALUES (353, 99, 72, 2, 30, 30, 'penalidade', 0, 'penalidade disciplinar');
INSERT INTO Evento_Partida (id_evento, id_partida, id_atleta_equipe, periodo, minuto, segundo, tipo_evento, valor_pontos, descricao) VALUES (354, 100, 71, 1, 27, 15, 'ponto', 40, 'pontuacao principal da equipe');
INSERT INTO Evento_Partida (id_evento, id_partida, id_atleta_equipe, periodo, minuto, segundo, tipo_evento, valor_pontos, descricao) VALUES (355, 100, 72, 1, 27, 15, 'ponto', 33, 'pontuacao principal da equipe');
INSERT INTO Evento_Partida (id_evento, id_partida, id_atleta_equipe, periodo, minuto, segundo, tipo_evento, valor_pontos, descricao) VALUES (356, 101, 73, 1, 28, 15, 'ponto', 40, 'pontuacao principal da equipe');
INSERT INTO Evento_Partida (id_evento, id_partida, id_atleta_equipe, periodo, minuto, segundo, tipo_evento, valor_pontos, descricao) VALUES (357, 101, 74, 1, 28, 15, 'ponto', 39, 'pontuacao principal da equipe');
INSERT INTO Evento_Partida (id_evento, id_partida, id_atleta_equipe, periodo, minuto, segundo, tipo_evento, valor_pontos, descricao) VALUES (358, 102, 73, 1, 29, 15, 'ponto', 40, 'pontuacao principal da equipe');
INSERT INTO Evento_Partida (id_evento, id_partida, id_atleta_equipe, periodo, minuto, segundo, tipo_evento, valor_pontos, descricao) VALUES (359, 102, 75, 1, 29, 15, 'ponto', 40, 'pontuacao principal da equipe');
INSERT INTO Evento_Partida (id_evento, id_partida, id_atleta_equipe, periodo, minuto, segundo, tipo_evento, valor_pontos, descricao) VALUES (360, 102, 75, 2, 33, 30, 'penalidade', 0, 'penalidade disciplinar');
INSERT INTO Evento_Partida (id_evento, id_partida, id_atleta_equipe, periodo, minuto, segundo, tipo_evento, valor_pontos, descricao) VALUES (361, 103, 73, 1, 30, 15, 'ponto', 40, 'pontuacao principal da equipe');
INSERT INTO Evento_Partida (id_evento, id_partida, id_atleta_equipe, periodo, minuto, segundo, tipo_evento, valor_pontos, descricao) VALUES (362, 103, 76, 1, 30, 15, 'ponto', 31, 'pontuacao principal da equipe');
INSERT INTO Evento_Partida (id_evento, id_partida, id_atleta_equipe, periodo, minuto, segundo, tipo_evento, valor_pontos, descricao) VALUES (363, 104, 74, 1, 31, 15, 'ponto', 43, 'pontuacao principal da equipe');
INSERT INTO Evento_Partida (id_evento, id_partida, id_atleta_equipe, periodo, minuto, segundo, tipo_evento, valor_pontos, descricao) VALUES (364, 104, 75, 1, 31, 15, 'ponto', 31, 'pontuacao principal da equipe');
INSERT INTO Evento_Partida (id_evento, id_partida, id_atleta_equipe, periodo, minuto, segundo, tipo_evento, valor_pontos, descricao) VALUES (365, 105, 74, 1, 32, 15, 'ponto', 43, 'pontuacao principal da equipe');
INSERT INTO Evento_Partida (id_evento, id_partida, id_atleta_equipe, periodo, minuto, segundo, tipo_evento, valor_pontos, descricao) VALUES (366, 105, 76, 1, 32, 15, 'ponto', 32, 'pontuacao principal da equipe');
INSERT INTO Evento_Partida (id_evento, id_partida, id_atleta_equipe, periodo, minuto, segundo, tipo_evento, valor_pontos, descricao) VALUES (367, 105, 76, 2, 36, 30, 'penalidade', 0, 'penalidade disciplinar');
INSERT INTO Evento_Partida (id_evento, id_partida, id_atleta_equipe, periodo, minuto, segundo, tipo_evento, valor_pontos, descricao) VALUES (368, 105, 74, 2, 46, 40, 'penalidade', 0, 'penalidade por reclamacao');
INSERT INTO Evento_Partida (id_evento, id_partida, id_atleta_equipe, periodo, minuto, segundo, tipo_evento, valor_pontos, descricao) VALUES (369, 106, 75, 1, 33, 15, 'ponto', 40, 'pontuacao principal da equipe');
INSERT INTO Evento_Partida (id_evento, id_partida, id_atleta_equipe, periodo, minuto, segundo, tipo_evento, valor_pontos, descricao) VALUES (370, 106, 76, 1, 33, 15, 'ponto', 33, 'pontuacao principal da equipe');
INSERT INTO Evento_Partida (id_evento, id_partida, id_atleta_equipe, periodo, minuto, segundo, tipo_evento, valor_pontos, descricao) VALUES (371, 107, 77, 1, 34, 15, 'ponto', 40, 'pontuacao principal da equipe');
INSERT INTO Evento_Partida (id_evento, id_partida, id_atleta_equipe, periodo, minuto, segundo, tipo_evento, valor_pontos, descricao) VALUES (372, 107, 78, 1, 34, 15, 'ponto', 39, 'pontuacao principal da equipe');
INSERT INTO Evento_Partida (id_evento, id_partida, id_atleta_equipe, periodo, minuto, segundo, tipo_evento, valor_pontos, descricao) VALUES (373, 108, 77, 1, 35, 15, 'ponto', 40, 'pontuacao principal da equipe');
INSERT INTO Evento_Partida (id_evento, id_partida, id_atleta_equipe, periodo, minuto, segundo, tipo_evento, valor_pontos, descricao) VALUES (374, 108, 79, 1, 35, 15, 'ponto', 40, 'pontuacao principal da equipe');
INSERT INTO Evento_Partida (id_evento, id_partida, id_atleta_equipe, periodo, minuto, segundo, tipo_evento, valor_pontos, descricao) VALUES (375, 108, 79, 2, 39, 30, 'penalidade', 0, 'penalidade disciplinar');
INSERT INTO Evento_Partida (id_evento, id_partida, id_atleta_equipe, periodo, minuto, segundo, tipo_evento, valor_pontos, descricao) VALUES (376, 109, 77, 1, 36, 15, 'ponto', 40, 'pontuacao principal da equipe');
INSERT INTO Evento_Partida (id_evento, id_partida, id_atleta_equipe, periodo, minuto, segundo, tipo_evento, valor_pontos, descricao) VALUES (377, 109, 80, 1, 36, 15, 'ponto', 31, 'pontuacao principal da equipe');
INSERT INTO Evento_Partida (id_evento, id_partida, id_atleta_equipe, periodo, minuto, segundo, tipo_evento, valor_pontos, descricao) VALUES (378, 110, 78, 1, 37, 15, 'ponto', 43, 'pontuacao principal da equipe');
INSERT INTO Evento_Partida (id_evento, id_partida, id_atleta_equipe, periodo, minuto, segundo, tipo_evento, valor_pontos, descricao) VALUES (379, 110, 79, 1, 37, 15, 'ponto', 31, 'pontuacao principal da equipe');
INSERT INTO Evento_Partida (id_evento, id_partida, id_atleta_equipe, periodo, minuto, segundo, tipo_evento, valor_pontos, descricao) VALUES (380, 111, 78, 1, 38, 15, 'ponto', 43, 'pontuacao principal da equipe');
INSERT INTO Evento_Partida (id_evento, id_partida, id_atleta_equipe, periodo, minuto, segundo, tipo_evento, valor_pontos, descricao) VALUES (381, 111, 80, 1, 38, 15, 'ponto', 32, 'pontuacao principal da equipe');
INSERT INTO Evento_Partida (id_evento, id_partida, id_atleta_equipe, periodo, minuto, segundo, tipo_evento, valor_pontos, descricao) VALUES (382, 111, 80, 2, 42, 30, 'penalidade', 0, 'penalidade disciplinar');
INSERT INTO Evento_Partida (id_evento, id_partida, id_atleta_equipe, periodo, minuto, segundo, tipo_evento, valor_pontos, descricao) VALUES (383, 112, 79, 1, 39, 15, 'ponto', 40, 'pontuacao principal da equipe');
INSERT INTO Evento_Partida (id_evento, id_partida, id_atleta_equipe, periodo, minuto, segundo, tipo_evento, valor_pontos, descricao) VALUES (384, 112, 80, 1, 39, 15, 'ponto', 33, 'pontuacao principal da equipe');
INSERT INTO Evento_Partida (id_evento, id_partida, id_atleta_equipe, periodo, minuto, segundo, tipo_evento, valor_pontos, descricao) VALUES (385, 112, 79, 2, 53, 40, 'penalidade', 0, 'penalidade por reclamacao');
INSERT INTO Evento_Partida (id_evento, id_partida, id_atleta_equipe, periodo, minuto, segundo, tipo_evento, valor_pontos, descricao) VALUES (386, 113, 81, 1, 0, 15, 'ponto', 7, 'pontuacao principal da equipe');
INSERT INTO Evento_Partida (id_evento, id_partida, id_atleta_equipe, periodo, minuto, segundo, tipo_evento, valor_pontos, descricao) VALUES (387, 113, 82, 1, 0, 15, 'ponto', 9, 'pontuacao principal da equipe');
INSERT INTO Evento_Partida (id_evento, id_partida, id_atleta_equipe, periodo, minuto, segundo, tipo_evento, valor_pontos, descricao) VALUES (388, 114, 81, 1, 1, 15, 'ponto', 11, 'pontuacao principal da equipe');
INSERT INTO Evento_Partida (id_evento, id_partida, id_atleta_equipe, periodo, minuto, segundo, tipo_evento, valor_pontos, descricao) VALUES (389, 114, 83, 1, 1, 15, 'ponto', 11, 'pontuacao principal da equipe');
INSERT INTO Evento_Partida (id_evento, id_partida, id_atleta_equipe, periodo, minuto, segundo, tipo_evento, valor_pontos, descricao) VALUES (390, 114, 83, 2, 45, 30, 'penalidade', 0, 'penalidade disciplinar');
INSERT INTO Evento_Partida (id_evento, id_partida, id_atleta_equipe, periodo, minuto, segundo, tipo_evento, valor_pontos, descricao) VALUES (391, 115, 81, 1, 2, 15, 'ponto', 11, 'pontuacao principal da equipe');
INSERT INTO Evento_Partida (id_evento, id_partida, id_atleta_equipe, periodo, minuto, segundo, tipo_evento, valor_pontos, descricao) VALUES (392, 115, 84, 1, 2, 15, 'ponto', 13, 'pontuacao principal da equipe');
INSERT INTO Evento_Partida (id_evento, id_partida, id_atleta_equipe, periodo, minuto, segundo, tipo_evento, valor_pontos, descricao) VALUES (393, 116, 82, 1, 3, 15, 'ponto', 14, 'pontuacao principal da equipe');
INSERT INTO Evento_Partida (id_evento, id_partida, id_atleta_equipe, periodo, minuto, segundo, tipo_evento, valor_pontos, descricao) VALUES (394, 116, 83, 1, 3, 15, 'ponto', 12, 'pontuacao principal da equipe');
INSERT INTO Evento_Partida (id_evento, id_partida, id_atleta_equipe, periodo, minuto, segundo, tipo_evento, valor_pontos, descricao) VALUES (395, 117, 82, 1, 4, 15, 'ponto', 11, 'pontuacao principal da equipe');
INSERT INTO Evento_Partida (id_evento, id_partida, id_atleta_equipe, periodo, minuto, segundo, tipo_evento, valor_pontos, descricao) VALUES (396, 117, 84, 1, 4, 15, 'ponto', 4, 'pontuacao principal da equipe');
INSERT INTO Evento_Partida (id_evento, id_partida, id_atleta_equipe, periodo, minuto, segundo, tipo_evento, valor_pontos, descricao) VALUES (397, 117, 84, 2, 48, 30, 'penalidade', 0, 'penalidade disciplinar');
INSERT INTO Evento_Partida (id_evento, id_partida, id_atleta_equipe, periodo, minuto, segundo, tipo_evento, valor_pontos, descricao) VALUES (398, 118, 83, 1, 5, 15, 'ponto', 13, 'pontuacao principal da equipe');
INSERT INTO Evento_Partida (id_evento, id_partida, id_atleta_equipe, periodo, minuto, segundo, tipo_evento, valor_pontos, descricao) VALUES (399, 118, 84, 1, 5, 15, 'ponto', 5, 'pontuacao principal da equipe');
INSERT INTO Evento_Partida (id_evento, id_partida, id_atleta_equipe, periodo, minuto, segundo, tipo_evento, valor_pontos, descricao) VALUES (400, 119, 85, 1, 6, 15, 'ponto', 7, 'pontuacao principal da equipe');
INSERT INTO Evento_Partida (id_evento, id_partida, id_atleta_equipe, periodo, minuto, segundo, tipo_evento, valor_pontos, descricao) VALUES (401, 119, 86, 1, 6, 15, 'ponto', 9, 'pontuacao principal da equipe');
INSERT INTO Evento_Partida (id_evento, id_partida, id_atleta_equipe, periodo, minuto, segundo, tipo_evento, valor_pontos, descricao) VALUES (402, 119, 85, 2, 60, 40, 'penalidade', 0, 'penalidade por reclamacao');
INSERT INTO Evento_Partida (id_evento, id_partida, id_atleta_equipe, periodo, minuto, segundo, tipo_evento, valor_pontos, descricao) VALUES (403, 120, 85, 1, 7, 15, 'ponto', 11, 'pontuacao principal da equipe');
INSERT INTO Evento_Partida (id_evento, id_partida, id_atleta_equipe, periodo, minuto, segundo, tipo_evento, valor_pontos, descricao) VALUES (404, 120, 87, 1, 7, 15, 'ponto', 11, 'pontuacao principal da equipe');
INSERT INTO Evento_Partida (id_evento, id_partida, id_atleta_equipe, periodo, minuto, segundo, tipo_evento, valor_pontos, descricao) VALUES (405, 120, 87, 2, 51, 30, 'penalidade', 0, 'penalidade disciplinar');
INSERT INTO Evento_Partida (id_evento, id_partida, id_atleta_equipe, periodo, minuto, segundo, tipo_evento, valor_pontos, descricao) VALUES (406, 121, 85, 1, 8, 15, 'ponto', 11, 'pontuacao principal da equipe');
INSERT INTO Evento_Partida (id_evento, id_partida, id_atleta_equipe, periodo, minuto, segundo, tipo_evento, valor_pontos, descricao) VALUES (407, 121, 88, 1, 8, 15, 'ponto', 13, 'pontuacao principal da equipe');
INSERT INTO Evento_Partida (id_evento, id_partida, id_atleta_equipe, periodo, minuto, segundo, tipo_evento, valor_pontos, descricao) VALUES (408, 122, 86, 1, 9, 15, 'ponto', 14, 'pontuacao principal da equipe');
INSERT INTO Evento_Partida (id_evento, id_partida, id_atleta_equipe, periodo, minuto, segundo, tipo_evento, valor_pontos, descricao) VALUES (409, 122, 87, 1, 9, 15, 'ponto', 12, 'pontuacao principal da equipe');
INSERT INTO Evento_Partida (id_evento, id_partida, id_atleta_equipe, periodo, minuto, segundo, tipo_evento, valor_pontos, descricao) VALUES (410, 123, 86, 1, 10, 15, 'ponto', 11, 'pontuacao principal da equipe');
INSERT INTO Evento_Partida (id_evento, id_partida, id_atleta_equipe, periodo, minuto, segundo, tipo_evento, valor_pontos, descricao) VALUES (411, 123, 88, 1, 10, 15, 'ponto', 4, 'pontuacao principal da equipe');
INSERT INTO Evento_Partida (id_evento, id_partida, id_atleta_equipe, periodo, minuto, segundo, tipo_evento, valor_pontos, descricao) VALUES (412, 123, 88, 2, 54, 30, 'penalidade', 0, 'penalidade disciplinar');
INSERT INTO Evento_Partida (id_evento, id_partida, id_atleta_equipe, periodo, minuto, segundo, tipo_evento, valor_pontos, descricao) VALUES (413, 124, 87, 1, 11, 15, 'ponto', 13, 'pontuacao principal da equipe');
INSERT INTO Evento_Partida (id_evento, id_partida, id_atleta_equipe, periodo, minuto, segundo, tipo_evento, valor_pontos, descricao) VALUES (414, 124, 88, 1, 11, 15, 'ponto', 5, 'pontuacao principal da equipe');
INSERT INTO Evento_Partida (id_evento, id_partida, id_atleta_equipe, periodo, minuto, segundo, tipo_evento, valor_pontos, descricao) VALUES (415, 125, 89, 1, 62, 13, 'gol', 1, 'gol da equipe');
INSERT INTO Evento_Partida (id_evento, id_partida, id_atleta_equipe, periodo, minuto, segundo, tipo_evento, valor_pontos, descricao) VALUES (416, 125, 89, 1, 73, 26, 'gol', 1, 'gol da equipe');
INSERT INTO Evento_Partida (id_evento, id_partida, id_atleta_equipe, periodo, minuto, segundo, tipo_evento, valor_pontos, descricao) VALUES (417, 125, 89, 1, 84, 39, 'gol', 1, 'gol da equipe');
INSERT INTO Evento_Partida (id_evento, id_partida, id_atleta_equipe, periodo, minuto, segundo, tipo_evento, valor_pontos, descricao) VALUES (418, 125, 90, 1, 62, 13, 'gol', 1, 'gol da equipe');
INSERT INTO Evento_Partida (id_evento, id_partida, id_atleta_equipe, periodo, minuto, segundo, tipo_evento, valor_pontos, descricao) VALUES (419, 125, 90, 1, 73, 26, 'gol', 1, 'gol da equipe');
INSERT INTO Evento_Partida (id_evento, id_partida, id_atleta_equipe, periodo, minuto, segundo, tipo_evento, valor_pontos, descricao) VALUES (420, 126, 89, 1, 63, 13, 'gol', 1, 'gol da equipe');
INSERT INTO Evento_Partida (id_evento, id_partida, id_atleta_equipe, periodo, minuto, segundo, tipo_evento, valor_pontos, descricao) VALUES (421, 126, 89, 1, 74, 26, 'gol', 1, 'gol da equipe');
INSERT INTO Evento_Partida (id_evento, id_partida, id_atleta_equipe, periodo, minuto, segundo, tipo_evento, valor_pontos, descricao) VALUES (422, 126, 89, 1, 85, 39, 'gol', 1, 'gol da equipe');
INSERT INTO Evento_Partida (id_evento, id_partida, id_atleta_equipe, periodo, minuto, segundo, tipo_evento, valor_pontos, descricao) VALUES (423, 126, 89, 1, 14, 52, 'gol', 1, 'gol da equipe');
INSERT INTO Evento_Partida (id_evento, id_partida, id_atleta_equipe, periodo, minuto, segundo, tipo_evento, valor_pontos, descricao) VALUES (424, 126, 89, 1, 25, 5, 'gol', 1, 'gol da equipe');
INSERT INTO Evento_Partida (id_evento, id_partida, id_atleta_equipe, periodo, minuto, segundo, tipo_evento, valor_pontos, descricao) VALUES (425, 126, 91, 1, 63, 13, 'gol', 1, 'gol da equipe');
INSERT INTO Evento_Partida (id_evento, id_partida, id_atleta_equipe, periodo, minuto, segundo, tipo_evento, valor_pontos, descricao) VALUES (426, 126, 91, 2, 57, 30, 'penalidade', 0, 'penalidade disciplinar');
INSERT INTO Evento_Partida (id_evento, id_partida, id_atleta_equipe, periodo, minuto, segundo, tipo_evento, valor_pontos, descricao) VALUES (427, 126, 89, 2, 67, 40, 'penalidade', 0, 'penalidade por reclamacao');
INSERT INTO Evento_Partida (id_evento, id_partida, id_atleta_equipe, periodo, minuto, segundo, tipo_evento, valor_pontos, descricao) VALUES (428, 127, 89, 1, 64, 13, 'gol', 1, 'gol da equipe');
INSERT INTO Evento_Partida (id_evento, id_partida, id_atleta_equipe, periodo, minuto, segundo, tipo_evento, valor_pontos, descricao) VALUES (429, 127, 89, 1, 75, 26, 'gol', 1, 'gol da equipe');
INSERT INTO Evento_Partida (id_evento, id_partida, id_atleta_equipe, periodo, minuto, segundo, tipo_evento, valor_pontos, descricao) VALUES (430, 127, 89, 1, 86, 39, 'gol', 1, 'gol da equipe');
INSERT INTO Evento_Partida (id_evento, id_partida, id_atleta_equipe, periodo, minuto, segundo, tipo_evento, valor_pontos, descricao) VALUES (431, 128, 90, 1, 65, 13, 'gol', 1, 'gol da equipe');
INSERT INTO Evento_Partida (id_evento, id_partida, id_atleta_equipe, periodo, minuto, segundo, tipo_evento, valor_pontos, descricao) VALUES (432, 128, 90, 1, 76, 26, 'gol', 1, 'gol da equipe');
INSERT INTO Evento_Partida (id_evento, id_partida, id_atleta_equipe, periodo, minuto, segundo, tipo_evento, valor_pontos, descricao) VALUES (433, 128, 90, 1, 87, 39, 'gol', 1, 'gol da equipe');
INSERT INTO Evento_Partida (id_evento, id_partida, id_atleta_equipe, periodo, minuto, segundo, tipo_evento, valor_pontos, descricao) VALUES (434, 128, 90, 1, 16, 52, 'gol', 1, 'gol da equipe');
INSERT INTO Evento_Partida (id_evento, id_partida, id_atleta_equipe, periodo, minuto, segundo, tipo_evento, valor_pontos, descricao) VALUES (435, 129, 90, 1, 66, 13, 'gol', 1, 'gol da equipe');
INSERT INTO Evento_Partida (id_evento, id_partida, id_atleta_equipe, periodo, minuto, segundo, tipo_evento, valor_pontos, descricao) VALUES (436, 129, 90, 1, 77, 26, 'gol', 1, 'gol da equipe');
INSERT INTO Evento_Partida (id_evento, id_partida, id_atleta_equipe, periodo, minuto, segundo, tipo_evento, valor_pontos, descricao) VALUES (437, 129, 90, 1, 88, 39, 'gol', 1, 'gol da equipe');
INSERT INTO Evento_Partida (id_evento, id_partida, id_atleta_equipe, periodo, minuto, segundo, tipo_evento, valor_pontos, descricao) VALUES (438, 129, 92, 1, 66, 13, 'gol', 1, 'gol da equipe');
INSERT INTO Evento_Partida (id_evento, id_partida, id_atleta_equipe, periodo, minuto, segundo, tipo_evento, valor_pontos, descricao) VALUES (439, 129, 92, 1, 77, 26, 'gol', 1, 'gol da equipe');
INSERT INTO Evento_Partida (id_evento, id_partida, id_atleta_equipe, periodo, minuto, segundo, tipo_evento, valor_pontos, descricao) VALUES (440, 129, 92, 2, 60, 30, 'penalidade', 0, 'penalidade disciplinar');
INSERT INTO Evento_Partida (id_evento, id_partida, id_atleta_equipe, periodo, minuto, segundo, tipo_evento, valor_pontos, descricao) VALUES (441, 130, 91, 1, 67, 13, 'gol', 1, 'gol da equipe');
INSERT INTO Evento_Partida (id_evento, id_partida, id_atleta_equipe, periodo, minuto, segundo, tipo_evento, valor_pontos, descricao) VALUES (442, 130, 91, 1, 78, 26, 'gol', 1, 'gol da equipe');
INSERT INTO Evento_Partida (id_evento, id_partida, id_atleta_equipe, periodo, minuto, segundo, tipo_evento, valor_pontos, descricao) VALUES (443, 130, 91, 1, 89, 39, 'gol', 1, 'gol da equipe');
INSERT INTO Evento_Partida (id_evento, id_partida, id_atleta_equipe, periodo, minuto, segundo, tipo_evento, valor_pontos, descricao) VALUES (444, 130, 91, 1, 18, 52, 'gol', 1, 'gol da equipe');
INSERT INTO Evento_Partida (id_evento, id_partida, id_atleta_equipe, periodo, minuto, segundo, tipo_evento, valor_pontos, descricao) VALUES (445, 130, 91, 1, 29, 5, 'gol', 1, 'gol da equipe');
INSERT INTO Evento_Partida (id_evento, id_partida, id_atleta_equipe, periodo, minuto, segundo, tipo_evento, valor_pontos, descricao) VALUES (446, 131, 93, 1, 68, 13, 'gol', 1, 'gol da equipe');
INSERT INTO Evento_Partida (id_evento, id_partida, id_atleta_equipe, periodo, minuto, segundo, tipo_evento, valor_pontos, descricao) VALUES (447, 131, 93, 1, 79, 26, 'gol', 1, 'gol da equipe');
INSERT INTO Evento_Partida (id_evento, id_partida, id_atleta_equipe, periodo, minuto, segundo, tipo_evento, valor_pontos, descricao) VALUES (448, 131, 93, 1, 8, 39, 'gol', 1, 'gol da equipe');
INSERT INTO Evento_Partida (id_evento, id_partida, id_atleta_equipe, periodo, minuto, segundo, tipo_evento, valor_pontos, descricao) VALUES (449, 131, 94, 1, 68, 13, 'gol', 1, 'gol da equipe');
INSERT INTO Evento_Partida (id_evento, id_partida, id_atleta_equipe, periodo, minuto, segundo, tipo_evento, valor_pontos, descricao) VALUES (450, 131, 94, 1, 79, 26, 'gol', 1, 'gol da equipe');
INSERT INTO Evento_Partida (id_evento, id_partida, id_atleta_equipe, periodo, minuto, segundo, tipo_evento, valor_pontos, descricao) VALUES (451, 132, 93, 1, 69, 13, 'gol', 1, 'gol da equipe');
INSERT INTO Evento_Partida (id_evento, id_partida, id_atleta_equipe, periodo, minuto, segundo, tipo_evento, valor_pontos, descricao) VALUES (452, 132, 93, 1, 80, 26, 'gol', 1, 'gol da equipe');
INSERT INTO Evento_Partida (id_evento, id_partida, id_atleta_equipe, periodo, minuto, segundo, tipo_evento, valor_pontos, descricao) VALUES (453, 132, 93, 1, 9, 39, 'gol', 1, 'gol da equipe');
INSERT INTO Evento_Partida (id_evento, id_partida, id_atleta_equipe, periodo, minuto, segundo, tipo_evento, valor_pontos, descricao) VALUES (454, 132, 93, 1, 20, 52, 'gol', 1, 'gol da equipe');
INSERT INTO Evento_Partida (id_evento, id_partida, id_atleta_equipe, periodo, minuto, segundo, tipo_evento, valor_pontos, descricao) VALUES (455, 132, 93, 1, 31, 5, 'gol', 1, 'gol da equipe');
INSERT INTO Evento_Partida (id_evento, id_partida, id_atleta_equipe, periodo, minuto, segundo, tipo_evento, valor_pontos, descricao) VALUES (456, 132, 95, 1, 69, 13, 'gol', 1, 'gol da equipe');
INSERT INTO Evento_Partida (id_evento, id_partida, id_atleta_equipe, periodo, minuto, segundo, tipo_evento, valor_pontos, descricao) VALUES (457, 132, 95, 2, 63, 30, 'penalidade', 0, 'penalidade disciplinar');
INSERT INTO Evento_Partida (id_evento, id_partida, id_atleta_equipe, periodo, minuto, segundo, tipo_evento, valor_pontos, descricao) VALUES (458, 133, 93, 1, 70, 13, 'gol', 1, 'gol da equipe');
INSERT INTO Evento_Partida (id_evento, id_partida, id_atleta_equipe, periodo, minuto, segundo, tipo_evento, valor_pontos, descricao) VALUES (459, 133, 93, 1, 81, 26, 'gol', 1, 'gol da equipe');
INSERT INTO Evento_Partida (id_evento, id_partida, id_atleta_equipe, periodo, minuto, segundo, tipo_evento, valor_pontos, descricao) VALUES (460, 133, 93, 1, 10, 39, 'gol', 1, 'gol da equipe');
INSERT INTO Evento_Partida (id_evento, id_partida, id_atleta_equipe, periodo, minuto, segundo, tipo_evento, valor_pontos, descricao) VALUES (461, 133, 93, 2, 74, 40, 'penalidade', 0, 'penalidade por reclamacao');
INSERT INTO Evento_Partida (id_evento, id_partida, id_atleta_equipe, periodo, minuto, segundo, tipo_evento, valor_pontos, descricao) VALUES (462, 134, 94, 1, 71, 13, 'gol', 1, 'gol da equipe');
INSERT INTO Evento_Partida (id_evento, id_partida, id_atleta_equipe, periodo, minuto, segundo, tipo_evento, valor_pontos, descricao) VALUES (463, 134, 94, 1, 82, 26, 'gol', 1, 'gol da equipe');
INSERT INTO Evento_Partida (id_evento, id_partida, id_atleta_equipe, periodo, minuto, segundo, tipo_evento, valor_pontos, descricao) VALUES (464, 134, 94, 1, 11, 39, 'gol', 1, 'gol da equipe');
INSERT INTO Evento_Partida (id_evento, id_partida, id_atleta_equipe, periodo, minuto, segundo, tipo_evento, valor_pontos, descricao) VALUES (465, 134, 94, 1, 22, 52, 'gol', 1, 'gol da equipe');
INSERT INTO Evento_Partida (id_evento, id_partida, id_atleta_equipe, periodo, minuto, segundo, tipo_evento, valor_pontos, descricao) VALUES (466, 135, 94, 1, 72, 13, 'gol', 1, 'gol da equipe');
INSERT INTO Evento_Partida (id_evento, id_partida, id_atleta_equipe, periodo, minuto, segundo, tipo_evento, valor_pontos, descricao) VALUES (467, 135, 94, 1, 83, 26, 'gol', 1, 'gol da equipe');
INSERT INTO Evento_Partida (id_evento, id_partida, id_atleta_equipe, periodo, minuto, segundo, tipo_evento, valor_pontos, descricao) VALUES (468, 135, 94, 1, 12, 39, 'gol', 1, 'gol da equipe');
INSERT INTO Evento_Partida (id_evento, id_partida, id_atleta_equipe, periodo, minuto, segundo, tipo_evento, valor_pontos, descricao) VALUES (469, 135, 96, 1, 72, 13, 'gol', 1, 'gol da equipe');
INSERT INTO Evento_Partida (id_evento, id_partida, id_atleta_equipe, periodo, minuto, segundo, tipo_evento, valor_pontos, descricao) VALUES (470, 135, 96, 1, 83, 26, 'gol', 1, 'gol da equipe');
INSERT INTO Evento_Partida (id_evento, id_partida, id_atleta_equipe, periodo, minuto, segundo, tipo_evento, valor_pontos, descricao) VALUES (471, 135, 96, 2, 66, 30, 'penalidade', 0, 'penalidade disciplinar');
INSERT INTO Evento_Partida (id_evento, id_partida, id_atleta_equipe, periodo, minuto, segundo, tipo_evento, valor_pontos, descricao) VALUES (472, 136, 95, 1, 73, 13, 'gol', 1, 'gol da equipe');
INSERT INTO Evento_Partida (id_evento, id_partida, id_atleta_equipe, periodo, minuto, segundo, tipo_evento, valor_pontos, descricao) VALUES (473, 136, 95, 1, 84, 26, 'gol', 1, 'gol da equipe');
INSERT INTO Evento_Partida (id_evento, id_partida, id_atleta_equipe, periodo, minuto, segundo, tipo_evento, valor_pontos, descricao) VALUES (474, 136, 95, 1, 13, 39, 'gol', 1, 'gol da equipe');
INSERT INTO Evento_Partida (id_evento, id_partida, id_atleta_equipe, periodo, minuto, segundo, tipo_evento, valor_pontos, descricao) VALUES (475, 136, 95, 1, 24, 52, 'gol', 1, 'gol da equipe');
INSERT INTO Evento_Partida (id_evento, id_partida, id_atleta_equipe, periodo, minuto, segundo, tipo_evento, valor_pontos, descricao) VALUES (476, 136, 95, 1, 35, 5, 'gol', 1, 'gol da equipe');

-- Pontuacoes_Atletas
INSERT INTO Pontuacoes_Atletas (id_pontuacao, id_partida, id_atleta_equipe, tipo_pontuacao, pontos, minuto, observacoes) VALUES (1, 1, 1, 'gol', 1, 20, 'gol registrado na partida');
INSERT INTO Pontuacoes_Atletas (id_pontuacao, id_partida, id_atleta_equipe, tipo_pontuacao, pontos, minuto, observacoes) VALUES (2, 1, 1, 'gol', 1, 31, 'gol registrado na partida');
INSERT INTO Pontuacoes_Atletas (id_pontuacao, id_partida, id_atleta_equipe, tipo_pontuacao, pontos, minuto, observacoes) VALUES (3, 1, 1, 'gol', 1, 42, 'gol registrado na partida');
INSERT INTO Pontuacoes_Atletas (id_pontuacao, id_partida, id_atleta_equipe, tipo_pontuacao, pontos, minuto, observacoes) VALUES (4, 1, 1, 'gol', 1, 53, 'gol registrado na partida');
INSERT INTO Pontuacoes_Atletas (id_pontuacao, id_partida, id_atleta_equipe, tipo_pontuacao, pontos, minuto, observacoes) VALUES (5, 2, 2, 'gol', 1, 21, 'gol registrado na partida');
INSERT INTO Pontuacoes_Atletas (id_pontuacao, id_partida, id_atleta_equipe, tipo_pontuacao, pontos, minuto, observacoes) VALUES (6, 2, 2, 'gol', 1, 32, 'gol registrado na partida');
INSERT INTO Pontuacoes_Atletas (id_pontuacao, id_partida, id_atleta_equipe, tipo_pontuacao, pontos, minuto, observacoes) VALUES (7, 2, 1, 'gol', 1, 21, 'gol registrado na partida');
INSERT INTO Pontuacoes_Atletas (id_pontuacao, id_partida, id_atleta_equipe, tipo_pontuacao, pontos, minuto, observacoes) VALUES (8, 3, 3, 'gol', 1, 22, 'gol registrado na partida');
INSERT INTO Pontuacoes_Atletas (id_pontuacao, id_partida, id_atleta_equipe, tipo_pontuacao, pontos, minuto, observacoes) VALUES (9, 3, 3, 'gol', 1, 33, 'gol registrado na partida');
INSERT INTO Pontuacoes_Atletas (id_pontuacao, id_partida, id_atleta_equipe, tipo_pontuacao, pontos, minuto, observacoes) VALUES (10, 3, 3, 'gol', 1, 44, 'gol registrado na partida');
INSERT INTO Pontuacoes_Atletas (id_pontuacao, id_partida, id_atleta_equipe, tipo_pontuacao, pontos, minuto, observacoes) VALUES (11, 3, 3, 'gol', 1, 55, 'gol registrado na partida');
INSERT INTO Pontuacoes_Atletas (id_pontuacao, id_partida, id_atleta_equipe, tipo_pontuacao, pontos, minuto, observacoes) VALUES (12, 4, 4, 'gol', 1, 23, 'gol registrado na partida');
INSERT INTO Pontuacoes_Atletas (id_pontuacao, id_partida, id_atleta_equipe, tipo_pontuacao, pontos, minuto, observacoes) VALUES (13, 4, 4, 'gol', 1, 34, 'gol registrado na partida');
INSERT INTO Pontuacoes_Atletas (id_pontuacao, id_partida, id_atleta_equipe, tipo_pontuacao, pontos, minuto, observacoes) VALUES (14, 4, 3, 'gol', 1, 23, 'gol registrado na partida');
INSERT INTO Pontuacoes_Atletas (id_pontuacao, id_partida, id_atleta_equipe, tipo_pontuacao, pontos, minuto, observacoes) VALUES (15, 5, 5, 'gol', 1, 24, 'gol registrado na partida');
INSERT INTO Pontuacoes_Atletas (id_pontuacao, id_partida, id_atleta_equipe, tipo_pontuacao, pontos, minuto, observacoes) VALUES (16, 5, 5, 'gol', 1, 35, 'gol registrado na partida');
INSERT INTO Pontuacoes_Atletas (id_pontuacao, id_partida, id_atleta_equipe, tipo_pontuacao, pontos, minuto, observacoes) VALUES (17, 5, 5, 'gol', 1, 46, 'gol registrado na partida');
INSERT INTO Pontuacoes_Atletas (id_pontuacao, id_partida, id_atleta_equipe, tipo_pontuacao, pontos, minuto, observacoes) VALUES (18, 5, 5, 'gol', 1, 57, 'gol registrado na partida');
INSERT INTO Pontuacoes_Atletas (id_pontuacao, id_partida, id_atleta_equipe, tipo_pontuacao, pontos, minuto, observacoes) VALUES (19, 6, 6, 'gol', 1, 25, 'gol registrado na partida');
INSERT INTO Pontuacoes_Atletas (id_pontuacao, id_partida, id_atleta_equipe, tipo_pontuacao, pontos, minuto, observacoes) VALUES (20, 6, 6, 'gol', 1, 36, 'gol registrado na partida');
INSERT INTO Pontuacoes_Atletas (id_pontuacao, id_partida, id_atleta_equipe, tipo_pontuacao, pontos, minuto, observacoes) VALUES (21, 6, 5, 'gol', 1, 25, 'gol registrado na partida');
INSERT INTO Pontuacoes_Atletas (id_pontuacao, id_partida, id_atleta_equipe, tipo_pontuacao, pontos, minuto, observacoes) VALUES (22, 7, 7, 'gol', 1, 26, 'gol registrado na partida');
INSERT INTO Pontuacoes_Atletas (id_pontuacao, id_partida, id_atleta_equipe, tipo_pontuacao, pontos, minuto, observacoes) VALUES (23, 7, 7, 'gol', 1, 37, 'gol registrado na partida');
INSERT INTO Pontuacoes_Atletas (id_pontuacao, id_partida, id_atleta_equipe, tipo_pontuacao, pontos, minuto, observacoes) VALUES (24, 7, 7, 'gol', 1, 48, 'gol registrado na partida');
INSERT INTO Pontuacoes_Atletas (id_pontuacao, id_partida, id_atleta_equipe, tipo_pontuacao, pontos, minuto, observacoes) VALUES (25, 7, 7, 'gol', 1, 59, 'gol registrado na partida');
INSERT INTO Pontuacoes_Atletas (id_pontuacao, id_partida, id_atleta_equipe, tipo_pontuacao, pontos, minuto, observacoes) VALUES (26, 8, 8, 'gol', 1, 27, 'gol registrado na partida');
INSERT INTO Pontuacoes_Atletas (id_pontuacao, id_partida, id_atleta_equipe, tipo_pontuacao, pontos, minuto, observacoes) VALUES (27, 8, 8, 'gol', 1, 38, 'gol registrado na partida');
INSERT INTO Pontuacoes_Atletas (id_pontuacao, id_partida, id_atleta_equipe, tipo_pontuacao, pontos, minuto, observacoes) VALUES (28, 8, 7, 'gol', 1, 27, 'gol registrado na partida');
INSERT INTO Pontuacoes_Atletas (id_pontuacao, id_partida, id_atleta_equipe, tipo_pontuacao, pontos, minuto, observacoes) VALUES (29, 9, 9, 'gol', 1, 28, 'gol registrado na partida');
INSERT INTO Pontuacoes_Atletas (id_pontuacao, id_partida, id_atleta_equipe, tipo_pontuacao, pontos, minuto, observacoes) VALUES (30, 9, 9, 'gol', 1, 39, 'gol registrado na partida');
INSERT INTO Pontuacoes_Atletas (id_pontuacao, id_partida, id_atleta_equipe, tipo_pontuacao, pontos, minuto, observacoes) VALUES (31, 9, 9, 'gol', 1, 50, 'gol registrado na partida');
INSERT INTO Pontuacoes_Atletas (id_pontuacao, id_partida, id_atleta_equipe, tipo_pontuacao, pontos, minuto, observacoes) VALUES (32, 9, 9, 'gol', 1, 61, 'gol registrado na partida');
INSERT INTO Pontuacoes_Atletas (id_pontuacao, id_partida, id_atleta_equipe, tipo_pontuacao, pontos, minuto, observacoes) VALUES (33, 10, 10, 'gol', 1, 29, 'gol registrado na partida');
INSERT INTO Pontuacoes_Atletas (id_pontuacao, id_partida, id_atleta_equipe, tipo_pontuacao, pontos, minuto, observacoes) VALUES (34, 10, 10, 'gol', 1, 40, 'gol registrado na partida');
INSERT INTO Pontuacoes_Atletas (id_pontuacao, id_partida, id_atleta_equipe, tipo_pontuacao, pontos, minuto, observacoes) VALUES (35, 10, 9, 'gol', 1, 29, 'gol registrado na partida');
INSERT INTO Pontuacoes_Atletas (id_pontuacao, id_partida, id_atleta_equipe, tipo_pontuacao, pontos, minuto, observacoes) VALUES (36, 11, 11, 'gol', 1, 30, 'gol registrado na partida');
INSERT INTO Pontuacoes_Atletas (id_pontuacao, id_partida, id_atleta_equipe, tipo_pontuacao, pontos, minuto, observacoes) VALUES (37, 11, 11, 'gol', 1, 41, 'gol registrado na partida');
INSERT INTO Pontuacoes_Atletas (id_pontuacao, id_partida, id_atleta_equipe, tipo_pontuacao, pontos, minuto, observacoes) VALUES (38, 11, 11, 'gol', 1, 52, 'gol registrado na partida');
INSERT INTO Pontuacoes_Atletas (id_pontuacao, id_partida, id_atleta_equipe, tipo_pontuacao, pontos, minuto, observacoes) VALUES (39, 11, 11, 'gol', 1, 63, 'gol registrado na partida');
INSERT INTO Pontuacoes_Atletas (id_pontuacao, id_partida, id_atleta_equipe, tipo_pontuacao, pontos, minuto, observacoes) VALUES (40, 12, 12, 'gol', 1, 31, 'gol registrado na partida');
INSERT INTO Pontuacoes_Atletas (id_pontuacao, id_partida, id_atleta_equipe, tipo_pontuacao, pontos, minuto, observacoes) VALUES (41, 12, 12, 'gol', 1, 42, 'gol registrado na partida');
INSERT INTO Pontuacoes_Atletas (id_pontuacao, id_partida, id_atleta_equipe, tipo_pontuacao, pontos, minuto, observacoes) VALUES (42, 12, 11, 'gol', 1, 31, 'gol registrado na partida');
INSERT INTO Pontuacoes_Atletas (id_pontuacao, id_partida, id_atleta_equipe, tipo_pontuacao, pontos, minuto, observacoes) VALUES (43, 13, 13, 'gol', 1, 32, 'gol registrado na partida');
INSERT INTO Pontuacoes_Atletas (id_pontuacao, id_partida, id_atleta_equipe, tipo_pontuacao, pontos, minuto, observacoes) VALUES (44, 13, 13, 'gol', 1, 43, 'gol registrado na partida');
INSERT INTO Pontuacoes_Atletas (id_pontuacao, id_partida, id_atleta_equipe, tipo_pontuacao, pontos, minuto, observacoes) VALUES (45, 13, 13, 'gol', 1, 54, 'gol registrado na partida');
INSERT INTO Pontuacoes_Atletas (id_pontuacao, id_partida, id_atleta_equipe, tipo_pontuacao, pontos, minuto, observacoes) VALUES (46, 13, 13, 'gol', 1, 65, 'gol registrado na partida');
INSERT INTO Pontuacoes_Atletas (id_pontuacao, id_partida, id_atleta_equipe, tipo_pontuacao, pontos, minuto, observacoes) VALUES (47, 14, 14, 'gol', 1, 33, 'gol registrado na partida');
INSERT INTO Pontuacoes_Atletas (id_pontuacao, id_partida, id_atleta_equipe, tipo_pontuacao, pontos, minuto, observacoes) VALUES (48, 14, 14, 'gol', 1, 44, 'gol registrado na partida');
INSERT INTO Pontuacoes_Atletas (id_pontuacao, id_partida, id_atleta_equipe, tipo_pontuacao, pontos, minuto, observacoes) VALUES (49, 14, 13, 'gol', 1, 33, 'gol registrado na partida');
INSERT INTO Pontuacoes_Atletas (id_pontuacao, id_partida, id_atleta_equipe, tipo_pontuacao, pontos, minuto, observacoes) VALUES (50, 15, 15, 'gol', 1, 34, 'gol registrado na partida');
INSERT INTO Pontuacoes_Atletas (id_pontuacao, id_partida, id_atleta_equipe, tipo_pontuacao, pontos, minuto, observacoes) VALUES (51, 15, 15, 'gol', 1, 45, 'gol registrado na partida');
INSERT INTO Pontuacoes_Atletas (id_pontuacao, id_partida, id_atleta_equipe, tipo_pontuacao, pontos, minuto, observacoes) VALUES (52, 15, 15, 'gol', 1, 56, 'gol registrado na partida');
INSERT INTO Pontuacoes_Atletas (id_pontuacao, id_partida, id_atleta_equipe, tipo_pontuacao, pontos, minuto, observacoes) VALUES (53, 15, 15, 'gol', 1, 67, 'gol registrado na partida');
INSERT INTO Pontuacoes_Atletas (id_pontuacao, id_partida, id_atleta_equipe, tipo_pontuacao, pontos, minuto, observacoes) VALUES (54, 16, 16, 'gol', 1, 35, 'gol registrado na partida');
INSERT INTO Pontuacoes_Atletas (id_pontuacao, id_partida, id_atleta_equipe, tipo_pontuacao, pontos, minuto, observacoes) VALUES (55, 16, 16, 'gol', 1, 46, 'gol registrado na partida');
INSERT INTO Pontuacoes_Atletas (id_pontuacao, id_partida, id_atleta_equipe, tipo_pontuacao, pontos, minuto, observacoes) VALUES (56, 16, 15, 'gol', 1, 35, 'gol registrado na partida');
INSERT INTO Pontuacoes_Atletas (id_pontuacao, id_partida, id_atleta_equipe, tipo_pontuacao, pontos, minuto, observacoes) VALUES (57, 17, 17, 'gol', 1, 36, 'gol registrado na partida');
INSERT INTO Pontuacoes_Atletas (id_pontuacao, id_partida, id_atleta_equipe, tipo_pontuacao, pontos, minuto, observacoes) VALUES (58, 17, 17, 'gol', 1, 47, 'gol registrado na partida');
INSERT INTO Pontuacoes_Atletas (id_pontuacao, id_partida, id_atleta_equipe, tipo_pontuacao, pontos, minuto, observacoes) VALUES (59, 17, 17, 'gol', 1, 58, 'gol registrado na partida');
INSERT INTO Pontuacoes_Atletas (id_pontuacao, id_partida, id_atleta_equipe, tipo_pontuacao, pontos, minuto, observacoes) VALUES (60, 17, 17, 'gol', 1, 69, 'gol registrado na partida');
INSERT INTO Pontuacoes_Atletas (id_pontuacao, id_partida, id_atleta_equipe, tipo_pontuacao, pontos, minuto, observacoes) VALUES (61, 18, 17, 'gol', 1, 37, 'gol registrado na partida');
INSERT INTO Pontuacoes_Atletas (id_pontuacao, id_partida, id_atleta_equipe, tipo_pontuacao, pontos, minuto, observacoes) VALUES (62, 18, 17, 'gol', 1, 48, 'gol registrado na partida');
INSERT INTO Pontuacoes_Atletas (id_pontuacao, id_partida, id_atleta_equipe, tipo_pontuacao, pontos, minuto, observacoes) VALUES (63, 18, 17, 'gol', 1, 59, 'gol registrado na partida');
INSERT INTO Pontuacoes_Atletas (id_pontuacao, id_partida, id_atleta_equipe, tipo_pontuacao, pontos, minuto, observacoes) VALUES (64, 18, 19, 'gol', 1, 37, 'gol registrado na partida');
INSERT INTO Pontuacoes_Atletas (id_pontuacao, id_partida, id_atleta_equipe, tipo_pontuacao, pontos, minuto, observacoes) VALUES (65, 18, 19, 'gol', 1, 48, 'gol registrado na partida');
INSERT INTO Pontuacoes_Atletas (id_pontuacao, id_partida, id_atleta_equipe, tipo_pontuacao, pontos, minuto, observacoes) VALUES (66, 19, 17, 'gol', 1, 38, 'gol registrado na partida');
INSERT INTO Pontuacoes_Atletas (id_pontuacao, id_partida, id_atleta_equipe, tipo_pontuacao, pontos, minuto, observacoes) VALUES (67, 19, 17, 'gol', 1, 49, 'gol registrado na partida');
INSERT INTO Pontuacoes_Atletas (id_pontuacao, id_partida, id_atleta_equipe, tipo_pontuacao, pontos, minuto, observacoes) VALUES (68, 19, 17, 'gol', 1, 60, 'gol registrado na partida');
INSERT INTO Pontuacoes_Atletas (id_pontuacao, id_partida, id_atleta_equipe, tipo_pontuacao, pontos, minuto, observacoes) VALUES (69, 19, 17, 'gol', 1, 71, 'gol registrado na partida');
INSERT INTO Pontuacoes_Atletas (id_pontuacao, id_partida, id_atleta_equipe, tipo_pontuacao, pontos, minuto, observacoes) VALUES (70, 19, 20, 'gol', 1, 38, 'gol registrado na partida');
INSERT INTO Pontuacoes_Atletas (id_pontuacao, id_partida, id_atleta_equipe, tipo_pontuacao, pontos, minuto, observacoes) VALUES (71, 20, 18, 'gol', 1, 39, 'gol registrado na partida');
INSERT INTO Pontuacoes_Atletas (id_pontuacao, id_partida, id_atleta_equipe, tipo_pontuacao, pontos, minuto, observacoes) VALUES (72, 20, 18, 'gol', 1, 50, 'gol registrado na partida');
INSERT INTO Pontuacoes_Atletas (id_pontuacao, id_partida, id_atleta_equipe, tipo_pontuacao, pontos, minuto, observacoes) VALUES (73, 20, 19, 'gol', 1, 39, 'gol registrado na partida');
INSERT INTO Pontuacoes_Atletas (id_pontuacao, id_partida, id_atleta_equipe, tipo_pontuacao, pontos, minuto, observacoes) VALUES (74, 21, 18, 'gol', 1, 40, 'gol registrado na partida');
INSERT INTO Pontuacoes_Atletas (id_pontuacao, id_partida, id_atleta_equipe, tipo_pontuacao, pontos, minuto, observacoes) VALUES (75, 21, 18, 'gol', 1, 51, 'gol registrado na partida');
INSERT INTO Pontuacoes_Atletas (id_pontuacao, id_partida, id_atleta_equipe, tipo_pontuacao, pontos, minuto, observacoes) VALUES (76, 21, 18, 'gol', 1, 62, 'gol registrado na partida');
INSERT INTO Pontuacoes_Atletas (id_pontuacao, id_partida, id_atleta_equipe, tipo_pontuacao, pontos, minuto, observacoes) VALUES (77, 21, 18, 'gol', 1, 73, 'gol registrado na partida');
INSERT INTO Pontuacoes_Atletas (id_pontuacao, id_partida, id_atleta_equipe, tipo_pontuacao, pontos, minuto, observacoes) VALUES (78, 22, 19, 'gol', 1, 41, 'gol registrado na partida');
INSERT INTO Pontuacoes_Atletas (id_pontuacao, id_partida, id_atleta_equipe, tipo_pontuacao, pontos, minuto, observacoes) VALUES (79, 22, 19, 'gol', 1, 52, 'gol registrado na partida');
INSERT INTO Pontuacoes_Atletas (id_pontuacao, id_partida, id_atleta_equipe, tipo_pontuacao, pontos, minuto, observacoes) VALUES (80, 22, 20, 'gol', 1, 41, 'gol registrado na partida');
INSERT INTO Pontuacoes_Atletas (id_pontuacao, id_partida, id_atleta_equipe, tipo_pontuacao, pontos, minuto, observacoes) VALUES (81, 23, 21, 'gol', 1, 42, 'gol registrado na partida');
INSERT INTO Pontuacoes_Atletas (id_pontuacao, id_partida, id_atleta_equipe, tipo_pontuacao, pontos, minuto, observacoes) VALUES (82, 23, 21, 'gol', 1, 53, 'gol registrado na partida');
INSERT INTO Pontuacoes_Atletas (id_pontuacao, id_partida, id_atleta_equipe, tipo_pontuacao, pontos, minuto, observacoes) VALUES (83, 23, 21, 'gol', 1, 64, 'gol registrado na partida');
INSERT INTO Pontuacoes_Atletas (id_pontuacao, id_partida, id_atleta_equipe, tipo_pontuacao, pontos, minuto, observacoes) VALUES (84, 23, 21, 'gol', 1, 75, 'gol registrado na partida');
INSERT INTO Pontuacoes_Atletas (id_pontuacao, id_partida, id_atleta_equipe, tipo_pontuacao, pontos, minuto, observacoes) VALUES (85, 24, 21, 'gol', 1, 43, 'gol registrado na partida');
INSERT INTO Pontuacoes_Atletas (id_pontuacao, id_partida, id_atleta_equipe, tipo_pontuacao, pontos, minuto, observacoes) VALUES (86, 24, 21, 'gol', 1, 54, 'gol registrado na partida');
INSERT INTO Pontuacoes_Atletas (id_pontuacao, id_partida, id_atleta_equipe, tipo_pontuacao, pontos, minuto, observacoes) VALUES (87, 24, 21, 'gol', 1, 65, 'gol registrado na partida');
INSERT INTO Pontuacoes_Atletas (id_pontuacao, id_partida, id_atleta_equipe, tipo_pontuacao, pontos, minuto, observacoes) VALUES (88, 24, 23, 'gol', 1, 43, 'gol registrado na partida');
INSERT INTO Pontuacoes_Atletas (id_pontuacao, id_partida, id_atleta_equipe, tipo_pontuacao, pontos, minuto, observacoes) VALUES (89, 24, 23, 'gol', 1, 54, 'gol registrado na partida');
INSERT INTO Pontuacoes_Atletas (id_pontuacao, id_partida, id_atleta_equipe, tipo_pontuacao, pontos, minuto, observacoes) VALUES (90, 25, 21, 'gol', 1, 44, 'gol registrado na partida');
INSERT INTO Pontuacoes_Atletas (id_pontuacao, id_partida, id_atleta_equipe, tipo_pontuacao, pontos, minuto, observacoes) VALUES (91, 25, 21, 'gol', 1, 55, 'gol registrado na partida');
INSERT INTO Pontuacoes_Atletas (id_pontuacao, id_partida, id_atleta_equipe, tipo_pontuacao, pontos, minuto, observacoes) VALUES (92, 25, 21, 'gol', 1, 66, 'gol registrado na partida');
INSERT INTO Pontuacoes_Atletas (id_pontuacao, id_partida, id_atleta_equipe, tipo_pontuacao, pontos, minuto, observacoes) VALUES (93, 25, 21, 'gol', 1, 77, 'gol registrado na partida');
INSERT INTO Pontuacoes_Atletas (id_pontuacao, id_partida, id_atleta_equipe, tipo_pontuacao, pontos, minuto, observacoes) VALUES (94, 25, 24, 'gol', 1, 44, 'gol registrado na partida');
INSERT INTO Pontuacoes_Atletas (id_pontuacao, id_partida, id_atleta_equipe, tipo_pontuacao, pontos, minuto, observacoes) VALUES (95, 26, 22, 'gol', 1, 45, 'gol registrado na partida');
INSERT INTO Pontuacoes_Atletas (id_pontuacao, id_partida, id_atleta_equipe, tipo_pontuacao, pontos, minuto, observacoes) VALUES (96, 26, 22, 'gol', 1, 56, 'gol registrado na partida');
INSERT INTO Pontuacoes_Atletas (id_pontuacao, id_partida, id_atleta_equipe, tipo_pontuacao, pontos, minuto, observacoes) VALUES (97, 26, 23, 'gol', 1, 45, 'gol registrado na partida');
INSERT INTO Pontuacoes_Atletas (id_pontuacao, id_partida, id_atleta_equipe, tipo_pontuacao, pontos, minuto, observacoes) VALUES (98, 27, 22, 'gol', 1, 46, 'gol registrado na partida');
INSERT INTO Pontuacoes_Atletas (id_pontuacao, id_partida, id_atleta_equipe, tipo_pontuacao, pontos, minuto, observacoes) VALUES (99, 27, 22, 'gol', 1, 57, 'gol registrado na partida');
INSERT INTO Pontuacoes_Atletas (id_pontuacao, id_partida, id_atleta_equipe, tipo_pontuacao, pontos, minuto, observacoes) VALUES (100, 27, 22, 'gol', 1, 68, 'gol registrado na partida');
INSERT INTO Pontuacoes_Atletas (id_pontuacao, id_partida, id_atleta_equipe, tipo_pontuacao, pontos, minuto, observacoes) VALUES (101, 27, 22, 'gol', 1, 79, 'gol registrado na partida');
INSERT INTO Pontuacoes_Atletas (id_pontuacao, id_partida, id_atleta_equipe, tipo_pontuacao, pontos, minuto, observacoes) VALUES (102, 28, 23, 'gol', 1, 47, 'gol registrado na partida');
INSERT INTO Pontuacoes_Atletas (id_pontuacao, id_partida, id_atleta_equipe, tipo_pontuacao, pontos, minuto, observacoes) VALUES (103, 28, 23, 'gol', 1, 58, 'gol registrado na partida');
INSERT INTO Pontuacoes_Atletas (id_pontuacao, id_partida, id_atleta_equipe, tipo_pontuacao, pontos, minuto, observacoes) VALUES (104, 28, 24, 'gol', 1, 47, 'gol registrado na partida');
INSERT INTO Pontuacoes_Atletas (id_pontuacao, id_partida, id_atleta_equipe, tipo_pontuacao, pontos, minuto, observacoes) VALUES (105, 29, 25, 'gol', 1, 48, 'gol registrado na partida');
INSERT INTO Pontuacoes_Atletas (id_pontuacao, id_partida, id_atleta_equipe, tipo_pontuacao, pontos, minuto, observacoes) VALUES (106, 29, 26, 'gol', 1, 48, 'gol registrado na partida');
INSERT INTO Pontuacoes_Atletas (id_pontuacao, id_partida, id_atleta_equipe, tipo_pontuacao, pontos, minuto, observacoes) VALUES (107, 29, 26, 'gol', 1, 59, 'gol registrado na partida');
INSERT INTO Pontuacoes_Atletas (id_pontuacao, id_partida, id_atleta_equipe, tipo_pontuacao, pontos, minuto, observacoes) VALUES (108, 30, 25, 'gol', 1, 49, 'gol registrado na partida');
INSERT INTO Pontuacoes_Atletas (id_pontuacao, id_partida, id_atleta_equipe, tipo_pontuacao, pontos, minuto, observacoes) VALUES (109, 30, 25, 'gol', 1, 60, 'gol registrado na partida');
INSERT INTO Pontuacoes_Atletas (id_pontuacao, id_partida, id_atleta_equipe, tipo_pontuacao, pontos, minuto, observacoes) VALUES (110, 30, 25, 'gol', 1, 71, 'gol registrado na partida');
INSERT INTO Pontuacoes_Atletas (id_pontuacao, id_partida, id_atleta_equipe, tipo_pontuacao, pontos, minuto, observacoes) VALUES (111, 31, 25, 'gol', 1, 50, 'gol registrado na partida');
INSERT INTO Pontuacoes_Atletas (id_pontuacao, id_partida, id_atleta_equipe, tipo_pontuacao, pontos, minuto, observacoes) VALUES (112, 31, 25, 'gol', 1, 61, 'gol registrado na partida');
INSERT INTO Pontuacoes_Atletas (id_pontuacao, id_partida, id_atleta_equipe, tipo_pontuacao, pontos, minuto, observacoes) VALUES (113, 31, 25, 'gol', 1, 72, 'gol registrado na partida');
INSERT INTO Pontuacoes_Atletas (id_pontuacao, id_partida, id_atleta_equipe, tipo_pontuacao, pontos, minuto, observacoes) VALUES (114, 31, 28, 'gol', 1, 50, 'gol registrado na partida');
INSERT INTO Pontuacoes_Atletas (id_pontuacao, id_partida, id_atleta_equipe, tipo_pontuacao, pontos, minuto, observacoes) VALUES (115, 31, 28, 'gol', 1, 61, 'gol registrado na partida');
INSERT INTO Pontuacoes_Atletas (id_pontuacao, id_partida, id_atleta_equipe, tipo_pontuacao, pontos, minuto, observacoes) VALUES (116, 32, 26, 'gol', 1, 51, 'gol registrado na partida');
INSERT INTO Pontuacoes_Atletas (id_pontuacao, id_partida, id_atleta_equipe, tipo_pontuacao, pontos, minuto, observacoes) VALUES (117, 32, 26, 'gol', 1, 62, 'gol registrado na partida');
INSERT INTO Pontuacoes_Atletas (id_pontuacao, id_partida, id_atleta_equipe, tipo_pontuacao, pontos, minuto, observacoes) VALUES (118, 32, 26, 'gol', 1, 73, 'gol registrado na partida');
INSERT INTO Pontuacoes_Atletas (id_pontuacao, id_partida, id_atleta_equipe, tipo_pontuacao, pontos, minuto, observacoes) VALUES (119, 32, 26, 'gol', 1, 84, 'gol registrado na partida');
INSERT INTO Pontuacoes_Atletas (id_pontuacao, id_partida, id_atleta_equipe, tipo_pontuacao, pontos, minuto, observacoes) VALUES (120, 32, 27, 'gol', 1, 51, 'gol registrado na partida');
INSERT INTO Pontuacoes_Atletas (id_pontuacao, id_partida, id_atleta_equipe, tipo_pontuacao, pontos, minuto, observacoes) VALUES (121, 32, 27, 'gol', 1, 62, 'gol registrado na partida');
INSERT INTO Pontuacoes_Atletas (id_pontuacao, id_partida, id_atleta_equipe, tipo_pontuacao, pontos, minuto, observacoes) VALUES (122, 33, 26, 'gol', 1, 52, 'gol registrado na partida');
INSERT INTO Pontuacoes_Atletas (id_pontuacao, id_partida, id_atleta_equipe, tipo_pontuacao, pontos, minuto, observacoes) VALUES (123, 33, 26, 'gol', 1, 63, 'gol registrado na partida');
INSERT INTO Pontuacoes_Atletas (id_pontuacao, id_partida, id_atleta_equipe, tipo_pontuacao, pontos, minuto, observacoes) VALUES (124, 33, 26, 'gol', 1, 74, 'gol registrado na partida');
INSERT INTO Pontuacoes_Atletas (id_pontuacao, id_partida, id_atleta_equipe, tipo_pontuacao, pontos, minuto, observacoes) VALUES (125, 33, 26, 'gol', 1, 85, 'gol registrado na partida');
INSERT INTO Pontuacoes_Atletas (id_pontuacao, id_partida, id_atleta_equipe, tipo_pontuacao, pontos, minuto, observacoes) VALUES (126, 33, 28, 'gol', 1, 52, 'gol registrado na partida');
INSERT INTO Pontuacoes_Atletas (id_pontuacao, id_partida, id_atleta_equipe, tipo_pontuacao, pontos, minuto, observacoes) VALUES (127, 34, 27, 'gol', 1, 53, 'gol registrado na partida');
INSERT INTO Pontuacoes_Atletas (id_pontuacao, id_partida, id_atleta_equipe, tipo_pontuacao, pontos, minuto, observacoes) VALUES (128, 34, 27, 'gol', 1, 64, 'gol registrado na partida');
INSERT INTO Pontuacoes_Atletas (id_pontuacao, id_partida, id_atleta_equipe, tipo_pontuacao, pontos, minuto, observacoes) VALUES (129, 34, 28, 'gol', 1, 53, 'gol registrado na partida');
INSERT INTO Pontuacoes_Atletas (id_pontuacao, id_partida, id_atleta_equipe, tipo_pontuacao, pontos, minuto, observacoes) VALUES (130, 34, 28, 'gol', 1, 64, 'gol registrado na partida');
INSERT INTO Pontuacoes_Atletas (id_pontuacao, id_partida, id_atleta_equipe, tipo_pontuacao, pontos, minuto, observacoes) VALUES (131, 34, 28, 'gol', 1, 75, 'gol registrado na partida');
INSERT INTO Pontuacoes_Atletas (id_pontuacao, id_partida, id_atleta_equipe, tipo_pontuacao, pontos, minuto, observacoes) VALUES (132, 35, 29, 'gol', 1, 54, 'gol registrado na partida');
INSERT INTO Pontuacoes_Atletas (id_pontuacao, id_partida, id_atleta_equipe, tipo_pontuacao, pontos, minuto, observacoes) VALUES (133, 35, 30, 'gol', 1, 54, 'gol registrado na partida');
INSERT INTO Pontuacoes_Atletas (id_pontuacao, id_partida, id_atleta_equipe, tipo_pontuacao, pontos, minuto, observacoes) VALUES (134, 35, 30, 'gol', 1, 65, 'gol registrado na partida');
INSERT INTO Pontuacoes_Atletas (id_pontuacao, id_partida, id_atleta_equipe, tipo_pontuacao, pontos, minuto, observacoes) VALUES (135, 36, 29, 'gol', 1, 55, 'gol registrado na partida');
INSERT INTO Pontuacoes_Atletas (id_pontuacao, id_partida, id_atleta_equipe, tipo_pontuacao, pontos, minuto, observacoes) VALUES (136, 36, 29, 'gol', 1, 66, 'gol registrado na partida');
INSERT INTO Pontuacoes_Atletas (id_pontuacao, id_partida, id_atleta_equipe, tipo_pontuacao, pontos, minuto, observacoes) VALUES (137, 36, 29, 'gol', 1, 77, 'gol registrado na partida');
INSERT INTO Pontuacoes_Atletas (id_pontuacao, id_partida, id_atleta_equipe, tipo_pontuacao, pontos, minuto, observacoes) VALUES (138, 37, 29, 'gol', 1, 56, 'gol registrado na partida');
INSERT INTO Pontuacoes_Atletas (id_pontuacao, id_partida, id_atleta_equipe, tipo_pontuacao, pontos, minuto, observacoes) VALUES (139, 37, 29, 'gol', 1, 67, 'gol registrado na partida');
INSERT INTO Pontuacoes_Atletas (id_pontuacao, id_partida, id_atleta_equipe, tipo_pontuacao, pontos, minuto, observacoes) VALUES (140, 37, 29, 'gol', 1, 78, 'gol registrado na partida');
INSERT INTO Pontuacoes_Atletas (id_pontuacao, id_partida, id_atleta_equipe, tipo_pontuacao, pontos, minuto, observacoes) VALUES (141, 37, 32, 'gol', 1, 56, 'gol registrado na partida');
INSERT INTO Pontuacoes_Atletas (id_pontuacao, id_partida, id_atleta_equipe, tipo_pontuacao, pontos, minuto, observacoes) VALUES (142, 37, 32, 'gol', 1, 67, 'gol registrado na partida');
INSERT INTO Pontuacoes_Atletas (id_pontuacao, id_partida, id_atleta_equipe, tipo_pontuacao, pontos, minuto, observacoes) VALUES (143, 38, 30, 'gol', 1, 57, 'gol registrado na partida');
INSERT INTO Pontuacoes_Atletas (id_pontuacao, id_partida, id_atleta_equipe, tipo_pontuacao, pontos, minuto, observacoes) VALUES (144, 38, 30, 'gol', 1, 68, 'gol registrado na partida');
INSERT INTO Pontuacoes_Atletas (id_pontuacao, id_partida, id_atleta_equipe, tipo_pontuacao, pontos, minuto, observacoes) VALUES (145, 38, 30, 'gol', 1, 79, 'gol registrado na partida');
INSERT INTO Pontuacoes_Atletas (id_pontuacao, id_partida, id_atleta_equipe, tipo_pontuacao, pontos, minuto, observacoes) VALUES (146, 38, 30, 'gol', 1, 8, 'gol registrado na partida');
INSERT INTO Pontuacoes_Atletas (id_pontuacao, id_partida, id_atleta_equipe, tipo_pontuacao, pontos, minuto, observacoes) VALUES (147, 38, 31, 'gol', 1, 57, 'gol registrado na partida');
INSERT INTO Pontuacoes_Atletas (id_pontuacao, id_partida, id_atleta_equipe, tipo_pontuacao, pontos, minuto, observacoes) VALUES (148, 38, 31, 'gol', 1, 68, 'gol registrado na partida');
INSERT INTO Pontuacoes_Atletas (id_pontuacao, id_partida, id_atleta_equipe, tipo_pontuacao, pontos, minuto, observacoes) VALUES (149, 39, 30, 'gol', 1, 58, 'gol registrado na partida');
INSERT INTO Pontuacoes_Atletas (id_pontuacao, id_partida, id_atleta_equipe, tipo_pontuacao, pontos, minuto, observacoes) VALUES (150, 39, 30, 'gol', 1, 69, 'gol registrado na partida');
INSERT INTO Pontuacoes_Atletas (id_pontuacao, id_partida, id_atleta_equipe, tipo_pontuacao, pontos, minuto, observacoes) VALUES (151, 39, 30, 'gol', 1, 80, 'gol registrado na partida');
INSERT INTO Pontuacoes_Atletas (id_pontuacao, id_partida, id_atleta_equipe, tipo_pontuacao, pontos, minuto, observacoes) VALUES (152, 39, 30, 'gol', 1, 9, 'gol registrado na partida');
INSERT INTO Pontuacoes_Atletas (id_pontuacao, id_partida, id_atleta_equipe, tipo_pontuacao, pontos, minuto, observacoes) VALUES (153, 39, 32, 'gol', 1, 58, 'gol registrado na partida');
INSERT INTO Pontuacoes_Atletas (id_pontuacao, id_partida, id_atleta_equipe, tipo_pontuacao, pontos, minuto, observacoes) VALUES (154, 40, 31, 'gol', 1, 59, 'gol registrado na partida');
INSERT INTO Pontuacoes_Atletas (id_pontuacao, id_partida, id_atleta_equipe, tipo_pontuacao, pontos, minuto, observacoes) VALUES (155, 40, 31, 'gol', 1, 70, 'gol registrado na partida');
INSERT INTO Pontuacoes_Atletas (id_pontuacao, id_partida, id_atleta_equipe, tipo_pontuacao, pontos, minuto, observacoes) VALUES (156, 40, 32, 'gol', 1, 59, 'gol registrado na partida');
INSERT INTO Pontuacoes_Atletas (id_pontuacao, id_partida, id_atleta_equipe, tipo_pontuacao, pontos, minuto, observacoes) VALUES (157, 40, 32, 'gol', 1, 70, 'gol registrado na partida');
INSERT INTO Pontuacoes_Atletas (id_pontuacao, id_partida, id_atleta_equipe, tipo_pontuacao, pontos, minuto, observacoes) VALUES (158, 40, 32, 'gol', 1, 81, 'gol registrado na partida');
INSERT INTO Pontuacoes_Atletas (id_pontuacao, id_partida, id_atleta_equipe, tipo_pontuacao, pontos, minuto, observacoes) VALUES (159, 41, 33, 'gol', 1, 60, 'gol registrado na partida');
INSERT INTO Pontuacoes_Atletas (id_pontuacao, id_partida, id_atleta_equipe, tipo_pontuacao, pontos, minuto, observacoes) VALUES (160, 41, 34, 'gol', 1, 60, 'gol registrado na partida');
INSERT INTO Pontuacoes_Atletas (id_pontuacao, id_partida, id_atleta_equipe, tipo_pontuacao, pontos, minuto, observacoes) VALUES (161, 41, 34, 'gol', 1, 71, 'gol registrado na partida');
INSERT INTO Pontuacoes_Atletas (id_pontuacao, id_partida, id_atleta_equipe, tipo_pontuacao, pontos, minuto, observacoes) VALUES (162, 42, 33, 'gol', 1, 61, 'gol registrado na partida');
INSERT INTO Pontuacoes_Atletas (id_pontuacao, id_partida, id_atleta_equipe, tipo_pontuacao, pontos, minuto, observacoes) VALUES (163, 42, 33, 'gol', 1, 72, 'gol registrado na partida');
INSERT INTO Pontuacoes_Atletas (id_pontuacao, id_partida, id_atleta_equipe, tipo_pontuacao, pontos, minuto, observacoes) VALUES (164, 42, 33, 'gol', 1, 83, 'gol registrado na partida');
INSERT INTO Pontuacoes_Atletas (id_pontuacao, id_partida, id_atleta_equipe, tipo_pontuacao, pontos, minuto, observacoes) VALUES (165, 43, 33, 'gol', 1, 62, 'gol registrado na partida');
INSERT INTO Pontuacoes_Atletas (id_pontuacao, id_partida, id_atleta_equipe, tipo_pontuacao, pontos, minuto, observacoes) VALUES (166, 43, 33, 'gol', 1, 73, 'gol registrado na partida');
INSERT INTO Pontuacoes_Atletas (id_pontuacao, id_partida, id_atleta_equipe, tipo_pontuacao, pontos, minuto, observacoes) VALUES (167, 43, 33, 'gol', 1, 84, 'gol registrado na partida');
INSERT INTO Pontuacoes_Atletas (id_pontuacao, id_partida, id_atleta_equipe, tipo_pontuacao, pontos, minuto, observacoes) VALUES (168, 43, 36, 'gol', 1, 62, 'gol registrado na partida');
INSERT INTO Pontuacoes_Atletas (id_pontuacao, id_partida, id_atleta_equipe, tipo_pontuacao, pontos, minuto, observacoes) VALUES (169, 43, 36, 'gol', 1, 73, 'gol registrado na partida');
INSERT INTO Pontuacoes_Atletas (id_pontuacao, id_partida, id_atleta_equipe, tipo_pontuacao, pontos, minuto, observacoes) VALUES (170, 44, 34, 'gol', 1, 63, 'gol registrado na partida');
INSERT INTO Pontuacoes_Atletas (id_pontuacao, id_partida, id_atleta_equipe, tipo_pontuacao, pontos, minuto, observacoes) VALUES (171, 44, 34, 'gol', 1, 74, 'gol registrado na partida');
INSERT INTO Pontuacoes_Atletas (id_pontuacao, id_partida, id_atleta_equipe, tipo_pontuacao, pontos, minuto, observacoes) VALUES (172, 44, 34, 'gol', 1, 85, 'gol registrado na partida');
INSERT INTO Pontuacoes_Atletas (id_pontuacao, id_partida, id_atleta_equipe, tipo_pontuacao, pontos, minuto, observacoes) VALUES (173, 44, 34, 'gol', 1, 14, 'gol registrado na partida');
INSERT INTO Pontuacoes_Atletas (id_pontuacao, id_partida, id_atleta_equipe, tipo_pontuacao, pontos, minuto, observacoes) VALUES (174, 44, 35, 'gol', 1, 63, 'gol registrado na partida');
INSERT INTO Pontuacoes_Atletas (id_pontuacao, id_partida, id_atleta_equipe, tipo_pontuacao, pontos, minuto, observacoes) VALUES (175, 44, 35, 'gol', 1, 74, 'gol registrado na partida');
INSERT INTO Pontuacoes_Atletas (id_pontuacao, id_partida, id_atleta_equipe, tipo_pontuacao, pontos, minuto, observacoes) VALUES (176, 45, 34, 'gol', 1, 64, 'gol registrado na partida');
INSERT INTO Pontuacoes_Atletas (id_pontuacao, id_partida, id_atleta_equipe, tipo_pontuacao, pontos, minuto, observacoes) VALUES (177, 45, 34, 'gol', 1, 75, 'gol registrado na partida');
INSERT INTO Pontuacoes_Atletas (id_pontuacao, id_partida, id_atleta_equipe, tipo_pontuacao, pontos, minuto, observacoes) VALUES (178, 45, 34, 'gol', 1, 86, 'gol registrado na partida');
INSERT INTO Pontuacoes_Atletas (id_pontuacao, id_partida, id_atleta_equipe, tipo_pontuacao, pontos, minuto, observacoes) VALUES (179, 45, 34, 'gol', 1, 15, 'gol registrado na partida');
INSERT INTO Pontuacoes_Atletas (id_pontuacao, id_partida, id_atleta_equipe, tipo_pontuacao, pontos, minuto, observacoes) VALUES (180, 45, 36, 'gol', 1, 64, 'gol registrado na partida');
INSERT INTO Pontuacoes_Atletas (id_pontuacao, id_partida, id_atleta_equipe, tipo_pontuacao, pontos, minuto, observacoes) VALUES (181, 46, 35, 'gol', 1, 65, 'gol registrado na partida');
INSERT INTO Pontuacoes_Atletas (id_pontuacao, id_partida, id_atleta_equipe, tipo_pontuacao, pontos, minuto, observacoes) VALUES (182, 46, 35, 'gol', 1, 76, 'gol registrado na partida');
INSERT INTO Pontuacoes_Atletas (id_pontuacao, id_partida, id_atleta_equipe, tipo_pontuacao, pontos, minuto, observacoes) VALUES (183, 46, 36, 'gol', 1, 65, 'gol registrado na partida');
INSERT INTO Pontuacoes_Atletas (id_pontuacao, id_partida, id_atleta_equipe, tipo_pontuacao, pontos, minuto, observacoes) VALUES (184, 46, 36, 'gol', 1, 76, 'gol registrado na partida');
INSERT INTO Pontuacoes_Atletas (id_pontuacao, id_partida, id_atleta_equipe, tipo_pontuacao, pontos, minuto, observacoes) VALUES (185, 46, 36, 'gol', 1, 87, 'gol registrado na partida');
INSERT INTO Pontuacoes_Atletas (id_pontuacao, id_partida, id_atleta_equipe, tipo_pontuacao, pontos, minuto, observacoes) VALUES (186, 47, 37, 'gol', 1, 66, 'gol registrado na partida');
INSERT INTO Pontuacoes_Atletas (id_pontuacao, id_partida, id_atleta_equipe, tipo_pontuacao, pontos, minuto, observacoes) VALUES (187, 47, 38, 'gol', 1, 66, 'gol registrado na partida');
INSERT INTO Pontuacoes_Atletas (id_pontuacao, id_partida, id_atleta_equipe, tipo_pontuacao, pontos, minuto, observacoes) VALUES (188, 47, 38, 'gol', 1, 77, 'gol registrado na partida');
INSERT INTO Pontuacoes_Atletas (id_pontuacao, id_partida, id_atleta_equipe, tipo_pontuacao, pontos, minuto, observacoes) VALUES (189, 48, 37, 'gol', 1, 67, 'gol registrado na partida');
INSERT INTO Pontuacoes_Atletas (id_pontuacao, id_partida, id_atleta_equipe, tipo_pontuacao, pontos, minuto, observacoes) VALUES (190, 48, 37, 'gol', 1, 78, 'gol registrado na partida');
INSERT INTO Pontuacoes_Atletas (id_pontuacao, id_partida, id_atleta_equipe, tipo_pontuacao, pontos, minuto, observacoes) VALUES (191, 48, 37, 'gol', 1, 89, 'gol registrado na partida');
INSERT INTO Pontuacoes_Atletas (id_pontuacao, id_partida, id_atleta_equipe, tipo_pontuacao, pontos, minuto, observacoes) VALUES (192, 49, 37, 'gol', 1, 68, 'gol registrado na partida');
INSERT INTO Pontuacoes_Atletas (id_pontuacao, id_partida, id_atleta_equipe, tipo_pontuacao, pontos, minuto, observacoes) VALUES (193, 49, 37, 'gol', 1, 79, 'gol registrado na partida');
INSERT INTO Pontuacoes_Atletas (id_pontuacao, id_partida, id_atleta_equipe, tipo_pontuacao, pontos, minuto, observacoes) VALUES (194, 49, 37, 'gol', 1, 8, 'gol registrado na partida');
INSERT INTO Pontuacoes_Atletas (id_pontuacao, id_partida, id_atleta_equipe, tipo_pontuacao, pontos, minuto, observacoes) VALUES (195, 49, 40, 'gol', 1, 68, 'gol registrado na partida');
INSERT INTO Pontuacoes_Atletas (id_pontuacao, id_partida, id_atleta_equipe, tipo_pontuacao, pontos, minuto, observacoes) VALUES (196, 49, 40, 'gol', 1, 79, 'gol registrado na partida');
INSERT INTO Pontuacoes_Atletas (id_pontuacao, id_partida, id_atleta_equipe, tipo_pontuacao, pontos, minuto, observacoes) VALUES (197, 50, 38, 'gol', 1, 69, 'gol registrado na partida');
INSERT INTO Pontuacoes_Atletas (id_pontuacao, id_partida, id_atleta_equipe, tipo_pontuacao, pontos, minuto, observacoes) VALUES (198, 50, 38, 'gol', 1, 80, 'gol registrado na partida');
INSERT INTO Pontuacoes_Atletas (id_pontuacao, id_partida, id_atleta_equipe, tipo_pontuacao, pontos, minuto, observacoes) VALUES (199, 50, 38, 'gol', 1, 9, 'gol registrado na partida');
INSERT INTO Pontuacoes_Atletas (id_pontuacao, id_partida, id_atleta_equipe, tipo_pontuacao, pontos, minuto, observacoes) VALUES (200, 50, 38, 'gol', 1, 20, 'gol registrado na partida');
INSERT INTO Pontuacoes_Atletas (id_pontuacao, id_partida, id_atleta_equipe, tipo_pontuacao, pontos, minuto, observacoes) VALUES (201, 50, 39, 'gol', 1, 69, 'gol registrado na partida');
INSERT INTO Pontuacoes_Atletas (id_pontuacao, id_partida, id_atleta_equipe, tipo_pontuacao, pontos, minuto, observacoes) VALUES (202, 50, 39, 'gol', 1, 80, 'gol registrado na partida');
INSERT INTO Pontuacoes_Atletas (id_pontuacao, id_partida, id_atleta_equipe, tipo_pontuacao, pontos, minuto, observacoes) VALUES (203, 51, 38, 'gol', 1, 70, 'gol registrado na partida');
INSERT INTO Pontuacoes_Atletas (id_pontuacao, id_partida, id_atleta_equipe, tipo_pontuacao, pontos, minuto, observacoes) VALUES (204, 51, 38, 'gol', 1, 81, 'gol registrado na partida');
INSERT INTO Pontuacoes_Atletas (id_pontuacao, id_partida, id_atleta_equipe, tipo_pontuacao, pontos, minuto, observacoes) VALUES (205, 51, 38, 'gol', 1, 10, 'gol registrado na partida');
INSERT INTO Pontuacoes_Atletas (id_pontuacao, id_partida, id_atleta_equipe, tipo_pontuacao, pontos, minuto, observacoes) VALUES (206, 51, 38, 'gol', 1, 21, 'gol registrado na partida');
INSERT INTO Pontuacoes_Atletas (id_pontuacao, id_partida, id_atleta_equipe, tipo_pontuacao, pontos, minuto, observacoes) VALUES (207, 51, 40, 'gol', 1, 70, 'gol registrado na partida');
INSERT INTO Pontuacoes_Atletas (id_pontuacao, id_partida, id_atleta_equipe, tipo_pontuacao, pontos, minuto, observacoes) VALUES (208, 52, 39, 'gol', 1, 71, 'gol registrado na partida');
INSERT INTO Pontuacoes_Atletas (id_pontuacao, id_partida, id_atleta_equipe, tipo_pontuacao, pontos, minuto, observacoes) VALUES (209, 52, 39, 'gol', 1, 82, 'gol registrado na partida');
INSERT INTO Pontuacoes_Atletas (id_pontuacao, id_partida, id_atleta_equipe, tipo_pontuacao, pontos, minuto, observacoes) VALUES (210, 52, 40, 'gol', 1, 71, 'gol registrado na partida');
INSERT INTO Pontuacoes_Atletas (id_pontuacao, id_partida, id_atleta_equipe, tipo_pontuacao, pontos, minuto, observacoes) VALUES (211, 52, 40, 'gol', 1, 82, 'gol registrado na partida');
INSERT INTO Pontuacoes_Atletas (id_pontuacao, id_partida, id_atleta_equipe, tipo_pontuacao, pontos, minuto, observacoes) VALUES (212, 52, 40, 'gol', 1, 11, 'gol registrado na partida');
INSERT INTO Pontuacoes_Atletas (id_pontuacao, id_partida, id_atleta_equipe, tipo_pontuacao, pontos, minuto, observacoes) VALUES (213, 53, 41, 'ponto', 12, 20, 'pontuacao registrada na partida');
INSERT INTO Pontuacoes_Atletas (id_pontuacao, id_partida, id_atleta_equipe, tipo_pontuacao, pontos, minuto, observacoes) VALUES (214, 53, 42, 'ponto', 25, 20, 'pontuacao registrada na partida');
INSERT INTO Pontuacoes_Atletas (id_pontuacao, id_partida, id_atleta_equipe, tipo_pontuacao, pontos, minuto, observacoes) VALUES (215, 54, 41, 'ponto', 13, 21, 'pontuacao registrada na partida');
INSERT INTO Pontuacoes_Atletas (id_pontuacao, id_partida, id_atleta_equipe, tipo_pontuacao, pontos, minuto, observacoes) VALUES (216, 54, 43, 'ponto', 12, 21, 'pontuacao registrada na partida');
INSERT INTO Pontuacoes_Atletas (id_pontuacao, id_partida, id_atleta_equipe, tipo_pontuacao, pontos, minuto, observacoes) VALUES (217, 55, 41, 'ponto', 14, 22, 'pontuacao registrada na partida');
INSERT INTO Pontuacoes_Atletas (id_pontuacao, id_partida, id_atleta_equipe, tipo_pontuacao, pontos, minuto, observacoes) VALUES (218, 55, 44, 'ponto', 13, 22, 'pontuacao registrada na partida');
INSERT INTO Pontuacoes_Atletas (id_pontuacao, id_partida, id_atleta_equipe, tipo_pontuacao, pontos, minuto, observacoes) VALUES (219, 56, 42, 'ponto', 15, 23, 'pontuacao registrada na partida');
INSERT INTO Pontuacoes_Atletas (id_pontuacao, id_partida, id_atleta_equipe, tipo_pontuacao, pontos, minuto, observacoes) VALUES (220, 56, 43, 'ponto', 14, 23, 'pontuacao registrada na partida');
INSERT INTO Pontuacoes_Atletas (id_pontuacao, id_partida, id_atleta_equipe, tipo_pontuacao, pontos, minuto, observacoes) VALUES (221, 57, 42, 'ponto', 16, 24, 'pontuacao registrada na partida');
INSERT INTO Pontuacoes_Atletas (id_pontuacao, id_partida, id_atleta_equipe, tipo_pontuacao, pontos, minuto, observacoes) VALUES (222, 57, 44, 'ponto', 15, 24, 'pontuacao registrada na partida');
INSERT INTO Pontuacoes_Atletas (id_pontuacao, id_partida, id_atleta_equipe, tipo_pontuacao, pontos, minuto, observacoes) VALUES (223, 58, 43, 'ponto', 17, 25, 'pontuacao registrada na partida');
INSERT INTO Pontuacoes_Atletas (id_pontuacao, id_partida, id_atleta_equipe, tipo_pontuacao, pontos, minuto, observacoes) VALUES (224, 58, 44, 'ponto', 15, 25, 'pontuacao registrada na partida');
INSERT INTO Pontuacoes_Atletas (id_pontuacao, id_partida, id_atleta_equipe, tipo_pontuacao, pontos, minuto, observacoes) VALUES (225, 59, 45, 'ponto', 18, 26, 'pontuacao registrada na partida');
INSERT INTO Pontuacoes_Atletas (id_pontuacao, id_partida, id_atleta_equipe, tipo_pontuacao, pontos, minuto, observacoes) VALUES (226, 59, 46, 'ponto', 17, 26, 'pontuacao registrada na partida');
INSERT INTO Pontuacoes_Atletas (id_pontuacao, id_partida, id_atleta_equipe, tipo_pontuacao, pontos, minuto, observacoes) VALUES (227, 60, 45, 'ponto', 19, 27, 'pontuacao registrada na partida');
INSERT INTO Pontuacoes_Atletas (id_pontuacao, id_partida, id_atleta_equipe, tipo_pontuacao, pontos, minuto, observacoes) VALUES (228, 60, 47, 'ponto', 18, 27, 'pontuacao registrada na partida');
INSERT INTO Pontuacoes_Atletas (id_pontuacao, id_partida, id_atleta_equipe, tipo_pontuacao, pontos, minuto, observacoes) VALUES (229, 61, 45, 'ponto', 20, 28, 'pontuacao registrada na partida');
INSERT INTO Pontuacoes_Atletas (id_pontuacao, id_partida, id_atleta_equipe, tipo_pontuacao, pontos, minuto, observacoes) VALUES (230, 61, 48, 'ponto', 19, 28, 'pontuacao registrada na partida');
INSERT INTO Pontuacoes_Atletas (id_pontuacao, id_partida, id_atleta_equipe, tipo_pontuacao, pontos, minuto, observacoes) VALUES (231, 62, 46, 'ponto', 21, 29, 'pontuacao registrada na partida');
INSERT INTO Pontuacoes_Atletas (id_pontuacao, id_partida, id_atleta_equipe, tipo_pontuacao, pontos, minuto, observacoes) VALUES (232, 62, 47, 'ponto', 20, 29, 'pontuacao registrada na partida');
INSERT INTO Pontuacoes_Atletas (id_pontuacao, id_partida, id_atleta_equipe, tipo_pontuacao, pontos, minuto, observacoes) VALUES (233, 63, 46, 'ponto', 22, 30, 'pontuacao registrada na partida');
INSERT INTO Pontuacoes_Atletas (id_pontuacao, id_partida, id_atleta_equipe, tipo_pontuacao, pontos, minuto, observacoes) VALUES (234, 63, 48, 'ponto', 21, 30, 'pontuacao registrada na partida');
INSERT INTO Pontuacoes_Atletas (id_pontuacao, id_partida, id_atleta_equipe, tipo_pontuacao, pontos, minuto, observacoes) VALUES (235, 64, 47, 'ponto', 23, 31, 'pontuacao registrada na partida');
INSERT INTO Pontuacoes_Atletas (id_pontuacao, id_partida, id_atleta_equipe, tipo_pontuacao, pontos, minuto, observacoes) VALUES (236, 64, 48, 'ponto', 21, 31, 'pontuacao registrada na partida');
INSERT INTO Pontuacoes_Atletas (id_pontuacao, id_partida, id_atleta_equipe, tipo_pontuacao, pontos, minuto, observacoes) VALUES (237, 65, 49, 'ponto', 24, 32, 'pontuacao registrada na partida');
INSERT INTO Pontuacoes_Atletas (id_pontuacao, id_partida, id_atleta_equipe, tipo_pontuacao, pontos, minuto, observacoes) VALUES (238, 65, 50, 'ponto', 23, 32, 'pontuacao registrada na partida');
INSERT INTO Pontuacoes_Atletas (id_pontuacao, id_partida, id_atleta_equipe, tipo_pontuacao, pontos, minuto, observacoes) VALUES (239, 66, 49, 'ponto', 25, 33, 'pontuacao registrada na partida');
INSERT INTO Pontuacoes_Atletas (id_pontuacao, id_partida, id_atleta_equipe, tipo_pontuacao, pontos, minuto, observacoes) VALUES (240, 66, 51, 'ponto', 24, 33, 'pontuacao registrada na partida');
INSERT INTO Pontuacoes_Atletas (id_pontuacao, id_partida, id_atleta_equipe, tipo_pontuacao, pontos, minuto, observacoes) VALUES (241, 67, 49, 'ponto', 12, 34, 'pontuacao registrada na partida');
INSERT INTO Pontuacoes_Atletas (id_pontuacao, id_partida, id_atleta_equipe, tipo_pontuacao, pontos, minuto, observacoes) VALUES (242, 67, 52, 'ponto', 25, 34, 'pontuacao registrada na partida');
INSERT INTO Pontuacoes_Atletas (id_pontuacao, id_partida, id_atleta_equipe, tipo_pontuacao, pontos, minuto, observacoes) VALUES (243, 68, 50, 'ponto', 13, 35, 'pontuacao registrada na partida');
INSERT INTO Pontuacoes_Atletas (id_pontuacao, id_partida, id_atleta_equipe, tipo_pontuacao, pontos, minuto, observacoes) VALUES (244, 68, 51, 'ponto', 12, 35, 'pontuacao registrada na partida');
INSERT INTO Pontuacoes_Atletas (id_pontuacao, id_partida, id_atleta_equipe, tipo_pontuacao, pontos, minuto, observacoes) VALUES (245, 69, 50, 'ponto', 14, 36, 'pontuacao registrada na partida');
INSERT INTO Pontuacoes_Atletas (id_pontuacao, id_partida, id_atleta_equipe, tipo_pontuacao, pontos, minuto, observacoes) VALUES (246, 69, 52, 'ponto', 13, 36, 'pontuacao registrada na partida');
INSERT INTO Pontuacoes_Atletas (id_pontuacao, id_partida, id_atleta_equipe, tipo_pontuacao, pontos, minuto, observacoes) VALUES (247, 70, 51, 'ponto', 15, 37, 'pontuacao registrada na partida');
INSERT INTO Pontuacoes_Atletas (id_pontuacao, id_partida, id_atleta_equipe, tipo_pontuacao, pontos, minuto, observacoes) VALUES (248, 70, 52, 'ponto', 13, 37, 'pontuacao registrada na partida');
INSERT INTO Pontuacoes_Atletas (id_pontuacao, id_partida, id_atleta_equipe, tipo_pontuacao, pontos, minuto, observacoes) VALUES (249, 71, 53, 'ponto', 16, 38, 'pontuacao registrada na partida');
INSERT INTO Pontuacoes_Atletas (id_pontuacao, id_partida, id_atleta_equipe, tipo_pontuacao, pontos, minuto, observacoes) VALUES (250, 71, 54, 'ponto', 15, 38, 'pontuacao registrada na partida');
INSERT INTO Pontuacoes_Atletas (id_pontuacao, id_partida, id_atleta_equipe, tipo_pontuacao, pontos, minuto, observacoes) VALUES (251, 72, 53, 'ponto', 17, 39, 'pontuacao registrada na partida');
INSERT INTO Pontuacoes_Atletas (id_pontuacao, id_partida, id_atleta_equipe, tipo_pontuacao, pontos, minuto, observacoes) VALUES (252, 72, 55, 'ponto', 16, 39, 'pontuacao registrada na partida');
INSERT INTO Pontuacoes_Atletas (id_pontuacao, id_partida, id_atleta_equipe, tipo_pontuacao, pontos, minuto, observacoes) VALUES (253, 73, 53, 'ponto', 18, 0, 'pontuacao registrada na partida');
INSERT INTO Pontuacoes_Atletas (id_pontuacao, id_partida, id_atleta_equipe, tipo_pontuacao, pontos, minuto, observacoes) VALUES (254, 73, 56, 'ponto', 17, 0, 'pontuacao registrada na partida');
INSERT INTO Pontuacoes_Atletas (id_pontuacao, id_partida, id_atleta_equipe, tipo_pontuacao, pontos, minuto, observacoes) VALUES (255, 74, 54, 'ponto', 19, 1, 'pontuacao registrada na partida');
INSERT INTO Pontuacoes_Atletas (id_pontuacao, id_partida, id_atleta_equipe, tipo_pontuacao, pontos, minuto, observacoes) VALUES (256, 74, 55, 'ponto', 18, 1, 'pontuacao registrada na partida');
INSERT INTO Pontuacoes_Atletas (id_pontuacao, id_partida, id_atleta_equipe, tipo_pontuacao, pontos, minuto, observacoes) VALUES (257, 75, 54, 'ponto', 20, 2, 'pontuacao registrada na partida');
INSERT INTO Pontuacoes_Atletas (id_pontuacao, id_partida, id_atleta_equipe, tipo_pontuacao, pontos, minuto, observacoes) VALUES (258, 75, 56, 'ponto', 19, 2, 'pontuacao registrada na partida');
INSERT INTO Pontuacoes_Atletas (id_pontuacao, id_partida, id_atleta_equipe, tipo_pontuacao, pontos, minuto, observacoes) VALUES (259, 76, 55, 'ponto', 21, 3, 'pontuacao registrada na partida');
INSERT INTO Pontuacoes_Atletas (id_pontuacao, id_partida, id_atleta_equipe, tipo_pontuacao, pontos, minuto, observacoes) VALUES (260, 76, 56, 'ponto', 19, 3, 'pontuacao registrada na partida');
INSERT INTO Pontuacoes_Atletas (id_pontuacao, id_partida, id_atleta_equipe, tipo_pontuacao, pontos, minuto, observacoes) VALUES (261, 77, 57, 'ponto', 22, 4, 'pontuacao registrada na partida');
INSERT INTO Pontuacoes_Atletas (id_pontuacao, id_partida, id_atleta_equipe, tipo_pontuacao, pontos, minuto, observacoes) VALUES (262, 77, 58, 'ponto', 21, 4, 'pontuacao registrada na partida');
INSERT INTO Pontuacoes_Atletas (id_pontuacao, id_partida, id_atleta_equipe, tipo_pontuacao, pontos, minuto, observacoes) VALUES (263, 78, 57, 'ponto', 23, 5, 'pontuacao registrada na partida');
INSERT INTO Pontuacoes_Atletas (id_pontuacao, id_partida, id_atleta_equipe, tipo_pontuacao, pontos, minuto, observacoes) VALUES (264, 78, 59, 'ponto', 22, 5, 'pontuacao registrada na partida');
INSERT INTO Pontuacoes_Atletas (id_pontuacao, id_partida, id_atleta_equipe, tipo_pontuacao, pontos, minuto, observacoes) VALUES (265, 79, 57, 'ponto', 24, 6, 'pontuacao registrada na partida');
INSERT INTO Pontuacoes_Atletas (id_pontuacao, id_partida, id_atleta_equipe, tipo_pontuacao, pontos, minuto, observacoes) VALUES (266, 79, 60, 'ponto', 23, 6, 'pontuacao registrada na partida');
INSERT INTO Pontuacoes_Atletas (id_pontuacao, id_partida, id_atleta_equipe, tipo_pontuacao, pontos, minuto, observacoes) VALUES (267, 80, 58, 'ponto', 25, 7, 'pontuacao registrada na partida');
INSERT INTO Pontuacoes_Atletas (id_pontuacao, id_partida, id_atleta_equipe, tipo_pontuacao, pontos, minuto, observacoes) VALUES (268, 80, 59, 'ponto', 24, 7, 'pontuacao registrada na partida');
INSERT INTO Pontuacoes_Atletas (id_pontuacao, id_partida, id_atleta_equipe, tipo_pontuacao, pontos, minuto, observacoes) VALUES (269, 81, 58, 'ponto', 12, 8, 'pontuacao registrada na partida');
INSERT INTO Pontuacoes_Atletas (id_pontuacao, id_partida, id_atleta_equipe, tipo_pontuacao, pontos, minuto, observacoes) VALUES (270, 81, 60, 'ponto', 25, 8, 'pontuacao registrada na partida');
INSERT INTO Pontuacoes_Atletas (id_pontuacao, id_partida, id_atleta_equipe, tipo_pontuacao, pontos, minuto, observacoes) VALUES (271, 82, 59, 'ponto', 13, 9, 'pontuacao registrada na partida');
INSERT INTO Pontuacoes_Atletas (id_pontuacao, id_partida, id_atleta_equipe, tipo_pontuacao, pontos, minuto, observacoes) VALUES (272, 82, 60, 'ponto', 25, 9, 'pontuacao registrada na partida');
INSERT INTO Pontuacoes_Atletas (id_pontuacao, id_partida, id_atleta_equipe, tipo_pontuacao, pontos, minuto, observacoes) VALUES (273, 83, 61, 'ponto', 40, 10, 'pontuacao registrada na partida');
INSERT INTO Pontuacoes_Atletas (id_pontuacao, id_partida, id_atleta_equipe, tipo_pontuacao, pontos, minuto, observacoes) VALUES (274, 83, 62, 'ponto', 39, 10, 'pontuacao registrada na partida');
INSERT INTO Pontuacoes_Atletas (id_pontuacao, id_partida, id_atleta_equipe, tipo_pontuacao, pontos, minuto, observacoes) VALUES (275, 84, 61, 'ponto', 40, 11, 'pontuacao registrada na partida');
INSERT INTO Pontuacoes_Atletas (id_pontuacao, id_partida, id_atleta_equipe, tipo_pontuacao, pontos, minuto, observacoes) VALUES (276, 84, 63, 'ponto', 40, 11, 'pontuacao registrada na partida');
INSERT INTO Pontuacoes_Atletas (id_pontuacao, id_partida, id_atleta_equipe, tipo_pontuacao, pontos, minuto, observacoes) VALUES (277, 85, 61, 'ponto', 40, 12, 'pontuacao registrada na partida');
INSERT INTO Pontuacoes_Atletas (id_pontuacao, id_partida, id_atleta_equipe, tipo_pontuacao, pontos, minuto, observacoes) VALUES (278, 85, 64, 'ponto', 31, 12, 'pontuacao registrada na partida');
INSERT INTO Pontuacoes_Atletas (id_pontuacao, id_partida, id_atleta_equipe, tipo_pontuacao, pontos, minuto, observacoes) VALUES (279, 86, 62, 'ponto', 43, 13, 'pontuacao registrada na partida');
INSERT INTO Pontuacoes_Atletas (id_pontuacao, id_partida, id_atleta_equipe, tipo_pontuacao, pontos, minuto, observacoes) VALUES (280, 86, 63, 'ponto', 31, 13, 'pontuacao registrada na partida');
INSERT INTO Pontuacoes_Atletas (id_pontuacao, id_partida, id_atleta_equipe, tipo_pontuacao, pontos, minuto, observacoes) VALUES (281, 87, 62, 'ponto', 43, 14, 'pontuacao registrada na partida');
INSERT INTO Pontuacoes_Atletas (id_pontuacao, id_partida, id_atleta_equipe, tipo_pontuacao, pontos, minuto, observacoes) VALUES (282, 87, 64, 'ponto', 32, 14, 'pontuacao registrada na partida');
INSERT INTO Pontuacoes_Atletas (id_pontuacao, id_partida, id_atleta_equipe, tipo_pontuacao, pontos, minuto, observacoes) VALUES (283, 88, 63, 'ponto', 40, 15, 'pontuacao registrada na partida');
INSERT INTO Pontuacoes_Atletas (id_pontuacao, id_partida, id_atleta_equipe, tipo_pontuacao, pontos, minuto, observacoes) VALUES (284, 88, 64, 'ponto', 33, 15, 'pontuacao registrada na partida');
INSERT INTO Pontuacoes_Atletas (id_pontuacao, id_partida, id_atleta_equipe, tipo_pontuacao, pontos, minuto, observacoes) VALUES (285, 89, 65, 'ponto', 40, 16, 'pontuacao registrada na partida');
INSERT INTO Pontuacoes_Atletas (id_pontuacao, id_partida, id_atleta_equipe, tipo_pontuacao, pontos, minuto, observacoes) VALUES (286, 89, 66, 'ponto', 39, 16, 'pontuacao registrada na partida');
INSERT INTO Pontuacoes_Atletas (id_pontuacao, id_partida, id_atleta_equipe, tipo_pontuacao, pontos, minuto, observacoes) VALUES (287, 90, 65, 'ponto', 40, 17, 'pontuacao registrada na partida');
INSERT INTO Pontuacoes_Atletas (id_pontuacao, id_partida, id_atleta_equipe, tipo_pontuacao, pontos, minuto, observacoes) VALUES (288, 90, 67, 'ponto', 40, 17, 'pontuacao registrada na partida');
INSERT INTO Pontuacoes_Atletas (id_pontuacao, id_partida, id_atleta_equipe, tipo_pontuacao, pontos, minuto, observacoes) VALUES (289, 91, 65, 'ponto', 40, 18, 'pontuacao registrada na partida');
INSERT INTO Pontuacoes_Atletas (id_pontuacao, id_partida, id_atleta_equipe, tipo_pontuacao, pontos, minuto, observacoes) VALUES (290, 91, 68, 'ponto', 31, 18, 'pontuacao registrada na partida');
INSERT INTO Pontuacoes_Atletas (id_pontuacao, id_partida, id_atleta_equipe, tipo_pontuacao, pontos, minuto, observacoes) VALUES (291, 92, 66, 'ponto', 43, 19, 'pontuacao registrada na partida');
INSERT INTO Pontuacoes_Atletas (id_pontuacao, id_partida, id_atleta_equipe, tipo_pontuacao, pontos, minuto, observacoes) VALUES (292, 92, 67, 'ponto', 31, 19, 'pontuacao registrada na partida');
INSERT INTO Pontuacoes_Atletas (id_pontuacao, id_partida, id_atleta_equipe, tipo_pontuacao, pontos, minuto, observacoes) VALUES (293, 93, 66, 'ponto', 43, 20, 'pontuacao registrada na partida');
INSERT INTO Pontuacoes_Atletas (id_pontuacao, id_partida, id_atleta_equipe, tipo_pontuacao, pontos, minuto, observacoes) VALUES (294, 93, 68, 'ponto', 32, 20, 'pontuacao registrada na partida');
INSERT INTO Pontuacoes_Atletas (id_pontuacao, id_partida, id_atleta_equipe, tipo_pontuacao, pontos, minuto, observacoes) VALUES (295, 94, 67, 'ponto', 40, 21, 'pontuacao registrada na partida');
INSERT INTO Pontuacoes_Atletas (id_pontuacao, id_partida, id_atleta_equipe, tipo_pontuacao, pontos, minuto, observacoes) VALUES (296, 94, 68, 'ponto', 33, 21, 'pontuacao registrada na partida');
INSERT INTO Pontuacoes_Atletas (id_pontuacao, id_partida, id_atleta_equipe, tipo_pontuacao, pontos, minuto, observacoes) VALUES (297, 95, 69, 'ponto', 40, 22, 'pontuacao registrada na partida');
INSERT INTO Pontuacoes_Atletas (id_pontuacao, id_partida, id_atleta_equipe, tipo_pontuacao, pontos, minuto, observacoes) VALUES (298, 95, 70, 'ponto', 39, 22, 'pontuacao registrada na partida');
INSERT INTO Pontuacoes_Atletas (id_pontuacao, id_partida, id_atleta_equipe, tipo_pontuacao, pontos, minuto, observacoes) VALUES (299, 96, 69, 'ponto', 40, 23, 'pontuacao registrada na partida');
INSERT INTO Pontuacoes_Atletas (id_pontuacao, id_partida, id_atleta_equipe, tipo_pontuacao, pontos, minuto, observacoes) VALUES (300, 96, 71, 'ponto', 40, 23, 'pontuacao registrada na partida');
INSERT INTO Pontuacoes_Atletas (id_pontuacao, id_partida, id_atleta_equipe, tipo_pontuacao, pontos, minuto, observacoes) VALUES (301, 97, 69, 'ponto', 40, 24, 'pontuacao registrada na partida');
INSERT INTO Pontuacoes_Atletas (id_pontuacao, id_partida, id_atleta_equipe, tipo_pontuacao, pontos, minuto, observacoes) VALUES (302, 97, 72, 'ponto', 31, 24, 'pontuacao registrada na partida');
INSERT INTO Pontuacoes_Atletas (id_pontuacao, id_partida, id_atleta_equipe, tipo_pontuacao, pontos, minuto, observacoes) VALUES (303, 98, 70, 'ponto', 43, 25, 'pontuacao registrada na partida');
INSERT INTO Pontuacoes_Atletas (id_pontuacao, id_partida, id_atleta_equipe, tipo_pontuacao, pontos, minuto, observacoes) VALUES (304, 98, 71, 'ponto', 31, 25, 'pontuacao registrada na partida');
INSERT INTO Pontuacoes_Atletas (id_pontuacao, id_partida, id_atleta_equipe, tipo_pontuacao, pontos, minuto, observacoes) VALUES (305, 99, 70, 'ponto', 43, 26, 'pontuacao registrada na partida');
INSERT INTO Pontuacoes_Atletas (id_pontuacao, id_partida, id_atleta_equipe, tipo_pontuacao, pontos, minuto, observacoes) VALUES (306, 99, 72, 'ponto', 32, 26, 'pontuacao registrada na partida');
INSERT INTO Pontuacoes_Atletas (id_pontuacao, id_partida, id_atleta_equipe, tipo_pontuacao, pontos, minuto, observacoes) VALUES (307, 100, 71, 'ponto', 40, 27, 'pontuacao registrada na partida');
INSERT INTO Pontuacoes_Atletas (id_pontuacao, id_partida, id_atleta_equipe, tipo_pontuacao, pontos, minuto, observacoes) VALUES (308, 100, 72, 'ponto', 33, 27, 'pontuacao registrada na partida');
INSERT INTO Pontuacoes_Atletas (id_pontuacao, id_partida, id_atleta_equipe, tipo_pontuacao, pontos, minuto, observacoes) VALUES (309, 101, 73, 'ponto', 40, 28, 'pontuacao registrada na partida');
INSERT INTO Pontuacoes_Atletas (id_pontuacao, id_partida, id_atleta_equipe, tipo_pontuacao, pontos, minuto, observacoes) VALUES (310, 101, 74, 'ponto', 39, 28, 'pontuacao registrada na partida');
INSERT INTO Pontuacoes_Atletas (id_pontuacao, id_partida, id_atleta_equipe, tipo_pontuacao, pontos, minuto, observacoes) VALUES (311, 102, 73, 'ponto', 40, 29, 'pontuacao registrada na partida');
INSERT INTO Pontuacoes_Atletas (id_pontuacao, id_partida, id_atleta_equipe, tipo_pontuacao, pontos, minuto, observacoes) VALUES (312, 102, 75, 'ponto', 40, 29, 'pontuacao registrada na partida');
INSERT INTO Pontuacoes_Atletas (id_pontuacao, id_partida, id_atleta_equipe, tipo_pontuacao, pontos, minuto, observacoes) VALUES (313, 103, 73, 'ponto', 40, 30, 'pontuacao registrada na partida');
INSERT INTO Pontuacoes_Atletas (id_pontuacao, id_partida, id_atleta_equipe, tipo_pontuacao, pontos, minuto, observacoes) VALUES (314, 103, 76, 'ponto', 31, 30, 'pontuacao registrada na partida');
INSERT INTO Pontuacoes_Atletas (id_pontuacao, id_partida, id_atleta_equipe, tipo_pontuacao, pontos, minuto, observacoes) VALUES (315, 104, 74, 'ponto', 43, 31, 'pontuacao registrada na partida');
INSERT INTO Pontuacoes_Atletas (id_pontuacao, id_partida, id_atleta_equipe, tipo_pontuacao, pontos, minuto, observacoes) VALUES (316, 104, 75, 'ponto', 31, 31, 'pontuacao registrada na partida');
INSERT INTO Pontuacoes_Atletas (id_pontuacao, id_partida, id_atleta_equipe, tipo_pontuacao, pontos, minuto, observacoes) VALUES (317, 105, 74, 'ponto', 43, 32, 'pontuacao registrada na partida');
INSERT INTO Pontuacoes_Atletas (id_pontuacao, id_partida, id_atleta_equipe, tipo_pontuacao, pontos, minuto, observacoes) VALUES (318, 105, 76, 'ponto', 32, 32, 'pontuacao registrada na partida');
INSERT INTO Pontuacoes_Atletas (id_pontuacao, id_partida, id_atleta_equipe, tipo_pontuacao, pontos, minuto, observacoes) VALUES (319, 106, 75, 'ponto', 40, 33, 'pontuacao registrada na partida');
INSERT INTO Pontuacoes_Atletas (id_pontuacao, id_partida, id_atleta_equipe, tipo_pontuacao, pontos, minuto, observacoes) VALUES (320, 106, 76, 'ponto', 33, 33, 'pontuacao registrada na partida');
INSERT INTO Pontuacoes_Atletas (id_pontuacao, id_partida, id_atleta_equipe, tipo_pontuacao, pontos, minuto, observacoes) VALUES (321, 107, 77, 'ponto', 40, 34, 'pontuacao registrada na partida');
INSERT INTO Pontuacoes_Atletas (id_pontuacao, id_partida, id_atleta_equipe, tipo_pontuacao, pontos, minuto, observacoes) VALUES (322, 107, 78, 'ponto', 39, 34, 'pontuacao registrada na partida');
INSERT INTO Pontuacoes_Atletas (id_pontuacao, id_partida, id_atleta_equipe, tipo_pontuacao, pontos, minuto, observacoes) VALUES (323, 108, 77, 'ponto', 40, 35, 'pontuacao registrada na partida');
INSERT INTO Pontuacoes_Atletas (id_pontuacao, id_partida, id_atleta_equipe, tipo_pontuacao, pontos, minuto, observacoes) VALUES (324, 108, 79, 'ponto', 40, 35, 'pontuacao registrada na partida');
INSERT INTO Pontuacoes_Atletas (id_pontuacao, id_partida, id_atleta_equipe, tipo_pontuacao, pontos, minuto, observacoes) VALUES (325, 109, 77, 'ponto', 40, 36, 'pontuacao registrada na partida');
INSERT INTO Pontuacoes_Atletas (id_pontuacao, id_partida, id_atleta_equipe, tipo_pontuacao, pontos, minuto, observacoes) VALUES (326, 109, 80, 'ponto', 31, 36, 'pontuacao registrada na partida');
INSERT INTO Pontuacoes_Atletas (id_pontuacao, id_partida, id_atleta_equipe, tipo_pontuacao, pontos, minuto, observacoes) VALUES (327, 110, 78, 'ponto', 43, 37, 'pontuacao registrada na partida');
INSERT INTO Pontuacoes_Atletas (id_pontuacao, id_partida, id_atleta_equipe, tipo_pontuacao, pontos, minuto, observacoes) VALUES (328, 110, 79, 'ponto', 31, 37, 'pontuacao registrada na partida');
INSERT INTO Pontuacoes_Atletas (id_pontuacao, id_partida, id_atleta_equipe, tipo_pontuacao, pontos, minuto, observacoes) VALUES (329, 111, 78, 'ponto', 43, 38, 'pontuacao registrada na partida');
INSERT INTO Pontuacoes_Atletas (id_pontuacao, id_partida, id_atleta_equipe, tipo_pontuacao, pontos, minuto, observacoes) VALUES (330, 111, 80, 'ponto', 32, 38, 'pontuacao registrada na partida');
INSERT INTO Pontuacoes_Atletas (id_pontuacao, id_partida, id_atleta_equipe, tipo_pontuacao, pontos, minuto, observacoes) VALUES (331, 112, 79, 'ponto', 40, 39, 'pontuacao registrada na partida');
INSERT INTO Pontuacoes_Atletas (id_pontuacao, id_partida, id_atleta_equipe, tipo_pontuacao, pontos, minuto, observacoes) VALUES (332, 112, 80, 'ponto', 33, 39, 'pontuacao registrada na partida');
INSERT INTO Pontuacoes_Atletas (id_pontuacao, id_partida, id_atleta_equipe, tipo_pontuacao, pontos, minuto, observacoes) VALUES (333, 113, 81, 'ponto', 7, 0, 'pontuacao registrada na partida');
INSERT INTO Pontuacoes_Atletas (id_pontuacao, id_partida, id_atleta_equipe, tipo_pontuacao, pontos, minuto, observacoes) VALUES (334, 113, 82, 'ponto', 9, 0, 'pontuacao registrada na partida');
INSERT INTO Pontuacoes_Atletas (id_pontuacao, id_partida, id_atleta_equipe, tipo_pontuacao, pontos, minuto, observacoes) VALUES (335, 114, 81, 'ponto', 11, 1, 'pontuacao registrada na partida');
INSERT INTO Pontuacoes_Atletas (id_pontuacao, id_partida, id_atleta_equipe, tipo_pontuacao, pontos, minuto, observacoes) VALUES (336, 114, 83, 'ponto', 11, 1, 'pontuacao registrada na partida');
INSERT INTO Pontuacoes_Atletas (id_pontuacao, id_partida, id_atleta_equipe, tipo_pontuacao, pontos, minuto, observacoes) VALUES (337, 115, 81, 'ponto', 11, 2, 'pontuacao registrada na partida');
INSERT INTO Pontuacoes_Atletas (id_pontuacao, id_partida, id_atleta_equipe, tipo_pontuacao, pontos, minuto, observacoes) VALUES (338, 115, 84, 'ponto', 13, 2, 'pontuacao registrada na partida');
INSERT INTO Pontuacoes_Atletas (id_pontuacao, id_partida, id_atleta_equipe, tipo_pontuacao, pontos, minuto, observacoes) VALUES (339, 116, 82, 'ponto', 14, 3, 'pontuacao registrada na partida');
INSERT INTO Pontuacoes_Atletas (id_pontuacao, id_partida, id_atleta_equipe, tipo_pontuacao, pontos, minuto, observacoes) VALUES (340, 116, 83, 'ponto', 12, 3, 'pontuacao registrada na partida');
INSERT INTO Pontuacoes_Atletas (id_pontuacao, id_partida, id_atleta_equipe, tipo_pontuacao, pontos, minuto, observacoes) VALUES (341, 117, 82, 'ponto', 11, 4, 'pontuacao registrada na partida');
INSERT INTO Pontuacoes_Atletas (id_pontuacao, id_partida, id_atleta_equipe, tipo_pontuacao, pontos, minuto, observacoes) VALUES (342, 117, 84, 'ponto', 4, 4, 'pontuacao registrada na partida');
INSERT INTO Pontuacoes_Atletas (id_pontuacao, id_partida, id_atleta_equipe, tipo_pontuacao, pontos, minuto, observacoes) VALUES (343, 118, 83, 'ponto', 13, 5, 'pontuacao registrada na partida');
INSERT INTO Pontuacoes_Atletas (id_pontuacao, id_partida, id_atleta_equipe, tipo_pontuacao, pontos, minuto, observacoes) VALUES (344, 118, 84, 'ponto', 5, 5, 'pontuacao registrada na partida');
INSERT INTO Pontuacoes_Atletas (id_pontuacao, id_partida, id_atleta_equipe, tipo_pontuacao, pontos, minuto, observacoes) VALUES (345, 119, 85, 'ponto', 7, 6, 'pontuacao registrada na partida');
INSERT INTO Pontuacoes_Atletas (id_pontuacao, id_partida, id_atleta_equipe, tipo_pontuacao, pontos, minuto, observacoes) VALUES (346, 119, 86, 'ponto', 9, 6, 'pontuacao registrada na partida');
INSERT INTO Pontuacoes_Atletas (id_pontuacao, id_partida, id_atleta_equipe, tipo_pontuacao, pontos, minuto, observacoes) VALUES (347, 120, 85, 'ponto', 11, 7, 'pontuacao registrada na partida');
INSERT INTO Pontuacoes_Atletas (id_pontuacao, id_partida, id_atleta_equipe, tipo_pontuacao, pontos, minuto, observacoes) VALUES (348, 120, 87, 'ponto', 11, 7, 'pontuacao registrada na partida');
INSERT INTO Pontuacoes_Atletas (id_pontuacao, id_partida, id_atleta_equipe, tipo_pontuacao, pontos, minuto, observacoes) VALUES (349, 121, 85, 'ponto', 11, 8, 'pontuacao registrada na partida');
INSERT INTO Pontuacoes_Atletas (id_pontuacao, id_partida, id_atleta_equipe, tipo_pontuacao, pontos, minuto, observacoes) VALUES (350, 121, 88, 'ponto', 13, 8, 'pontuacao registrada na partida');
INSERT INTO Pontuacoes_Atletas (id_pontuacao, id_partida, id_atleta_equipe, tipo_pontuacao, pontos, minuto, observacoes) VALUES (351, 122, 86, 'ponto', 14, 9, 'pontuacao registrada na partida');
INSERT INTO Pontuacoes_Atletas (id_pontuacao, id_partida, id_atleta_equipe, tipo_pontuacao, pontos, minuto, observacoes) VALUES (352, 122, 87, 'ponto', 12, 9, 'pontuacao registrada na partida');
INSERT INTO Pontuacoes_Atletas (id_pontuacao, id_partida, id_atleta_equipe, tipo_pontuacao, pontos, minuto, observacoes) VALUES (353, 123, 86, 'ponto', 11, 10, 'pontuacao registrada na partida');
INSERT INTO Pontuacoes_Atletas (id_pontuacao, id_partida, id_atleta_equipe, tipo_pontuacao, pontos, minuto, observacoes) VALUES (354, 123, 88, 'ponto', 4, 10, 'pontuacao registrada na partida');
INSERT INTO Pontuacoes_Atletas (id_pontuacao, id_partida, id_atleta_equipe, tipo_pontuacao, pontos, minuto, observacoes) VALUES (355, 124, 87, 'ponto', 13, 11, 'pontuacao registrada na partida');
INSERT INTO Pontuacoes_Atletas (id_pontuacao, id_partida, id_atleta_equipe, tipo_pontuacao, pontos, minuto, observacoes) VALUES (356, 124, 88, 'ponto', 5, 11, 'pontuacao registrada na partida');
INSERT INTO Pontuacoes_Atletas (id_pontuacao, id_partida, id_atleta_equipe, tipo_pontuacao, pontos, minuto, observacoes) VALUES (357, 125, 89, 'gol', 1, 62, 'gol registrado na partida');
INSERT INTO Pontuacoes_Atletas (id_pontuacao, id_partida, id_atleta_equipe, tipo_pontuacao, pontos, minuto, observacoes) VALUES (358, 125, 89, 'gol', 1, 73, 'gol registrado na partida');
INSERT INTO Pontuacoes_Atletas (id_pontuacao, id_partida, id_atleta_equipe, tipo_pontuacao, pontos, minuto, observacoes) VALUES (359, 125, 89, 'gol', 1, 84, 'gol registrado na partida');
INSERT INTO Pontuacoes_Atletas (id_pontuacao, id_partida, id_atleta_equipe, tipo_pontuacao, pontos, minuto, observacoes) VALUES (360, 125, 90, 'gol', 1, 62, 'gol registrado na partida');
INSERT INTO Pontuacoes_Atletas (id_pontuacao, id_partida, id_atleta_equipe, tipo_pontuacao, pontos, minuto, observacoes) VALUES (361, 125, 90, 'gol', 1, 73, 'gol registrado na partida');
INSERT INTO Pontuacoes_Atletas (id_pontuacao, id_partida, id_atleta_equipe, tipo_pontuacao, pontos, minuto, observacoes) VALUES (362, 126, 89, 'gol', 1, 63, 'gol registrado na partida');
INSERT INTO Pontuacoes_Atletas (id_pontuacao, id_partida, id_atleta_equipe, tipo_pontuacao, pontos, minuto, observacoes) VALUES (363, 126, 89, 'gol', 1, 74, 'gol registrado na partida');
INSERT INTO Pontuacoes_Atletas (id_pontuacao, id_partida, id_atleta_equipe, tipo_pontuacao, pontos, minuto, observacoes) VALUES (364, 126, 89, 'gol', 1, 85, 'gol registrado na partida');
INSERT INTO Pontuacoes_Atletas (id_pontuacao, id_partida, id_atleta_equipe, tipo_pontuacao, pontos, minuto, observacoes) VALUES (365, 126, 89, 'gol', 1, 14, 'gol registrado na partida');
INSERT INTO Pontuacoes_Atletas (id_pontuacao, id_partida, id_atleta_equipe, tipo_pontuacao, pontos, minuto, observacoes) VALUES (366, 126, 89, 'gol', 1, 25, 'gol registrado na partida');
INSERT INTO Pontuacoes_Atletas (id_pontuacao, id_partida, id_atleta_equipe, tipo_pontuacao, pontos, minuto, observacoes) VALUES (367, 126, 91, 'gol', 1, 63, 'gol registrado na partida');
INSERT INTO Pontuacoes_Atletas (id_pontuacao, id_partida, id_atleta_equipe, tipo_pontuacao, pontos, minuto, observacoes) VALUES (368, 127, 89, 'gol', 1, 64, 'gol registrado na partida');
INSERT INTO Pontuacoes_Atletas (id_pontuacao, id_partida, id_atleta_equipe, tipo_pontuacao, pontos, minuto, observacoes) VALUES (369, 127, 89, 'gol', 1, 75, 'gol registrado na partida');
INSERT INTO Pontuacoes_Atletas (id_pontuacao, id_partida, id_atleta_equipe, tipo_pontuacao, pontos, minuto, observacoes) VALUES (370, 127, 89, 'gol', 1, 86, 'gol registrado na partida');
INSERT INTO Pontuacoes_Atletas (id_pontuacao, id_partida, id_atleta_equipe, tipo_pontuacao, pontos, minuto, observacoes) VALUES (371, 128, 90, 'gol', 1, 65, 'gol registrado na partida');
INSERT INTO Pontuacoes_Atletas (id_pontuacao, id_partida, id_atleta_equipe, tipo_pontuacao, pontos, minuto, observacoes) VALUES (372, 128, 90, 'gol', 1, 76, 'gol registrado na partida');
INSERT INTO Pontuacoes_Atletas (id_pontuacao, id_partida, id_atleta_equipe, tipo_pontuacao, pontos, minuto, observacoes) VALUES (373, 128, 90, 'gol', 1, 87, 'gol registrado na partida');
INSERT INTO Pontuacoes_Atletas (id_pontuacao, id_partida, id_atleta_equipe, tipo_pontuacao, pontos, minuto, observacoes) VALUES (374, 128, 90, 'gol', 1, 16, 'gol registrado na partida');
INSERT INTO Pontuacoes_Atletas (id_pontuacao, id_partida, id_atleta_equipe, tipo_pontuacao, pontos, minuto, observacoes) VALUES (375, 129, 90, 'gol', 1, 66, 'gol registrado na partida');
INSERT INTO Pontuacoes_Atletas (id_pontuacao, id_partida, id_atleta_equipe, tipo_pontuacao, pontos, minuto, observacoes) VALUES (376, 129, 90, 'gol', 1, 77, 'gol registrado na partida');
INSERT INTO Pontuacoes_Atletas (id_pontuacao, id_partida, id_atleta_equipe, tipo_pontuacao, pontos, minuto, observacoes) VALUES (377, 129, 90, 'gol', 1, 88, 'gol registrado na partida');
INSERT INTO Pontuacoes_Atletas (id_pontuacao, id_partida, id_atleta_equipe, tipo_pontuacao, pontos, minuto, observacoes) VALUES (378, 129, 92, 'gol', 1, 66, 'gol registrado na partida');
INSERT INTO Pontuacoes_Atletas (id_pontuacao, id_partida, id_atleta_equipe, tipo_pontuacao, pontos, minuto, observacoes) VALUES (379, 129, 92, 'gol', 1, 77, 'gol registrado na partida');
INSERT INTO Pontuacoes_Atletas (id_pontuacao, id_partida, id_atleta_equipe, tipo_pontuacao, pontos, minuto, observacoes) VALUES (380, 130, 91, 'gol', 1, 67, 'gol registrado na partida');
INSERT INTO Pontuacoes_Atletas (id_pontuacao, id_partida, id_atleta_equipe, tipo_pontuacao, pontos, minuto, observacoes) VALUES (381, 130, 91, 'gol', 1, 78, 'gol registrado na partida');
INSERT INTO Pontuacoes_Atletas (id_pontuacao, id_partida, id_atleta_equipe, tipo_pontuacao, pontos, minuto, observacoes) VALUES (382, 130, 91, 'gol', 1, 89, 'gol registrado na partida');
INSERT INTO Pontuacoes_Atletas (id_pontuacao, id_partida, id_atleta_equipe, tipo_pontuacao, pontos, minuto, observacoes) VALUES (383, 130, 91, 'gol', 1, 18, 'gol registrado na partida');
INSERT INTO Pontuacoes_Atletas (id_pontuacao, id_partida, id_atleta_equipe, tipo_pontuacao, pontos, minuto, observacoes) VALUES (384, 130, 91, 'gol', 1, 29, 'gol registrado na partida');
INSERT INTO Pontuacoes_Atletas (id_pontuacao, id_partida, id_atleta_equipe, tipo_pontuacao, pontos, minuto, observacoes) VALUES (385, 131, 93, 'gol', 1, 68, 'gol registrado na partida');
INSERT INTO Pontuacoes_Atletas (id_pontuacao, id_partida, id_atleta_equipe, tipo_pontuacao, pontos, minuto, observacoes) VALUES (386, 131, 93, 'gol', 1, 79, 'gol registrado na partida');
INSERT INTO Pontuacoes_Atletas (id_pontuacao, id_partida, id_atleta_equipe, tipo_pontuacao, pontos, minuto, observacoes) VALUES (387, 131, 93, 'gol', 1, 8, 'gol registrado na partida');
INSERT INTO Pontuacoes_Atletas (id_pontuacao, id_partida, id_atleta_equipe, tipo_pontuacao, pontos, minuto, observacoes) VALUES (388, 131, 94, 'gol', 1, 68, 'gol registrado na partida');
INSERT INTO Pontuacoes_Atletas (id_pontuacao, id_partida, id_atleta_equipe, tipo_pontuacao, pontos, minuto, observacoes) VALUES (389, 131, 94, 'gol', 1, 79, 'gol registrado na partida');
INSERT INTO Pontuacoes_Atletas (id_pontuacao, id_partida, id_atleta_equipe, tipo_pontuacao, pontos, minuto, observacoes) VALUES (390, 132, 93, 'gol', 1, 69, 'gol registrado na partida');
INSERT INTO Pontuacoes_Atletas (id_pontuacao, id_partida, id_atleta_equipe, tipo_pontuacao, pontos, minuto, observacoes) VALUES (391, 132, 93, 'gol', 1, 80, 'gol registrado na partida');
INSERT INTO Pontuacoes_Atletas (id_pontuacao, id_partida, id_atleta_equipe, tipo_pontuacao, pontos, minuto, observacoes) VALUES (392, 132, 93, 'gol', 1, 9, 'gol registrado na partida');
INSERT INTO Pontuacoes_Atletas (id_pontuacao, id_partida, id_atleta_equipe, tipo_pontuacao, pontos, minuto, observacoes) VALUES (393, 132, 93, 'gol', 1, 20, 'gol registrado na partida');
INSERT INTO Pontuacoes_Atletas (id_pontuacao, id_partida, id_atleta_equipe, tipo_pontuacao, pontos, minuto, observacoes) VALUES (394, 132, 93, 'gol', 1, 31, 'gol registrado na partida');
INSERT INTO Pontuacoes_Atletas (id_pontuacao, id_partida, id_atleta_equipe, tipo_pontuacao, pontos, minuto, observacoes) VALUES (395, 132, 95, 'gol', 1, 69, 'gol registrado na partida');
INSERT INTO Pontuacoes_Atletas (id_pontuacao, id_partida, id_atleta_equipe, tipo_pontuacao, pontos, minuto, observacoes) VALUES (396, 133, 93, 'gol', 1, 70, 'gol registrado na partida');
INSERT INTO Pontuacoes_Atletas (id_pontuacao, id_partida, id_atleta_equipe, tipo_pontuacao, pontos, minuto, observacoes) VALUES (397, 133, 93, 'gol', 1, 81, 'gol registrado na partida');
INSERT INTO Pontuacoes_Atletas (id_pontuacao, id_partida, id_atleta_equipe, tipo_pontuacao, pontos, minuto, observacoes) VALUES (398, 133, 93, 'gol', 1, 10, 'gol registrado na partida');
INSERT INTO Pontuacoes_Atletas (id_pontuacao, id_partida, id_atleta_equipe, tipo_pontuacao, pontos, minuto, observacoes) VALUES (399, 134, 94, 'gol', 1, 71, 'gol registrado na partida');
INSERT INTO Pontuacoes_Atletas (id_pontuacao, id_partida, id_atleta_equipe, tipo_pontuacao, pontos, minuto, observacoes) VALUES (400, 134, 94, 'gol', 1, 82, 'gol registrado na partida');
INSERT INTO Pontuacoes_Atletas (id_pontuacao, id_partida, id_atleta_equipe, tipo_pontuacao, pontos, minuto, observacoes) VALUES (401, 134, 94, 'gol', 1, 11, 'gol registrado na partida');
INSERT INTO Pontuacoes_Atletas (id_pontuacao, id_partida, id_atleta_equipe, tipo_pontuacao, pontos, minuto, observacoes) VALUES (402, 134, 94, 'gol', 1, 22, 'gol registrado na partida');
INSERT INTO Pontuacoes_Atletas (id_pontuacao, id_partida, id_atleta_equipe, tipo_pontuacao, pontos, minuto, observacoes) VALUES (403, 135, 94, 'gol', 1, 72, 'gol registrado na partida');
INSERT INTO Pontuacoes_Atletas (id_pontuacao, id_partida, id_atleta_equipe, tipo_pontuacao, pontos, minuto, observacoes) VALUES (404, 135, 94, 'gol', 1, 83, 'gol registrado na partida');
INSERT INTO Pontuacoes_Atletas (id_pontuacao, id_partida, id_atleta_equipe, tipo_pontuacao, pontos, minuto, observacoes) VALUES (405, 135, 94, 'gol', 1, 12, 'gol registrado na partida');
INSERT INTO Pontuacoes_Atletas (id_pontuacao, id_partida, id_atleta_equipe, tipo_pontuacao, pontos, minuto, observacoes) VALUES (406, 135, 96, 'gol', 1, 72, 'gol registrado na partida');
INSERT INTO Pontuacoes_Atletas (id_pontuacao, id_partida, id_atleta_equipe, tipo_pontuacao, pontos, minuto, observacoes) VALUES (407, 135, 96, 'gol', 1, 83, 'gol registrado na partida');
INSERT INTO Pontuacoes_Atletas (id_pontuacao, id_partida, id_atleta_equipe, tipo_pontuacao, pontos, minuto, observacoes) VALUES (408, 136, 95, 'gol', 1, 73, 'gol registrado na partida');
INSERT INTO Pontuacoes_Atletas (id_pontuacao, id_partida, id_atleta_equipe, tipo_pontuacao, pontos, minuto, observacoes) VALUES (409, 136, 95, 'gol', 1, 84, 'gol registrado na partida');
INSERT INTO Pontuacoes_Atletas (id_pontuacao, id_partida, id_atleta_equipe, tipo_pontuacao, pontos, minuto, observacoes) VALUES (410, 136, 95, 'gol', 1, 13, 'gol registrado na partida');
INSERT INTO Pontuacoes_Atletas (id_pontuacao, id_partida, id_atleta_equipe, tipo_pontuacao, pontos, minuto, observacoes) VALUES (411, 136, 95, 'gol', 1, 24, 'gol registrado na partida');
INSERT INTO Pontuacoes_Atletas (id_pontuacao, id_partida, id_atleta_equipe, tipo_pontuacao, pontos, minuto, observacoes) VALUES (412, 136, 95, 'gol', 1, 35, 'gol registrado na partida');

-- Arbitro
INSERT INTO Arbitro (id_arbitro, nome, documento, federacao, federado, nivel, ativo) VALUES (1, 'Carlos Araujo', 'ARB001', 'Federacao Paulista', TRUE, 'nacional', TRUE);
INSERT INTO Arbitro (id_arbitro, nome, documento, federacao, federado, nivel, ativo) VALUES (2, 'Marcio Oliveira', 'ARB002', 'Federacao Paulista', TRUE, 'estadual', TRUE);
INSERT INTO Arbitro (id_arbitro, nome, documento, federacao, federado, nivel, ativo) VALUES (3, 'Ricardo Santos', 'ARB003', 'Confederacao Brasileira', TRUE, 'nacional', TRUE);
INSERT INTO Arbitro (id_arbitro, nome, documento, federacao, federado, nivel, ativo) VALUES (4, 'Paulo Lima', 'ARB004', 'Federacao Carioca', TRUE, 'estadual', TRUE);
INSERT INTO Arbitro (id_arbitro, nome, documento, federacao, federado, nivel, ativo) VALUES (5, 'Jose Carvalho', 'ARB005', 'Federacao Mineira', TRUE, 'estadual', TRUE);
INSERT INTO Arbitro (id_arbitro, nome, documento, federacao, federado, nivel, ativo) VALUES (6, 'Roberto Martins', 'ARB006', 'Confederacao Brasileira', TRUE, 'internacional', TRUE);
INSERT INTO Arbitro (id_arbitro, nome, documento, federacao, federado, nivel, ativo) VALUES (7, 'Sergio Almeida', 'ARB007', 'Federacao Gaucha', TRUE, 'estadual', TRUE);
INSERT INTO Arbitro (id_arbitro, nome, documento, federacao, federado, nivel, ativo) VALUES (8, 'Antonio Ribeiro', 'ARB008', 'Federacao Paranaense', TRUE, 'estadual', TRUE);
INSERT INTO Arbitro (id_arbitro, nome, documento, federacao, federado, nivel, ativo) VALUES (9, 'Patricia Souza', 'ARB009', 'Confederacao Brasileira', TRUE, 'nacional', TRUE);
INSERT INTO Arbitro (id_arbitro, nome, documento, federacao, federado, nivel, ativo) VALUES (10, 'Fernanda Gomes', 'ARB010', 'Federacao Paulista', TRUE, 'estadual', TRUE);
INSERT INTO Arbitro (id_arbitro, nome, documento, federacao, federado, nivel, ativo) VALUES (11, 'Juliana Rocha', '', '', FALSE, 'comunitario', TRUE);
INSERT INTO Arbitro (id_arbitro, nome, documento, federacao, federado, nivel, ativo) VALUES (12, 'Ana Paula Dias', '', '', FALSE, 'comunitario', TRUE);
INSERT INTO Arbitro (id_arbitro, nome, documento, federacao, federado, nivel, ativo) VALUES (13, 'Mariana Barbosa', 'ARB013', 'Federacao Paulista', TRUE, 'nacional', TRUE);
INSERT INTO Arbitro (id_arbitro, nome, documento, federacao, federado, nivel, ativo) VALUES (14, 'Camila Nascimento', 'ARB014', 'Federacao Carioca', TRUE, 'estadual', TRUE);
INSERT INTO Arbitro (id_arbitro, nome, documento, federacao, federado, nivel, ativo) VALUES (15, 'Renata Fernandes', '', '', FALSE, 'comunitario', TRUE);
INSERT INTO Arbitro (id_arbitro, nome, documento, federacao, federado, nivel, ativo) VALUES (16, 'Bianca Melo', 'ARB016', 'Federacao Mineira', TRUE, 'estadual', TRUE);
INSERT INTO Arbitro (id_arbitro, nome, documento, federacao, federado, nivel, ativo) VALUES (17, 'Leandro Castro', 'ARB017', 'Confederacao Brasileira', TRUE, 'nacional', TRUE);
INSERT INTO Arbitro (id_arbitro, nome, documento, federacao, federado, nivel, ativo) VALUES (18, 'Vitor Cardoso', '', '', FALSE, 'comunitario', TRUE);

-- Arbitro_Partida
INSERT INTO Arbitro_Partida (id_arbitro_partida, id_arbitro, id_partida, funcao, escala_confirmada, observacoes) VALUES (1, 1, 1, 'principal', TRUE, 'arbitro principal');
INSERT INTO Arbitro_Partida (id_arbitro_partida, id_arbitro, id_partida, funcao, escala_confirmada, observacoes) VALUES (2, 2, 2, 'principal', TRUE, 'arbitro principal');
INSERT INTO Arbitro_Partida (id_arbitro_partida, id_arbitro, id_partida, funcao, escala_confirmada, observacoes) VALUES (3, 3, 3, 'principal', TRUE, 'arbitro principal');
INSERT INTO Arbitro_Partida (id_arbitro_partida, id_arbitro, id_partida, funcao, escala_confirmada, observacoes) VALUES (4, 11, 3, 'auxiliar', TRUE, 'arbitro auxiliar');
INSERT INTO Arbitro_Partida (id_arbitro_partida, id_arbitro, id_partida, funcao, escala_confirmada, observacoes) VALUES (5, 4, 4, 'principal', TRUE, 'arbitro principal');
INSERT INTO Arbitro_Partida (id_arbitro_partida, id_arbitro, id_partida, funcao, escala_confirmada, observacoes) VALUES (6, 5, 5, 'principal', TRUE, 'arbitro principal');
INSERT INTO Arbitro_Partida (id_arbitro_partida, id_arbitro, id_partida, funcao, escala_confirmada, observacoes) VALUES (7, 6, 6, 'principal', TRUE, 'arbitro principal');
INSERT INTO Arbitro_Partida (id_arbitro_partida, id_arbitro, id_partida, funcao, escala_confirmada, observacoes) VALUES (8, 14, 6, 'auxiliar', TRUE, 'arbitro auxiliar');
INSERT INTO Arbitro_Partida (id_arbitro_partida, id_arbitro, id_partida, funcao, escala_confirmada, observacoes) VALUES (9, 7, 7, 'principal', TRUE, 'arbitro principal');
INSERT INTO Arbitro_Partida (id_arbitro_partida, id_arbitro, id_partida, funcao, escala_confirmada, observacoes) VALUES (10, 8, 8, 'principal', TRUE, 'arbitro principal');
INSERT INTO Arbitro_Partida (id_arbitro_partida, id_arbitro, id_partida, funcao, escala_confirmada, observacoes) VALUES (11, 1, 9, 'principal', TRUE, 'arbitro principal');
INSERT INTO Arbitro_Partida (id_arbitro_partida, id_arbitro, id_partida, funcao, escala_confirmada, observacoes) VALUES (12, 11, 9, 'auxiliar', TRUE, 'arbitro auxiliar');
INSERT INTO Arbitro_Partida (id_arbitro_partida, id_arbitro, id_partida, funcao, escala_confirmada, observacoes) VALUES (13, 2, 10, 'principal', TRUE, 'arbitro principal');
INSERT INTO Arbitro_Partida (id_arbitro_partida, id_arbitro, id_partida, funcao, escala_confirmada, observacoes) VALUES (14, 3, 11, 'principal', TRUE, 'arbitro principal');
INSERT INTO Arbitro_Partida (id_arbitro_partida, id_arbitro, id_partida, funcao, escala_confirmada, observacoes) VALUES (15, 4, 12, 'principal', TRUE, 'arbitro principal');
INSERT INTO Arbitro_Partida (id_arbitro_partida, id_arbitro, id_partida, funcao, escala_confirmada, observacoes) VALUES (16, 14, 12, 'auxiliar', TRUE, 'arbitro auxiliar');
INSERT INTO Arbitro_Partida (id_arbitro_partida, id_arbitro, id_partida, funcao, escala_confirmada, observacoes) VALUES (17, 5, 13, 'principal', TRUE, 'arbitro principal');
INSERT INTO Arbitro_Partida (id_arbitro_partida, id_arbitro, id_partida, funcao, escala_confirmada, observacoes) VALUES (18, 6, 14, 'principal', TRUE, 'arbitro principal');
INSERT INTO Arbitro_Partida (id_arbitro_partida, id_arbitro, id_partida, funcao, escala_confirmada, observacoes) VALUES (19, 7, 15, 'principal', TRUE, 'arbitro principal');
INSERT INTO Arbitro_Partida (id_arbitro_partida, id_arbitro, id_partida, funcao, escala_confirmada, observacoes) VALUES (20, 11, 15, 'auxiliar', TRUE, 'arbitro auxiliar');
INSERT INTO Arbitro_Partida (id_arbitro_partida, id_arbitro, id_partida, funcao, escala_confirmada, observacoes) VALUES (21, 8, 16, 'principal', TRUE, 'arbitro principal');
INSERT INTO Arbitro_Partida (id_arbitro_partida, id_arbitro, id_partida, funcao, escala_confirmada, observacoes) VALUES (22, 1, 17, 'principal', TRUE, 'arbitro principal');
INSERT INTO Arbitro_Partida (id_arbitro_partida, id_arbitro, id_partida, funcao, escala_confirmada, observacoes) VALUES (23, 2, 18, 'principal', TRUE, 'arbitro principal');
INSERT INTO Arbitro_Partida (id_arbitro_partida, id_arbitro, id_partida, funcao, escala_confirmada, observacoes) VALUES (24, 14, 18, 'auxiliar', TRUE, 'arbitro auxiliar');
INSERT INTO Arbitro_Partida (id_arbitro_partida, id_arbitro, id_partida, funcao, escala_confirmada, observacoes) VALUES (25, 3, 19, 'principal', TRUE, 'arbitro principal');
INSERT INTO Arbitro_Partida (id_arbitro_partida, id_arbitro, id_partida, funcao, escala_confirmada, observacoes) VALUES (26, 4, 20, 'principal', TRUE, 'arbitro principal');
INSERT INTO Arbitro_Partida (id_arbitro_partida, id_arbitro, id_partida, funcao, escala_confirmada, observacoes) VALUES (27, 5, 21, 'principal', TRUE, 'arbitro principal');
INSERT INTO Arbitro_Partida (id_arbitro_partida, id_arbitro, id_partida, funcao, escala_confirmada, observacoes) VALUES (28, 11, 21, 'auxiliar', TRUE, 'arbitro auxiliar');
INSERT INTO Arbitro_Partida (id_arbitro_partida, id_arbitro, id_partida, funcao, escala_confirmada, observacoes) VALUES (29, 6, 22, 'principal', TRUE, 'arbitro principal');
INSERT INTO Arbitro_Partida (id_arbitro_partida, id_arbitro, id_partida, funcao, escala_confirmada, observacoes) VALUES (30, 7, 23, 'principal', TRUE, 'arbitro principal');
INSERT INTO Arbitro_Partida (id_arbitro_partida, id_arbitro, id_partida, funcao, escala_confirmada, observacoes) VALUES (31, 8, 24, 'principal', TRUE, 'arbitro principal');
INSERT INTO Arbitro_Partida (id_arbitro_partida, id_arbitro, id_partida, funcao, escala_confirmada, observacoes) VALUES (32, 14, 24, 'auxiliar', TRUE, 'arbitro auxiliar');
INSERT INTO Arbitro_Partida (id_arbitro_partida, id_arbitro, id_partida, funcao, escala_confirmada, observacoes) VALUES (33, 1, 25, 'principal', TRUE, 'arbitro principal');
INSERT INTO Arbitro_Partida (id_arbitro_partida, id_arbitro, id_partida, funcao, escala_confirmada, observacoes) VALUES (34, 2, 26, 'principal', TRUE, 'arbitro principal');
INSERT INTO Arbitro_Partida (id_arbitro_partida, id_arbitro, id_partida, funcao, escala_confirmada, observacoes) VALUES (35, 3, 27, 'principal', TRUE, 'arbitro principal');
INSERT INTO Arbitro_Partida (id_arbitro_partida, id_arbitro, id_partida, funcao, escala_confirmada, observacoes) VALUES (36, 11, 27, 'auxiliar', TRUE, 'arbitro auxiliar');
INSERT INTO Arbitro_Partida (id_arbitro_partida, id_arbitro, id_partida, funcao, escala_confirmada, observacoes) VALUES (37, 4, 28, 'principal', TRUE, 'arbitro principal');
INSERT INTO Arbitro_Partida (id_arbitro_partida, id_arbitro, id_partida, funcao, escala_confirmada, observacoes) VALUES (38, 5, 29, 'principal', TRUE, 'arbitro principal');
INSERT INTO Arbitro_Partida (id_arbitro_partida, id_arbitro, id_partida, funcao, escala_confirmada, observacoes) VALUES (39, 6, 30, 'principal', TRUE, 'arbitro principal');
INSERT INTO Arbitro_Partida (id_arbitro_partida, id_arbitro, id_partida, funcao, escala_confirmada, observacoes) VALUES (40, 14, 30, 'auxiliar', TRUE, 'arbitro auxiliar');
INSERT INTO Arbitro_Partida (id_arbitro_partida, id_arbitro, id_partida, funcao, escala_confirmada, observacoes) VALUES (41, 7, 31, 'principal', TRUE, 'arbitro principal');
INSERT INTO Arbitro_Partida (id_arbitro_partida, id_arbitro, id_partida, funcao, escala_confirmada, observacoes) VALUES (42, 8, 32, 'principal', TRUE, 'arbitro principal');
INSERT INTO Arbitro_Partida (id_arbitro_partida, id_arbitro, id_partida, funcao, escala_confirmada, observacoes) VALUES (43, 1, 33, 'principal', TRUE, 'arbitro principal');
INSERT INTO Arbitro_Partida (id_arbitro_partida, id_arbitro, id_partida, funcao, escala_confirmada, observacoes) VALUES (44, 11, 33, 'auxiliar', TRUE, 'arbitro auxiliar');
INSERT INTO Arbitro_Partida (id_arbitro_partida, id_arbitro, id_partida, funcao, escala_confirmada, observacoes) VALUES (45, 2, 34, 'principal', TRUE, 'arbitro principal');
INSERT INTO Arbitro_Partida (id_arbitro_partida, id_arbitro, id_partida, funcao, escala_confirmada, observacoes) VALUES (46, 3, 35, 'principal', TRUE, 'arbitro principal');
INSERT INTO Arbitro_Partida (id_arbitro_partida, id_arbitro, id_partida, funcao, escala_confirmada, observacoes) VALUES (47, 4, 36, 'principal', TRUE, 'arbitro principal');
INSERT INTO Arbitro_Partida (id_arbitro_partida, id_arbitro, id_partida, funcao, escala_confirmada, observacoes) VALUES (48, 14, 36, 'auxiliar', TRUE, 'arbitro auxiliar');
INSERT INTO Arbitro_Partida (id_arbitro_partida, id_arbitro, id_partida, funcao, escala_confirmada, observacoes) VALUES (49, 5, 37, 'principal', TRUE, 'arbitro principal');
INSERT INTO Arbitro_Partida (id_arbitro_partida, id_arbitro, id_partida, funcao, escala_confirmada, observacoes) VALUES (50, 6, 38, 'principal', TRUE, 'arbitro principal');
INSERT INTO Arbitro_Partida (id_arbitro_partida, id_arbitro, id_partida, funcao, escala_confirmada, observacoes) VALUES (51, 7, 39, 'principal', TRUE, 'arbitro principal');
INSERT INTO Arbitro_Partida (id_arbitro_partida, id_arbitro, id_partida, funcao, escala_confirmada, observacoes) VALUES (52, 11, 39, 'auxiliar', TRUE, 'arbitro auxiliar');
INSERT INTO Arbitro_Partida (id_arbitro_partida, id_arbitro, id_partida, funcao, escala_confirmada, observacoes) VALUES (53, 8, 40, 'principal', TRUE, 'arbitro principal');
INSERT INTO Arbitro_Partida (id_arbitro_partida, id_arbitro, id_partida, funcao, escala_confirmada, observacoes) VALUES (54, 1, 41, 'principal', TRUE, 'arbitro principal');
INSERT INTO Arbitro_Partida (id_arbitro_partida, id_arbitro, id_partida, funcao, escala_confirmada, observacoes) VALUES (55, 2, 42, 'principal', TRUE, 'arbitro principal');
INSERT INTO Arbitro_Partida (id_arbitro_partida, id_arbitro, id_partida, funcao, escala_confirmada, observacoes) VALUES (56, 14, 42, 'auxiliar', TRUE, 'arbitro auxiliar');
INSERT INTO Arbitro_Partida (id_arbitro_partida, id_arbitro, id_partida, funcao, escala_confirmada, observacoes) VALUES (57, 3, 43, 'principal', TRUE, 'arbitro principal');
INSERT INTO Arbitro_Partida (id_arbitro_partida, id_arbitro, id_partida, funcao, escala_confirmada, observacoes) VALUES (58, 4, 44, 'principal', TRUE, 'arbitro principal');
INSERT INTO Arbitro_Partida (id_arbitro_partida, id_arbitro, id_partida, funcao, escala_confirmada, observacoes) VALUES (59, 5, 45, 'principal', TRUE, 'arbitro principal');
INSERT INTO Arbitro_Partida (id_arbitro_partida, id_arbitro, id_partida, funcao, escala_confirmada, observacoes) VALUES (60, 11, 45, 'auxiliar', TRUE, 'arbitro auxiliar');
INSERT INTO Arbitro_Partida (id_arbitro_partida, id_arbitro, id_partida, funcao, escala_confirmada, observacoes) VALUES (61, 6, 46, 'principal', TRUE, 'arbitro principal');
INSERT INTO Arbitro_Partida (id_arbitro_partida, id_arbitro, id_partida, funcao, escala_confirmada, observacoes) VALUES (62, 7, 47, 'principal', TRUE, 'arbitro principal');
INSERT INTO Arbitro_Partida (id_arbitro_partida, id_arbitro, id_partida, funcao, escala_confirmada, observacoes) VALUES (63, 8, 48, 'principal', TRUE, 'arbitro principal');
INSERT INTO Arbitro_Partida (id_arbitro_partida, id_arbitro, id_partida, funcao, escala_confirmada, observacoes) VALUES (64, 14, 48, 'auxiliar', TRUE, 'arbitro auxiliar');
INSERT INTO Arbitro_Partida (id_arbitro_partida, id_arbitro, id_partida, funcao, escala_confirmada, observacoes) VALUES (65, 1, 49, 'principal', TRUE, 'arbitro principal');
INSERT INTO Arbitro_Partida (id_arbitro_partida, id_arbitro, id_partida, funcao, escala_confirmada, observacoes) VALUES (66, 2, 50, 'principal', TRUE, 'arbitro principal');
INSERT INTO Arbitro_Partida (id_arbitro_partida, id_arbitro, id_partida, funcao, escala_confirmada, observacoes) VALUES (67, 3, 51, 'principal', TRUE, 'arbitro principal');
INSERT INTO Arbitro_Partida (id_arbitro_partida, id_arbitro, id_partida, funcao, escala_confirmada, observacoes) VALUES (68, 11, 51, 'auxiliar', TRUE, 'arbitro auxiliar');
INSERT INTO Arbitro_Partida (id_arbitro_partida, id_arbitro, id_partida, funcao, escala_confirmada, observacoes) VALUES (69, 4, 52, 'principal', TRUE, 'arbitro principal');
INSERT INTO Arbitro_Partida (id_arbitro_partida, id_arbitro, id_partida, funcao, escala_confirmada, observacoes) VALUES (70, 5, 53, 'principal', TRUE, 'arbitro principal');
INSERT INTO Arbitro_Partida (id_arbitro_partida, id_arbitro, id_partida, funcao, escala_confirmada, observacoes) VALUES (71, 6, 54, 'principal', TRUE, 'arbitro principal');
INSERT INTO Arbitro_Partida (id_arbitro_partida, id_arbitro, id_partida, funcao, escala_confirmada, observacoes) VALUES (72, 14, 54, 'auxiliar', TRUE, 'arbitro auxiliar');
INSERT INTO Arbitro_Partida (id_arbitro_partida, id_arbitro, id_partida, funcao, escala_confirmada, observacoes) VALUES (73, 7, 55, 'principal', TRUE, 'arbitro principal');
INSERT INTO Arbitro_Partida (id_arbitro_partida, id_arbitro, id_partida, funcao, escala_confirmada, observacoes) VALUES (74, 8, 56, 'principal', TRUE, 'arbitro principal');
INSERT INTO Arbitro_Partida (id_arbitro_partida, id_arbitro, id_partida, funcao, escala_confirmada, observacoes) VALUES (75, 1, 57, 'principal', TRUE, 'arbitro principal');
INSERT INTO Arbitro_Partida (id_arbitro_partida, id_arbitro, id_partida, funcao, escala_confirmada, observacoes) VALUES (76, 11, 57, 'auxiliar', TRUE, 'arbitro auxiliar');
INSERT INTO Arbitro_Partida (id_arbitro_partida, id_arbitro, id_partida, funcao, escala_confirmada, observacoes) VALUES (77, 2, 58, 'principal', TRUE, 'arbitro principal');
INSERT INTO Arbitro_Partida (id_arbitro_partida, id_arbitro, id_partida, funcao, escala_confirmada, observacoes) VALUES (78, 3, 59, 'principal', TRUE, 'arbitro principal');
INSERT INTO Arbitro_Partida (id_arbitro_partida, id_arbitro, id_partida, funcao, escala_confirmada, observacoes) VALUES (79, 4, 60, 'principal', TRUE, 'arbitro principal');
INSERT INTO Arbitro_Partida (id_arbitro_partida, id_arbitro, id_partida, funcao, escala_confirmada, observacoes) VALUES (80, 14, 60, 'auxiliar', TRUE, 'arbitro auxiliar');
INSERT INTO Arbitro_Partida (id_arbitro_partida, id_arbitro, id_partida, funcao, escala_confirmada, observacoes) VALUES (81, 5, 61, 'principal', TRUE, 'arbitro principal');
INSERT INTO Arbitro_Partida (id_arbitro_partida, id_arbitro, id_partida, funcao, escala_confirmada, observacoes) VALUES (82, 6, 62, 'principal', TRUE, 'arbitro principal');
INSERT INTO Arbitro_Partida (id_arbitro_partida, id_arbitro, id_partida, funcao, escala_confirmada, observacoes) VALUES (83, 7, 63, 'principal', TRUE, 'arbitro principal');
INSERT INTO Arbitro_Partida (id_arbitro_partida, id_arbitro, id_partida, funcao, escala_confirmada, observacoes) VALUES (84, 11, 63, 'auxiliar', TRUE, 'arbitro auxiliar');
INSERT INTO Arbitro_Partida (id_arbitro_partida, id_arbitro, id_partida, funcao, escala_confirmada, observacoes) VALUES (85, 8, 64, 'principal', TRUE, 'arbitro principal');
INSERT INTO Arbitro_Partida (id_arbitro_partida, id_arbitro, id_partida, funcao, escala_confirmada, observacoes) VALUES (86, 1, 65, 'principal', TRUE, 'arbitro principal');
INSERT INTO Arbitro_Partida (id_arbitro_partida, id_arbitro, id_partida, funcao, escala_confirmada, observacoes) VALUES (87, 2, 66, 'principal', TRUE, 'arbitro principal');
INSERT INTO Arbitro_Partida (id_arbitro_partida, id_arbitro, id_partida, funcao, escala_confirmada, observacoes) VALUES (88, 14, 66, 'auxiliar', TRUE, 'arbitro auxiliar');
INSERT INTO Arbitro_Partida (id_arbitro_partida, id_arbitro, id_partida, funcao, escala_confirmada, observacoes) VALUES (89, 3, 67, 'principal', TRUE, 'arbitro principal');
INSERT INTO Arbitro_Partida (id_arbitro_partida, id_arbitro, id_partida, funcao, escala_confirmada, observacoes) VALUES (90, 4, 68, 'principal', TRUE, 'arbitro principal');
INSERT INTO Arbitro_Partida (id_arbitro_partida, id_arbitro, id_partida, funcao, escala_confirmada, observacoes) VALUES (91, 5, 69, 'principal', TRUE, 'arbitro principal');
INSERT INTO Arbitro_Partida (id_arbitro_partida, id_arbitro, id_partida, funcao, escala_confirmada, observacoes) VALUES (92, 11, 69, 'auxiliar', TRUE, 'arbitro auxiliar');
INSERT INTO Arbitro_Partida (id_arbitro_partida, id_arbitro, id_partida, funcao, escala_confirmada, observacoes) VALUES (93, 6, 70, 'principal', TRUE, 'arbitro principal');
INSERT INTO Arbitro_Partida (id_arbitro_partida, id_arbitro, id_partida, funcao, escala_confirmada, observacoes) VALUES (94, 7, 71, 'principal', TRUE, 'arbitro principal');
INSERT INTO Arbitro_Partida (id_arbitro_partida, id_arbitro, id_partida, funcao, escala_confirmada, observacoes) VALUES (95, 8, 72, 'principal', TRUE, 'arbitro principal');
INSERT INTO Arbitro_Partida (id_arbitro_partida, id_arbitro, id_partida, funcao, escala_confirmada, observacoes) VALUES (96, 14, 72, 'auxiliar', TRUE, 'arbitro auxiliar');
INSERT INTO Arbitro_Partida (id_arbitro_partida, id_arbitro, id_partida, funcao, escala_confirmada, observacoes) VALUES (97, 1, 73, 'principal', TRUE, 'arbitro principal');
INSERT INTO Arbitro_Partida (id_arbitro_partida, id_arbitro, id_partida, funcao, escala_confirmada, observacoes) VALUES (98, 2, 74, 'principal', TRUE, 'arbitro principal');
INSERT INTO Arbitro_Partida (id_arbitro_partida, id_arbitro, id_partida, funcao, escala_confirmada, observacoes) VALUES (99, 3, 75, 'principal', TRUE, 'arbitro principal');
INSERT INTO Arbitro_Partida (id_arbitro_partida, id_arbitro, id_partida, funcao, escala_confirmada, observacoes) VALUES (100, 11, 75, 'auxiliar', TRUE, 'arbitro auxiliar');
INSERT INTO Arbitro_Partida (id_arbitro_partida, id_arbitro, id_partida, funcao, escala_confirmada, observacoes) VALUES (101, 4, 76, 'principal', TRUE, 'arbitro principal');
INSERT INTO Arbitro_Partida (id_arbitro_partida, id_arbitro, id_partida, funcao, escala_confirmada, observacoes) VALUES (102, 5, 77, 'principal', TRUE, 'arbitro principal');
INSERT INTO Arbitro_Partida (id_arbitro_partida, id_arbitro, id_partida, funcao, escala_confirmada, observacoes) VALUES (103, 6, 78, 'principal', TRUE, 'arbitro principal');
INSERT INTO Arbitro_Partida (id_arbitro_partida, id_arbitro, id_partida, funcao, escala_confirmada, observacoes) VALUES (104, 14, 78, 'auxiliar', TRUE, 'arbitro auxiliar');
INSERT INTO Arbitro_Partida (id_arbitro_partida, id_arbitro, id_partida, funcao, escala_confirmada, observacoes) VALUES (105, 7, 79, 'principal', TRUE, 'arbitro principal');
INSERT INTO Arbitro_Partida (id_arbitro_partida, id_arbitro, id_partida, funcao, escala_confirmada, observacoes) VALUES (106, 8, 80, 'principal', TRUE, 'arbitro principal');
INSERT INTO Arbitro_Partida (id_arbitro_partida, id_arbitro, id_partida, funcao, escala_confirmada, observacoes) VALUES (107, 1, 81, 'principal', TRUE, 'arbitro principal');
INSERT INTO Arbitro_Partida (id_arbitro_partida, id_arbitro, id_partida, funcao, escala_confirmada, observacoes) VALUES (108, 11, 81, 'auxiliar', TRUE, 'arbitro auxiliar');
INSERT INTO Arbitro_Partida (id_arbitro_partida, id_arbitro, id_partida, funcao, escala_confirmada, observacoes) VALUES (109, 2, 82, 'principal', TRUE, 'arbitro principal');
INSERT INTO Arbitro_Partida (id_arbitro_partida, id_arbitro, id_partida, funcao, escala_confirmada, observacoes) VALUES (110, 3, 83, 'principal', TRUE, 'arbitro principal');
INSERT INTO Arbitro_Partida (id_arbitro_partida, id_arbitro, id_partida, funcao, escala_confirmada, observacoes) VALUES (111, 4, 84, 'principal', TRUE, 'arbitro principal');
INSERT INTO Arbitro_Partida (id_arbitro_partida, id_arbitro, id_partida, funcao, escala_confirmada, observacoes) VALUES (112, 14, 84, 'auxiliar', TRUE, 'arbitro auxiliar');
INSERT INTO Arbitro_Partida (id_arbitro_partida, id_arbitro, id_partida, funcao, escala_confirmada, observacoes) VALUES (113, 5, 85, 'principal', TRUE, 'arbitro principal');
INSERT INTO Arbitro_Partida (id_arbitro_partida, id_arbitro, id_partida, funcao, escala_confirmada, observacoes) VALUES (114, 6, 86, 'principal', TRUE, 'arbitro principal');
INSERT INTO Arbitro_Partida (id_arbitro_partida, id_arbitro, id_partida, funcao, escala_confirmada, observacoes) VALUES (115, 7, 87, 'principal', TRUE, 'arbitro principal');
INSERT INTO Arbitro_Partida (id_arbitro_partida, id_arbitro, id_partida, funcao, escala_confirmada, observacoes) VALUES (116, 11, 87, 'auxiliar', TRUE, 'arbitro auxiliar');
INSERT INTO Arbitro_Partida (id_arbitro_partida, id_arbitro, id_partida, funcao, escala_confirmada, observacoes) VALUES (117, 8, 88, 'principal', TRUE, 'arbitro principal');
INSERT INTO Arbitro_Partida (id_arbitro_partida, id_arbitro, id_partida, funcao, escala_confirmada, observacoes) VALUES (118, 1, 89, 'principal', TRUE, 'arbitro principal');
INSERT INTO Arbitro_Partida (id_arbitro_partida, id_arbitro, id_partida, funcao, escala_confirmada, observacoes) VALUES (119, 2, 90, 'principal', TRUE, 'arbitro principal');
INSERT INTO Arbitro_Partida (id_arbitro_partida, id_arbitro, id_partida, funcao, escala_confirmada, observacoes) VALUES (120, 14, 90, 'auxiliar', TRUE, 'arbitro auxiliar');
INSERT INTO Arbitro_Partida (id_arbitro_partida, id_arbitro, id_partida, funcao, escala_confirmada, observacoes) VALUES (121, 3, 91, 'principal', TRUE, 'arbitro principal');
INSERT INTO Arbitro_Partida (id_arbitro_partida, id_arbitro, id_partida, funcao, escala_confirmada, observacoes) VALUES (122, 4, 92, 'principal', TRUE, 'arbitro principal');
INSERT INTO Arbitro_Partida (id_arbitro_partida, id_arbitro, id_partida, funcao, escala_confirmada, observacoes) VALUES (123, 5, 93, 'principal', TRUE, 'arbitro principal');
INSERT INTO Arbitro_Partida (id_arbitro_partida, id_arbitro, id_partida, funcao, escala_confirmada, observacoes) VALUES (124, 11, 93, 'auxiliar', TRUE, 'arbitro auxiliar');
INSERT INTO Arbitro_Partida (id_arbitro_partida, id_arbitro, id_partida, funcao, escala_confirmada, observacoes) VALUES (125, 6, 94, 'principal', TRUE, 'arbitro principal');
INSERT INTO Arbitro_Partida (id_arbitro_partida, id_arbitro, id_partida, funcao, escala_confirmada, observacoes) VALUES (126, 7, 95, 'principal', TRUE, 'arbitro principal');
INSERT INTO Arbitro_Partida (id_arbitro_partida, id_arbitro, id_partida, funcao, escala_confirmada, observacoes) VALUES (127, 8, 96, 'principal', TRUE, 'arbitro principal');
INSERT INTO Arbitro_Partida (id_arbitro_partida, id_arbitro, id_partida, funcao, escala_confirmada, observacoes) VALUES (128, 14, 96, 'auxiliar', TRUE, 'arbitro auxiliar');
INSERT INTO Arbitro_Partida (id_arbitro_partida, id_arbitro, id_partida, funcao, escala_confirmada, observacoes) VALUES (129, 1, 97, 'principal', TRUE, 'arbitro principal');
INSERT INTO Arbitro_Partida (id_arbitro_partida, id_arbitro, id_partida, funcao, escala_confirmada, observacoes) VALUES (130, 2, 98, 'principal', TRUE, 'arbitro principal');
INSERT INTO Arbitro_Partida (id_arbitro_partida, id_arbitro, id_partida, funcao, escala_confirmada, observacoes) VALUES (131, 3, 99, 'principal', TRUE, 'arbitro principal');
INSERT INTO Arbitro_Partida (id_arbitro_partida, id_arbitro, id_partida, funcao, escala_confirmada, observacoes) VALUES (132, 11, 99, 'auxiliar', TRUE, 'arbitro auxiliar');
INSERT INTO Arbitro_Partida (id_arbitro_partida, id_arbitro, id_partida, funcao, escala_confirmada, observacoes) VALUES (133, 4, 100, 'principal', TRUE, 'arbitro principal');
INSERT INTO Arbitro_Partida (id_arbitro_partida, id_arbitro, id_partida, funcao, escala_confirmada, observacoes) VALUES (134, 5, 101, 'principal', TRUE, 'arbitro principal');
INSERT INTO Arbitro_Partida (id_arbitro_partida, id_arbitro, id_partida, funcao, escala_confirmada, observacoes) VALUES (135, 6, 102, 'principal', TRUE, 'arbitro principal');
INSERT INTO Arbitro_Partida (id_arbitro_partida, id_arbitro, id_partida, funcao, escala_confirmada, observacoes) VALUES (136, 14, 102, 'auxiliar', TRUE, 'arbitro auxiliar');
INSERT INTO Arbitro_Partida (id_arbitro_partida, id_arbitro, id_partida, funcao, escala_confirmada, observacoes) VALUES (137, 7, 103, 'principal', TRUE, 'arbitro principal');
INSERT INTO Arbitro_Partida (id_arbitro_partida, id_arbitro, id_partida, funcao, escala_confirmada, observacoes) VALUES (138, 8, 104, 'principal', TRUE, 'arbitro principal');
INSERT INTO Arbitro_Partida (id_arbitro_partida, id_arbitro, id_partida, funcao, escala_confirmada, observacoes) VALUES (139, 1, 105, 'principal', TRUE, 'arbitro principal');
INSERT INTO Arbitro_Partida (id_arbitro_partida, id_arbitro, id_partida, funcao, escala_confirmada, observacoes) VALUES (140, 11, 105, 'auxiliar', TRUE, 'arbitro auxiliar');
INSERT INTO Arbitro_Partida (id_arbitro_partida, id_arbitro, id_partida, funcao, escala_confirmada, observacoes) VALUES (141, 2, 106, 'principal', TRUE, 'arbitro principal');
INSERT INTO Arbitro_Partida (id_arbitro_partida, id_arbitro, id_partida, funcao, escala_confirmada, observacoes) VALUES (142, 3, 107, 'principal', TRUE, 'arbitro principal');
INSERT INTO Arbitro_Partida (id_arbitro_partida, id_arbitro, id_partida, funcao, escala_confirmada, observacoes) VALUES (143, 4, 108, 'principal', TRUE, 'arbitro principal');
INSERT INTO Arbitro_Partida (id_arbitro_partida, id_arbitro, id_partida, funcao, escala_confirmada, observacoes) VALUES (144, 14, 108, 'auxiliar', TRUE, 'arbitro auxiliar');
INSERT INTO Arbitro_Partida (id_arbitro_partida, id_arbitro, id_partida, funcao, escala_confirmada, observacoes) VALUES (145, 5, 109, 'principal', TRUE, 'arbitro principal');
INSERT INTO Arbitro_Partida (id_arbitro_partida, id_arbitro, id_partida, funcao, escala_confirmada, observacoes) VALUES (146, 6, 110, 'principal', TRUE, 'arbitro principal');
INSERT INTO Arbitro_Partida (id_arbitro_partida, id_arbitro, id_partida, funcao, escala_confirmada, observacoes) VALUES (147, 7, 111, 'principal', TRUE, 'arbitro principal');
INSERT INTO Arbitro_Partida (id_arbitro_partida, id_arbitro, id_partida, funcao, escala_confirmada, observacoes) VALUES (148, 11, 111, 'auxiliar', TRUE, 'arbitro auxiliar');
INSERT INTO Arbitro_Partida (id_arbitro_partida, id_arbitro, id_partida, funcao, escala_confirmada, observacoes) VALUES (149, 8, 112, 'principal', TRUE, 'arbitro principal');
INSERT INTO Arbitro_Partida (id_arbitro_partida, id_arbitro, id_partida, funcao, escala_confirmada, observacoes) VALUES (150, 1, 113, 'principal', TRUE, 'arbitro principal');
INSERT INTO Arbitro_Partida (id_arbitro_partida, id_arbitro, id_partida, funcao, escala_confirmada, observacoes) VALUES (151, 2, 114, 'principal', TRUE, 'arbitro principal');
INSERT INTO Arbitro_Partida (id_arbitro_partida, id_arbitro, id_partida, funcao, escala_confirmada, observacoes) VALUES (152, 14, 114, 'auxiliar', TRUE, 'arbitro auxiliar');
INSERT INTO Arbitro_Partida (id_arbitro_partida, id_arbitro, id_partida, funcao, escala_confirmada, observacoes) VALUES (153, 3, 115, 'principal', TRUE, 'arbitro principal');
INSERT INTO Arbitro_Partida (id_arbitro_partida, id_arbitro, id_partida, funcao, escala_confirmada, observacoes) VALUES (154, 4, 116, 'principal', TRUE, 'arbitro principal');
INSERT INTO Arbitro_Partida (id_arbitro_partida, id_arbitro, id_partida, funcao, escala_confirmada, observacoes) VALUES (155, 5, 117, 'principal', TRUE, 'arbitro principal');
INSERT INTO Arbitro_Partida (id_arbitro_partida, id_arbitro, id_partida, funcao, escala_confirmada, observacoes) VALUES (156, 11, 117, 'auxiliar', TRUE, 'arbitro auxiliar');
INSERT INTO Arbitro_Partida (id_arbitro_partida, id_arbitro, id_partida, funcao, escala_confirmada, observacoes) VALUES (157, 6, 118, 'principal', TRUE, 'arbitro principal');
INSERT INTO Arbitro_Partida (id_arbitro_partida, id_arbitro, id_partida, funcao, escala_confirmada, observacoes) VALUES (158, 7, 119, 'principal', TRUE, 'arbitro principal');
INSERT INTO Arbitro_Partida (id_arbitro_partida, id_arbitro, id_partida, funcao, escala_confirmada, observacoes) VALUES (159, 8, 120, 'principal', TRUE, 'arbitro principal');
INSERT INTO Arbitro_Partida (id_arbitro_partida, id_arbitro, id_partida, funcao, escala_confirmada, observacoes) VALUES (160, 14, 120, 'auxiliar', TRUE, 'arbitro auxiliar');
INSERT INTO Arbitro_Partida (id_arbitro_partida, id_arbitro, id_partida, funcao, escala_confirmada, observacoes) VALUES (161, 1, 121, 'principal', TRUE, 'arbitro principal');
INSERT INTO Arbitro_Partida (id_arbitro_partida, id_arbitro, id_partida, funcao, escala_confirmada, observacoes) VALUES (162, 2, 122, 'principal', TRUE, 'arbitro principal');
INSERT INTO Arbitro_Partida (id_arbitro_partida, id_arbitro, id_partida, funcao, escala_confirmada, observacoes) VALUES (163, 3, 123, 'principal', TRUE, 'arbitro principal');
INSERT INTO Arbitro_Partida (id_arbitro_partida, id_arbitro, id_partida, funcao, escala_confirmada, observacoes) VALUES (164, 11, 123, 'auxiliar', TRUE, 'arbitro auxiliar');
INSERT INTO Arbitro_Partida (id_arbitro_partida, id_arbitro, id_partida, funcao, escala_confirmada, observacoes) VALUES (165, 4, 124, 'principal', TRUE, 'arbitro principal');
INSERT INTO Arbitro_Partida (id_arbitro_partida, id_arbitro, id_partida, funcao, escala_confirmada, observacoes) VALUES (166, 1, 125, 'principal', TRUE, 'arbitro principal');
INSERT INTO Arbitro_Partida (id_arbitro_partida, id_arbitro, id_partida, funcao, escala_confirmada, observacoes) VALUES (167, 2, 126, 'principal', TRUE, 'arbitro principal');
INSERT INTO Arbitro_Partida (id_arbitro_partida, id_arbitro, id_partida, funcao, escala_confirmada, observacoes) VALUES (168, 14, 126, 'auxiliar', TRUE, 'arbitro auxiliar');
INSERT INTO Arbitro_Partida (id_arbitro_partida, id_arbitro, id_partida, funcao, escala_confirmada, observacoes) VALUES (169, 3, 127, 'principal', TRUE, 'arbitro principal');
INSERT INTO Arbitro_Partida (id_arbitro_partida, id_arbitro, id_partida, funcao, escala_confirmada, observacoes) VALUES (170, 4, 128, 'principal', TRUE, 'arbitro principal');
INSERT INTO Arbitro_Partida (id_arbitro_partida, id_arbitro, id_partida, funcao, escala_confirmada, observacoes) VALUES (171, 1, 129, 'principal', TRUE, 'arbitro principal');
INSERT INTO Arbitro_Partida (id_arbitro_partida, id_arbitro, id_partida, funcao, escala_confirmada, observacoes) VALUES (172, 11, 129, 'auxiliar', TRUE, 'arbitro auxiliar');
INSERT INTO Arbitro_Partida (id_arbitro_partida, id_arbitro, id_partida, funcao, escala_confirmada, observacoes) VALUES (173, 2, 130, 'principal', TRUE, 'arbitro principal');
INSERT INTO Arbitro_Partida (id_arbitro_partida, id_arbitro, id_partida, funcao, escala_confirmada, observacoes) VALUES (174, 3, 131, 'principal', TRUE, 'arbitro principal');
INSERT INTO Arbitro_Partida (id_arbitro_partida, id_arbitro, id_partida, funcao, escala_confirmada, observacoes) VALUES (175, 4, 132, 'principal', TRUE, 'arbitro principal');
INSERT INTO Arbitro_Partida (id_arbitro_partida, id_arbitro, id_partida, funcao, escala_confirmada, observacoes) VALUES (176, 14, 132, 'auxiliar', TRUE, 'arbitro auxiliar');
INSERT INTO Arbitro_Partida (id_arbitro_partida, id_arbitro, id_partida, funcao, escala_confirmada, observacoes) VALUES (177, 1, 133, 'principal', TRUE, 'arbitro principal');
INSERT INTO Arbitro_Partida (id_arbitro_partida, id_arbitro, id_partida, funcao, escala_confirmada, observacoes) VALUES (178, 2, 134, 'principal', TRUE, 'arbitro principal');
INSERT INTO Arbitro_Partida (id_arbitro_partida, id_arbitro, id_partida, funcao, escala_confirmada, observacoes) VALUES (179, 3, 135, 'principal', TRUE, 'arbitro principal');
INSERT INTO Arbitro_Partida (id_arbitro_partida, id_arbitro, id_partida, funcao, escala_confirmada, observacoes) VALUES (180, 11, 135, 'auxiliar', TRUE, 'arbitro auxiliar');
INSERT INTO Arbitro_Partida (id_arbitro_partida, id_arbitro, id_partida, funcao, escala_confirmada, observacoes) VALUES (181, 4, 136, 'principal', TRUE, 'arbitro principal');

-- Conferencia da quantidade de registros por tabela
SELECT 'Modalidade' AS tabela, COUNT(*) AS quantidade FROM Modalidade
UNION ALL SELECT 'Categoria', COUNT(*) FROM Categoria
UNION ALL SELECT 'Genero', COUNT(*) FROM Genero
UNION ALL SELECT 'Temporada', COUNT(*) FROM Temporada
UNION ALL SELECT 'Campeonato', COUNT(*) FROM Campeonato
UNION ALL SELECT 'Equipe', COUNT(*) FROM Equipe
UNION ALL SELECT 'Estadio', COUNT(*) FROM Estadio
UNION ALL SELECT 'Equipe_Campeonato', COUNT(*) FROM Equipe_Campeonato
UNION ALL SELECT 'Atleta', COUNT(*) FROM Atleta
UNION ALL SELECT 'Atleta_Equipe', COUNT(*) FROM Atleta_Equipe
UNION ALL SELECT 'Partida', COUNT(*) FROM Partida
UNION ALL SELECT 'Resultado_Partida', COUNT(*) FROM Resultado_Partida
UNION ALL SELECT 'Evento_Partida', COUNT(*) FROM Evento_Partida
UNION ALL SELECT 'Pontuacoes_Atletas', COUNT(*) FROM Pontuacoes_Atletas
UNION ALL SELECT 'Arbitro', COUNT(*) FROM Arbitro
UNION ALL SELECT 'Arbitro_Partida', COUNT(*) FROM Arbitro_Partida;
